datetime,open,high,low,close,volume,ret,log_return,ma_5,ma_20,ma_60,ma_cross,momentum_12,macd,macd_signal,macd_hist,atr_14,bb_width_20,bb_pos_20,volatility_20,rsi_14,volume_ma_20,rel_volume_20,price_position_20,future_4h_ret,future_24h_ret
2025-03-27 16:00:00,2005.51,2015.03,1993.6,2004.0,11497.329466,0.0,0.0,0.0,0.0,0.0,0,0.0,0.0,0.0,0.0,21.430000000000064,0.0,0.0,0.0,0.0,0.0,0.0,0.0,-9.48103792415278e-05,-0.0658278407560766
2025-03-27 20:00:00,2004.28,2019.99,1999.59,2003.81,7114.24781,-9.48103792415278e-05,-9.481487402963772e-05,0.0,0.0,0.0,0,0.0,-0.0151566951567474,-0.0030313390313494,-0.0121253561253979,21.35642857142864,0.0,0.0,0.0,0.0,0.0,0.0,0.0,-0.0019063683682584,-0.0535086263898972
2025-03-28 00:00:00,2003.81,2015.97,1991.48,1999.99,11577.496924,-0.0019063683682584,-0.0019081878011434,0.0,0.0,0.0,0,0.0,-0.331588217628223,-0.0687427147507242,-0.2628455028774988,21.58025510204088,0.0,0.0,0.0,0.0,0.0,0.0,0.0,-0.0451552257761288,-0.0500893668180204
2025-03-28 04:00:00,1999.99,2004.75,1901.5,1909.68,74670.251162,-0.0451552257761288,-0.0462064917921932,0.0,0.0,0.0,0,0.0,-7.779942393722877,-1.6109826505451548,-6.168959743177722,27.41380830903796,0.0,0.0,0.0,0.0,0.0,0.0,0.0,-0.0048070880985295,-0.0151662585217589
2025-03-28 08:00:00,1909.68,1924.71,1858.47,1900.5,50935.37928,-0.0048070880985295,-0.0048186793080856,1963.596,0.0,0.0,0,0.0,-14.259194897571888,-4.140625099950502,-10.118569797621388,30.18710771553525,0.0,0.0,0.0,0.0,0.0,0.0,0.0,-0.0149486977111287,-0.0294289724929358
2025-03-28 12:00:00,1900.49,1904.21,1871.4,1872.09,45284.217293,-0.0149486977111287,-0.0150615556243474,1937.214,0.0,0.0,0,0.0,-21.43935916813666,-7.600371913587734,-13.838987254548927,30.374457164425586,0.0,0.0,0.0,0.0,0.0,0.0,0.0,0.0010843495772103,-0.0168656157771449
2025-03-28 16:00:00,1872.19,1887.42,1861.86,1874.12,17465.76888,0.0010843495772103,0.00108376209486,1911.2760000000003,0.0,0.0,0,0.0,-26.658583492161824,-11.412014229302551,-15.246569262859271,30.03056736696663,0.0,0.0,0.0,0.0,0.0,0.0,0.0,0.0122244039869379,-0.024807915577157
2025-03-28 20:00:00,1874.29,1902.56,1873.68,1897.03,12538.027916,0.0122244039869379,0.0121502893540097,1890.684,0.0,0.0,0,0.0,-28.61633948970666,-14.852879281383377,-13.763460208323284,29.948383983611865,0.0,0.0,0.0,0.0,0.0,0.0,0.0,0.0015128912036184,-0.0366492993953471
2025-03-29 00:00:00,1897.03,1913.68,1886.15,1899.9,11436.369248,0.0015128912036184,0.0015117479366685,1888.728,0.0,0.0,0,0.0,-29.59513590385496,-17.801330605877695,-11.793805297977258,29.77564227049673,0.0,0.0,0.0,0.0,0.0,0.0,0.0,-0.0102321174798674,-0.0347272681582016
2025-03-29 04:00:00,1899.9,1905.17,1875.67,1880.46,13087.246286,-0.0102321174798674,-0.010284825444913,1884.72,0.0,0.0,0,0.0,-31.575501916035137,-20.556164867909185,-11.019337048125951,29.75595353688982,0.0,0.0,0.0,0.0,0.0,0.0,0.0,-0.0190698020697064,-0.0228326266943817
2025-03-29 08:00:00,1880.45,1887.63,1833.05,1844.6,36052.141159,-0.0190698020697064,-0.0192539759439628,1879.222,0.0,0.0,0,0.0,-35.62786272995413,-23.57050444031817,-12.057358289635951,31.52909971282628,0.0,0.0,0.0,0.0,0.0,0.0,0.0,-0.0023853409953377,-0.0062170994708069
2025-03-29 12:00:00,1844.61,1863.62,1833.66,1840.2,20415.494502,-0.0023853409953377,-0.0023881904533576,1872.438,0.0,0.0,0,0.0,-38.74777091487658,-26.60595773522986,-12.14181317964672,31.4170211619101,0.0,0.0,0.0,0.0,0.0,0.0,0.0,-0.0068579502228018,-0.0143221845296943
2025-03-29 16:00:00,1840.2,1848.29,1796.59,1827.58,40647.838442,-0.0068579502228018,-0.0068815740326582,1858.548,0.0,0.0,0,-0.0880339321357286,-41.75729703223897,-29.63622559463168,-12.121071437607284,32.86580536463081,0.0,0.0,0.0,0.0,0.0,0.0,0.0,0.0003830201687478,-0.0071224237030455
2025-03-29 20:00:00,1827.78,1830.56,1811.76,1828.28,12191.321014,0.0003830201687478,0.0003829468352478,1844.224,0.0,0.0,0,-0.0875981255707876,-43.58348077624351,-32.425676630954044,-11.15780414528946,31.86110498144289,0.0,0.0,0.0,0.0,0.0,0.0,0.0,0.0034349224407639,-0.0111207848215918
2025-03-30 00:00:00,1828.28,1845.0,1812.45,1834.56,13563.074147,0.0034349224407639,0.0034290365691674,1835.044,0.0,0.0,0,-0.0827154135770679,-44.01660501127572,-34.74386230701838,-9.272742704257332,31.91031176848268,0.0,0.0,0.0,16.86397530327139,0.0,0.0,0.0,0.0016625239839525,-0.0197163052943592
2025-03-30 04:00:00,1834.31,1846.67,1832.47,1837.61,7380.499684,0.0016625239839525,0.0016611435207775,1833.646,0.0,0.0,0,-0.0377393071090444,-43.61102878503311,-36.51729560262133,-7.093733182411782,30.645289499305346,0.0,0.0,0.0,18.776113121951525,0.0,0.0,0.0,-0.0024542748461316,-0.0212287125208337
2025-03-30 08:00:00,1837.61,1849.22,1826.0,1833.1,11475.615611,-0.0024542748461316,-0.0024572915154764,1832.226,0.0,0.0,0,-0.0354643514864509,-43.15604993216448,-37.84504646852996,-5.3110034636345205,30.1149116779264,0.0,0.0,0.0,18.112714058544825,0.0,0.0,0.0,-0.0104904260542251,-0.0106971447074505
2025-03-30 12:00:00,1833.1,1840.0,1788.33,1813.87,27758.412146,-0.0104904260542251,-0.0105458384473906,1829.484,0.0,0.0,0,-0.0310989322094558,-43.84179527613173,-39.04439623005032,-4.797399046081416,31.6545608437888,0.0,0.0,0.0,15.584321589254344,0.0,0.0,0.0,0.000341810603847,0.0157301954308153
2025-03-30 16:00:00,1813.86,1834.86,1785.31,1814.49,23249.903517,0.000341810603847,0.0003417521999109,1826.726,0.0,0.0,0,-0.031817599726805,-43.82997985871452,-40.00151295578316,-3.828466902931361,32.93280649780388,0.0,0.0,0.0,15.991496765213896,0.0,0.0,0.0,-0.0036153409497985,0.0075937802565944
2025-03-30 20:00:00,1814.49,1822.08,1767.06,1807.93,24085.275091,-0.0036153409497985,-0.0036218920893919,1821.4,1876.19,0.0,0,-0.046968155485153,-43.844540658644064,-40.770118496355344,-3.07442216228872,34.51046317653218,0.1306234939770669,0.2214724424459407,0.0,15.158376496172592,23621.2954789,1.0196424286938224,0.05,-0.0051605980320035,0.0081729165169612
2025-03-31 00:00:00,1807.94,1823.67,1776.7,1798.6,24718.683106,-0.0051605980320035,-0.0051739599080323,1813.598,1865.92,0.0,0,-0.053318595715564,-44.1005693120519,-41.43620865949466,-2.6643606525572423,35.40043009249417,0.1199831524010523,0.1993018063021835,0.0116219170888286,14.038185564406833,24282.3631609,1.017968594827812,0.05,0.000150116757478,0.0202475121016288
2025-03-31 04:00:00,1798.64,1813.9,1789.3,1798.87,15045.181673,0.000150116757478,0.000150105491085,1806.752,1855.673,0.0,0,-0.0433883198791785,-43.77705250988356,-41.90437742957244,-1.8726750803111187,34.62897080017317,0.1034151500873025,0.2040041256683505,0.0116278477797997,14.235706294486462,24678.90985405,0.6096372069097277,0.1,0.0080772929672516,0.030549768381606
2025-03-31 08:00:00,1798.81,1819.82,1777.75,1813.4,25984.180216,0.0080772929672516,0.0080448462404555,1806.658,1846.3435,0.0,0,-0.0169142361487584,-41.86561282146226,-41.896624507950406,0.0310116864881422,35.16047288587509,0.076982095360052,0.2682245098906979,0.0119905013107761,24.31445433335945,25399.244018650003,1.0230296695807362,0.2,0.0159369140840408,0.0268625798815822
2025-03-31 12:00:00,1813.4,1854.75,1794.92,1842.3,45232.92771,0.0159369140840408,0.0158112547915073,1812.22,1842.9745,0.0,0,0.0011411803064884,-37.585532007782376,-41.0344060079168,3.448874000134424,36.92258196545544,0.0703809000368913,0.494799946504489,0.0084242748996933,39.53474295896319,23927.37784605,1.890425603717676,0.65,-0.0077946045703739,0.0410978712842756
2025-03-31 16:00:00,1842.4,1847.49,1817.2,1827.94,17761.718393,-0.0077946045703739,-0.0078251412851579,1816.222,1839.3465,0.0,0,0.0001969818010703,-34.94939425338589,-39.81740365701062,4.868009403624733,36.44882611078004,0.0646663224098853,0.4041017479410141,0.008507214236796,35.69375088851324,22268.6948017,0.7976093143835293,0.4,-0.0030362046894317,0.0445192676190486
2025-03-31 20:00:00,1827.63,1834.9,1816.25,1822.39,11309.765097,-0.0030362046894317,-0.0030408233099773,1820.98,1836.8615,0.0,0,-0.0032216071936463,-32.928495508449714,-38.43962202729844,5.511126518848727,35.17748138858147,0.063069309318772,0.3750837142818565,0.0079447022815128,34.3064720034407,20569.9721919,0.5498191728938523,0.35,0.0069139975526641,0.0449797044207672
2025-04-01 00:00:00,1822.4,1843.08,1818.0,1834.99,17852.185494,0.0069139975526641,0.0068902054742128,1828.204,1834.905,0.0,0,0.0002343886272457,-29.96478856573981,-36.74465533498672,6.779866769246908,34.456232717968504,0.0603242786589725,0.5007679150941657,0.0081418384090317,40.0072317126257,20589.293022600003,0.8670616069432013,0.65,0.0104523730374552,0.0228703720196104
2025-04-01 04:00:00,1835.0,1867.72,1832.07,1854.17,22696.929976,0.0104523730374552,0.0103981246750381,1836.358,1832.762,0.0,1,0.0090117054217162,-25.77128838480462,-34.549981944950304,8.778693560145683,34.54150180954219,0.0528663374494262,0.7209483692872445,0.0079984696194381,47.47873615598255,21097.2381256,1.075824704678234,0.9,0.0043901044672278,0.0064859220623581
2025-04-01 08:00:00,1854.11,1892.81,1853.74,1862.31,32247.287469,0.0043901044672278,0.0043804960695936,1840.36,1830.8825,0.0,1,0.0159347553324968,-21.542747919573003,-31.94853513987485,10.405787220301844,34.86496596600346,0.0437762329696217,0.8921127593759265,0.008073678294537,50.30727689619235,22137.78403665,1.4566628446466596,0.95,0.0301722054867341,0.0040742531833798
2025-04-01 12:00:00,1862.31,1928.41,1842.33,1918.5,53219.745548,0.0301722054867341,0.0297259780598343,1858.472,1832.7845,0.0,1,0.0576832959363129,-13.5018943024304,-28.25920697238596,14.757312669955557,38.52318268271751,0.056018567214277,1.3348644392051403,0.0103637487583322,64.51422689880172,24144.40899975,2.2042264753115743,1.0,-0.0043732082356008,-0.008846239974587
2025-04-01 16:00:00,1918.57,1924.22,1901.39,1910.11,19323.53696,-0.0043732082356008,-0.0043827986816288,1876.016,1836.06,0.0,1,0.0526980032956918,-7.71750022287506,-24.15086562248377,16.433365399608718,37.4022410625234,0.0667965140974108,1.1037878854842829,0.0093315231669545,61.67871805219197,23307.9787898,0.8290524517062087,0.95,-0.0025757678877131,0.0011712471820253
2025-04-01 20:00:00,1910.02,1923.19,1897.14,1905.19,14966.981,-0.0025757678877131,-0.0025790908852255,1890.056,1839.3095,0.0,1,0.0537963306101452,-3.490097451452812,-20.018711988277587,16.528614536824776,36.59136670091458,0.0743109798079304,0.9820022715871308,0.0093361008667052,60.01297320677822,23035.5531147,0.6497339536617817,0.9,-0.0151953348484927,-0.0571755854522908
2025-04-02 00:00:00,1905.2,1908.73,1872.28,1876.24,17021.838804,-0.0151953348484927,-0.0153119669668308,1894.47,1841.7425,0.0,1,0.043166907594796,-2.447658272116769,-16.50450124504542,14.056842972928653,36.58126907942069,0.0759528497967229,0.7466122467531063,0.009910465200845,51.24338676364845,21854.2531328,0.7788799141551418,0.85,-0.0059320769197971,-0.0255707368735024
2025-04-02 04:00:00,1876.24,1883.2,1851.86,1865.11,19933.719509,-0.0059320769197971,-0.0059497415814865,1895.03,1843.584,0.0,1,0.0368231167343944,-2.490902125661023,-13.701781421168542,11.21087929550752,36.20689271660494,0.0763362200581021,0.6529571399562817,0.0100429794569307,48.31996255739048,22241.37305755,0.8962450050822446,0.8,0.0019784355882495,-0.0247132999063566
2025-04-02 08:00:00,1865.11,1888.36,1862.59,1868.8,16480.771756,0.0019784355882495,0.0019764810620726,1885.09,1845.296,0.0,1,0.0305503474136978,-2.2020373143282086,-11.401832599800477,9.199795285472268,35.461400379704585,0.0770252771062564,0.665364571063467,0.0100300113882019,49.35161986459185,22387.257938,0.736167502140833,0.8,0.0172517123287672,-0.037790606329087
2025-04-02 12:00:00,1868.7,1919.55,1854.1,1901.04,48040.678664,0.0172517123287672,0.017104591190226,1883.2760000000003,1848.4675,0.0,1,0.0318840579710144,0.6212275642299119,-8.997220566994399,9.61844813122431,37.60344320972569,0.0811120813993306,0.8506398441767563,0.0106716795330426,57.36059779124139,24420.266887,1.9672462584581416,0.85,0.0056442789210116,-0.0622553968877256
2025-04-02 16:00:00,1901.03,1916.49,1882.46,1911.77,20885.640411,0.0056442789210116,0.0056284096644137,1884.592,1852.401,0.0,1,0.0458603674081206,3.6820621264707833,-6.461364028301363,10.143426154772143,37.34819726617385,0.0857805401822235,0.8736250191160236,0.0106573182742605,59.64761841305342,24890.768127,0.8390918393693332,0.95,-0.0609226005220293,-0.0652796129721126
2025-04-02 20:00:00,1911.79,1957.14,1781.71,1795.3,106527.188574,-0.0609226005220293,-0.0628573756117645,1868.404,1851.4725000000003,0.0,1,-0.0148650947382285,-3.252863069795921,-5.819663836600275,2.566800766804353,47.21118317573286,0.0881822419675305,0.1559469986021047,0.0175467448467817,36.66141540144643,28829.2069484,3.69511338846982,0.05,0.0164095137302957,0.0123574978936638
2025-04-03 00:00:00,1795.01,1835.02,1789.11,1824.76,27371.546135,0.0164095137302957,0.0162763326427097,1860.334,1851.986,0.0,1,-0.0055749622613747,-6.299053886588354,-5.915541846597891,-0.383512039990463,47.11824152032338,0.0872810902744051,0.3315674676479451,0.0179441346276352,42.678611712833096,29035.2890793,0.9426992808731454,0.35,-0.0050746399526513,-0.017183984971551
2025-04-03 04:00:00,1824.75,1845.49,1807.04,1815.5,27853.257754,-0.0050746399526513,-0.0050875596651024,1849.674,1852.3645,0.0,0,-0.0208556928436982,-9.352575992205402,-6.602948675719393,-2.749627316486009,46.49908141172886,0.0864410492583482,0.2697700237544997,0.0179644417311029,41.34891417837038,29223.68821245,0.953105492760282,0.25,-0.0110988708344809,0.0017271820741469
2025-04-03 08:00:00,1815.38,1824.22,1787.3,1795.35,27184.320346,-0.0110988708344809,-0.0111609228669013,1828.536,1852.202,0.0,0,-0.0359553457802407,-13.245761961082508,-7.931511332792017,-5.314250628290491,45.81486131089109,0.0869321543066163,0.146916879363518,0.0181090762155676,38.53538738114679,29346.970074450004,0.9263075635077964,0.1,-0.0072130782298714,-0.0057614303824403
2025-04-03 12:00:00,1795.34,1800.62,1748.12,1782.4,63212.341096,-0.0072130782298714,-0.0072392182545241,1802.662,1851.3785,0.0,0,-0.0709408391972895,-17.178078467056594,-9.780824759644933,-7.397253707411661,46.29237121725601,0.0896331190616767,0.0843287181646413,0.018182033862322,36.80222054094941,31755.3280456,1.9906058285787,0.05,0.0026200628366246,0.0075219353873671
2025-04-03 16:00:00,1782.5,1799.0,1767.24,1787.07,16940.255966,0.0026200628366246,0.0026166364555748,1801.016,1850.062,0.0,0,-0.0644151383951709,-19.69065603194167,-11.76279101410428,-7.927865017837391,45.25434470173772,0.0930963054234379,0.1342648777840536,0.0180904236249457,37.88713132281981,31303.1318331,0.541168086833003,0.1,0.0167145103437471,0.0137545854699091
2025-04-03 20:00:00,1787.19,1821.89,1779.71,1816.94,12978.462287,0.0167145103437471,0.0165763601984592,1799.452,1848.794,0.0,0,-0.0463208393913467,-19.05201274480646,-13.220635360244716,-5.831377384561744,45.0347486516136,0.0944137597571552,0.3175095424025159,0.0181285680370229,44.45521289914098,29690.408561950004,0.437126429564619,0.3,-0.0131319691349192,0.0004805054284559
2025-04-04 00:00:00,1817.2,1823.44,1771.24,1793.08,19003.692972,-0.0131319691349192,-0.0132189558184893,1794.968,1847.051,0.0,0,-0.0443226879290495,-20.237896064061943,-14.624087501008164,-5.613808563053778,45.5465523193555,0.097685435354175,0.2008756544560059,0.0182797392089109,40.74850369419892,29752.5072909,0.6387257647294958,0.15,0.0138365270930467,0.0098206141302556
2025-04-04 04:00:00,1793.09,1821.88,1784.0,1817.89,13449.390607,0.0138365270930467,0.0137416762877445,1799.476,1846.826,0.0,0,-0.0253175415927209,-18.95723033340392,-15.490716067487314,-3.466514265916599,44.99894143940154,0.097986428535426,0.3401006909126268,0.0185583466380166,45.80837002813171,29859.4885664,0.4504226714095231,0.4,-0.0185874832910682,-0.0022315403106499
2025-04-04 08:00:00,1817.9,1835.72,1758.98,1784.1,36410.412193,-0.0185874832910682,-0.0187624014755965,1799.816,1844.2815,0.0,0,-0.0453232020547945,-20.43332150928813,-16.47923715584748,-3.954084353440656,47.26615990801572,0.1024199659352444,0.1813960386827195,0.0189337016976465,40.70942008289263,30787.39990135,1.182640051114009,0.1,0.0060702875399361,0.0131023681840423
2025-04-04 12:00:00,1784.0,1821.06,1769.3,1794.93,55873.767221,0.0060702875399361,0.0060519375668257,1801.388,1841.3195,0.0,0,-0.0558168160585783,-20.49301321108601,-17.281992366895185,-3.2110208441908235,47.5871484860146,0.1050420777090124,0.2601568962101817,0.0188163659068188,42.90310062344287,32446.241763600003,1.7220412653055646,0.25,0.0088527129191666,-0.0070094908168698
2025-04-04 16:00:00,1795.3,1828.96,1783.25,1810.82,50222.810377,0.0088527129191666,0.0088137573953849,1800.164,1838.745,0.0,0,-0.0528044691568546,-19.038663254248604,-17.63332654436587,-1.4053367098827323,47.45306645129927,0.1055899787109727,0.3561701674997556,0.0189154740102248,46.05669175744435,33345.017909,1.5061563473757975,0.4,0.0034404303022939,-0.015761199869833
2025-04-04 20:00:00,1810.82,1828.12,1807.66,1817.05,52936.351282,0.0034404303022939,0.0034345255613188,1804.958,1833.6725,0.0,0,0.0121149668579068,-17.18527040197705,-17.543715315888107,0.3584449139110575,45.52499027620645,0.0984232232251928,0.407896319246038,0.0174690913149535,47.28601901066758,33330.8481957,1.588208945994639,0.55,-0.0037918604331195,-0.0059714599978007
2025-04-05 00:00:00,1817.01,1827.42,1809.45,1810.16,8403.348472,-0.0037918604331195,-0.003799067761115,1803.4120000000005,1828.675,0.0,0,-0.008001052193165,-16.08696807724027,-17.25236586815854,1.16539779091827,43.556776685048845,0.0914065587473964,0.3892331437943234,0.0174664065021012,46.03648537499603,32784.8387713,0.2563181271263817,0.4,0.0017843726521411,5.201179161790255e-05
2025-04-05 04:00:00,1810.08,1815.92,1803.62,1813.39,6883.146291,0.0017843726521411,0.0017827825505351,1809.27,1824.085,0.0,0,-0.0011622142660423,-14.785483713674466,-16.75898943726173,1.9735057235872624,41.32414977897394,0.083333539007898,0.4296416103166822,0.0174930645121177,46.74692612439195,32380.64703585,0.2125697575894445,0.5,-0.0032535747963758,-0.0083073097527271
2025-04-05 08:00:00,1813.4,1822.4,1806.71,1807.49,8875.831453,-0.0032535747963758,-0.00325887917945,1811.782,1820.6475000000005,0.0,0,0.0067619127189684,-14.067961962007075,-16.220783942210797,2.152821980203722,39.49313908047581,0.0795214563018582,0.4091210742524397,0.0172322223435686,45.5668479009141,31973.3466683,0.2776009513511437,0.4,-0.0140415714609762,-0.0098368272811566
2025-04-05 12:00:00,1807.49,1809.26,1778.22,1782.11,21251.547524,-0.0140415714609762,-0.0141410869934602,1806.04,1816.4975,0.0,0,-0.0001627019748654,-15.370097775236218,-16.050646708815883,0.6805489335796651,38.88934343187039,0.0784209627363474,0.258602021304489,0.017430808936057,40.79596027661008,32039.238069050003,0.6632975315517586,0.05,0.0001010038662034,-0.0124097634763781
2025-04-05 16:00:00,1782.11,1795.6,1779.96,1782.29,5734.964828,0.0001010038662034,0.0001009987656564,1799.0880000000002,1812.172,0.0,0,-0.0026747693151358,-16.200772867934347,-16.080671940639576,-0.1201009272947715,37.22867604387963,0.0755429660872928,0.2817188602251664,0.0174125894735213,40.84326668258823,31501.94772265,0.1820511188226162,0.1,0.0132301701743262,-0.0883488506195595
2025-04-05 20:00:00,1782.2,1810.1,1763.82,1805.87,14422.717895,0.0132301701743262,0.0131434158184434,1798.23,1807.4135,0.0,0,-0.0060926612876595,-14.785936853747216,-15.821724923261105,1.035788069513888,37.87519918360251,0.0608408534914201,0.4859636621112458,0.0171978007088656,46.83621441486879,29821.0496842,0.4836421939446869,0.5,0.0022316113562992,-0.1295088211898961
2025-04-06 00:00:00,1806.06,1817.16,1802.0,1809.9,10296.065154,0.0022316113562992,0.0022291250100284,1797.532,1802.32,0.0,0,0.0093805072835568,-13.187464912674386,-15.29487292114376,2.107408008469374,36.25268495620234,0.0302366746941189,0.6390923600552688,0.017130368838595,47.80935349025989,29291.57092135,0.3515026620335824,0.6,-0.006574948892204,-0.1551463029915394
2025-04-06 04:00:00,1809.9,1813.5,1790.42,1798.0,7888.723493,-0.006574948892204,-0.0065966590832601,1795.634,1802.455,0.0,0,-0.0109412560715995,-12.734104105136794,-14.782719157942369,2.048615052805573,35.31177888790217,0.0301079785918141,0.4179078407682067,0.0103648653072572,45.179525875500886,24359.647667300003,0.3238439077913961,0.45,-0.0047830923248053,-0.2025874183563633
2025-04-06 08:00:00,1798.0,1798.35,1782.51,1789.4,9648.084022,-0.0047830923248053,-0.0047945679180699,1797.092,1800.6870000000004,0.0,0,0.0029706854996918,-12.919828781793967,-14.410141082712688,1.4903123009187205,33.920937538766296,0.0284982112723596,0.2800506443477039,0.0096727372120485,43.32476961487703,23473.47456165,0.4110207032478541,0.3,-0.0166145076561976,-0.1823155249414532
2025-04-06 12:00:00,1789.39,1792.3,1737.73,1759.67,33663.917491,-0.0166145076561976,-0.0167540766616207,1792.568,1797.8955,1842.15,0,-0.0196442201088621,-15.289728983940904,-14.586058662958331,-0.7036703209825728,35.395870571711555,0.0337368289166651,-0.1302088107478226,0.0102591737741949,37.58102709365234,23764.0075485,1.41659261058116,0.05,-0.075838083276978,-0.1162886655459113
2025-04-06 16:00:00,1759.61,1759.99,1602.01,1626.22,152997.063395,-0.075838083276978,-0.0788679881435079,1756.638,1789.439,1835.8536666666664,0,-0.101942766260589,-27.617830521418227,-17.19241303465031,-10.425417486767916,44.1518798165893,0.0902957090984449,-0.5101519382085353,0.0194974512805477,22.90317009838317,30054.64470095,5.090629582127913,0.05,-0.0279298003960104,-0.047563561045655
2025-04-06 20:00:00,1626.19,1631.33,1536.0,1580.8,133524.536755,-0.0279298003960104,-0.0283272553147636,1710.818,1779.359,1828.8035,0,-0.1300184364767067,-40.585114284155,-21.87095328455125,-18.71416099960375,47.80745982969006,0.1368173257087899,-0.3156144291428405,0.0201739090452754,20.035048037144307,33570.2544839,3.977465729937711,0.05,-0.0234058704453441,-0.0146118870248354
2025-04-07 00:00:00,1580.87,1614.61,1520.33,1543.8,130498.82908,-0.0234058704453441,-0.0236841384778499,1659.9779999999998,1767.1955000000005,1821.2003333333328,0,-0.1471472135059884,-53.2337256163944,-28.14350775091988,-25.090217865474514,51.1269269847122,0.1800512388602877,-0.2020914911007312,0.0204409529782403,18.051862584946065,39248.1831396,3.3249648427249463,0.05,-0.0540160642570279,0.029103062622054
2025-04-07 04:00:00,1543.91,1561.48,1411.13,1460.41,186095.170241,-0.0540160642570279,-0.0555296913186573,1594.18,1749.369,1813.7125,0,-0.1946520053601266,-69.18914787821859,-36.35263577637962,-32.83651210183897,58.21428934294703,0.2353246377188373,-0.2019196502162982,0.0221535891135251,14.55497717043444,47904.018537300006,3.8847507145167537,0.05,0.0154888010901048,0.0745109503735978
2025-04-07 08:00:00,1460.4,1521.14,1455.77,1483.03,82536.356878,0.0154888010901048,0.0153700740012306,1538.852,1733.8665,1806.7546666666667,0,-0.1795086003242065,-79.09691007334322,-44.90149063577235,-34.19541943757088,58.72541153273654,0.2710381233609394,-0.0337583658121048,0.0228948545352726,19.131165376784462,51080.6517326,1.61580469470253,0.1,0.0494123517393443,0.0701686258256026
2025-04-07 12:00:00,1483.09,1639.17,1478.1,1556.31,234887.793359,0.0494123517393443,0.0482303424883637,1524.87,1720.7875,1801.4916666666663,0,-0.1267037388264472,-80.11231452737707,-51.94365541409329,-28.168659113283773,66.03573928039823,0.2833167150199612,0.1626295379089208,0.0259554770399495,31.86267074628283,62152.5718702,3.7792127709460166,0.2,-0.0071129787767217,-0.0150594158174818
2025-04-07 16:00:00,1556.11,1572.72,1526.1,1545.24,78765.445135,-0.0071129787767217,-0.0071383966129976,1517.758,1708.8445,1796.0103333333332,0,-0.1330030466422411,-80.87797540130828,-57.73051941153629,-23.147455989771984,64.6489007603698,0.2965756977154128,0.1771824484811537,0.0258219069316442,31.066979737461097,64270.3235173,1.225533665063912,0.2,0.0050218736248091,-0.0500157537979687
2025-04-07 20:00:00,1545.55,1585.28,1544.91,1553.0,21915.48687,0.0050218736248091,0.0050093060749943,1519.598,1696.748,1790.2765,0,-0.1400266907363209,-79.93713448599715,-62.17184242642847,-17.76529205956868,62.91469356320052,0.3051102031972498,0.2223307841086565,0.0257953743457266,32.34247014397731,62572.40949975001,0.3502420163328944,0.25,0.0203090792015454,-0.0506820664142508
2025-04-08 00:00:00,1553.11,1618.66,1541.15,1584.54,37739.636504,0.0203090792015454,0.0201056002202924,1544.424,1685.434,1785.0205,0,-0.1245151665837892,-75.77303252116917,-64.89208044537662,-10.88095207579255,63.95721545154335,0.3057882906515601,0.304236041433063,0.0262858965396977,37.41154572114552,61948.25080609999,0.6092123024123195,0.4,-0.0086081765054841,-0.1081005736365363
2025-04-08 04:00:00,1584.55,1602.15,1562.0,1570.9,21664.915585,-0.0086081765054841,-0.0086454408630853,1561.998,1673.1265,1779.8611666666666,0,-0.1263070077864293,-72.73514029777198,-66.46069241585569,-6.274447881916288,62.2567000621474,0.3046634271401783,0.2994538214649005,0.0261883855082235,36.15012546099037,60384.679021250005,0.3587816634311476,0.35,0.0111464765421096,-0.0539186728570178
2025-04-08 08:00:00,1570.9,1590.32,1554.15,1588.41,21226.069176,0.0111464765421096,0.0110848123747996,1568.418,1662.039,1775.5913333333335,0,-0.112322566223315,-68.12932570339854,-66.79441907336425,-1.334906630034283,60.393364343422576,0.2999841583063606,0.3523241868728904,0.0264935352085341,38.993829364719225,61025.81505645,0.3478211500553576,0.5,-0.0358156899037402,-0.0838523091472838
2025-04-08 12:00:00,1588.57,1593.57,1517.93,1531.52,60787.805344,-0.0358156899037402,-0.0364728096007399,1565.674,1647.9454999999998,1770.4466666666665,0,-0.129654992129206,-68.28261255164239,-67.09205776901987,-1.1905547826225131,61.48240974746382,0.2977185227680219,0.2626990857300313,0.0272231986865247,33.736566654419775,63721.0480091,0.953967444718092,0.15,-0.0420693167572086,-0.0276943525338243
2025-04-08 16:00:00,1531.5,1533.91,1454.55,1467.09,83172.18192,-0.0420693167572086,-0.0429798593255361,1548.492,1630.9255,1764.4385,0,-0.0978526890580611,-72.764274754094,-68.22650116603471,-4.537773588059295,62.75938047978784,0.3015547395727995,0.1668746144157717,0.0282281287721957,28.97241694602148,67435.86553245,1.23335233059295,0.1,0.004355561008527,0.1189938707679572
2025-04-08 20:00:00,1466.81,1486.38,1445.26,1473.48,32762.387868,0.004355561008527,0.0043461030060038,1526.28,1615.494,1758.5251666666666,0,-0.0678896761133602,-74.93658246536984,-69.56851742590175,-5.368065039468092,61.21371044551729,0.3030069926717547,0.2098830122553862,0.028388564636155,30.02779363209632,68011.40754965,0.4817190093306428,0.15,-0.03710942802074,0.1322296494076034
2025-04-09 00:00:00,1473.57,1482.54,1384.28,1418.8,117662.023896,-0.03710942802074,-0.0378155060609548,1495.86,1597.3195,1751.5958333333333,0,-0.0809690374400828,-80.14649212559584,-71.68411236584056,-8.46237975975528,63.8598739851232,0.3086269620063019,0.1378737524382947,0.028969045558461,26.4113376166108,73607.76050305,1.5985002544823324,0.05,0.0455737242740343,0.1379812568417994
2025-04-09 04:00:00,1418.41,1492.25,1414.67,1483.46,61808.629851,0.0455737242740343,0.0445657532053396,1474.87,1581.199,1745.6933333333332,0,0.0157832389534444,-78.15691716280321,-72.97867332523309,-5.178243837570122,64.83988298618583,0.2928668600195834,0.2889374750292283,0.0312054511873957,36.19704911924397,75977.05610085,0.8135170408413405,0.3,-0.0187871597481563,0.0791182289421166
2025-04-09 08:00:00,1483.45,1496.47,1445.1,1455.59,59806.859455,-0.0187871597481563,-0.0189658804096364,1459.684,1563.4834999999998,1739.4015000000002,0,-0.0185026600945362,-77.93070410462906,-73.96907948111229,-3.96162462351677,63.87774848717256,0.2715097946098748,0.2458345712730132,0.0311499351651744,34.092649545738965,78452.5958159,0.7623311737873552,0.1,0.0203422667097192,0.0975293545965152
2025-04-09 12:00:00,1455.5,1501.77,1440.24,1485.2,80172.924317,0.0203422667097192,0.0201381266077551,1463.306,1547.8435,1733.9236666666666,0,-0.0456914110941907,-74.50332117751645,-74.07592782039313,-0.4273933571233215,63.71005216666023,0.2392967635078283,0.3308733128688774,0.0318950167460215,38.20326357395766,82066.8058571,0.9769226848745916,0.4,0.104618906544573,0.0152435142190844
2025-04-09 16:00:00,1485.4,1674.1,1482.08,1640.58,206597.715283,0.104618906544573,0.0995003945294647,1496.726,1540.4025,1731.0251666666668,0,0.0616991535295488,-58.57402320126039,-70.97554689656658,12.401523695306196,72.87504844047021,0.2016709597470119,0.822472444272546,0.0407988632298733,54.30802157548792,91914.28742015,2.2477214487734627,0.95,0.0175913396481732,-0.0772112431475711
2025-04-09 20:00:00,1640.76,1689.05,1640.31,1669.44,42096.706601,0.0175913396481732,0.0174384030016381,1546.854,1535.891,1728.717,1,0.0749774629748873,-43.12407153095978,-65.40525182344523,22.281180292485445,71.15111640900805,0.1735347438153946,1.001064697831047,0.0409391721822875,56.57186177617803,92335.92687565,0.455908204156462,1.0,-0.031357820586544,-0.089552978992258
2025-04-10 00:00:00,1669.43,1669.92,1601.94,1617.09,33256.661571,-0.031357820586544,-0.0318600031787177,1573.58,1535.4344999999998,1725.6918333333335,1,0.0205422393880874,-34.7040345068674,-59.26500836012967,24.56097385326227,70.9246080940789,0.1720447267304378,0.8091098056310406,0.0377952269663123,51.57968943036565,86348.90678445001,0.3851428212521269,0.9,-0.0132893036256485,-0.0435927345215876
2025-04-10 04:00:00,1617.0,1626.15,1582.85,1595.6,31514.222372,-0.0132893036256485,-0.0133783966240585,1601.582,1536.1745,1722.304,1,0.0157234706219362,-29.42595382409513,-53.29719745292277,23.871243628827635,68.95142180164471,0.1734838505036595,0.7229837629069072,0.0373572524621972,49.64303627630657,81248.3910653,0.3878750330781536,0.85,-0.0003760340937577,-0.0249815958339805
2025-04-10 08:00:00,1595.61,1606.75,1581.25,1595.0,23102.083272,-0.0003760340937577,-0.0003761048123065,1623.542,1538.7345,1718.664,1,0.0041488028909411,-25.003230168657183,-47.63840399606965,22.635173827412466,65.84774881581295,0.1763572104156915,0.7073410391090765,0.0369139680203728,49.58705523648113,75878.5537749,0.3044613019448715,0.8,-0.0619435736677115,-0.0207995339195118
2025-04-10 12:00:00,1594.8,1627.52,1483.91,1496.2,117213.319893,-0.0619435736677115,-0.0639451757806403,1594.666,1540.524,1712.8956666666666,1,-0.0230620559966568,-29.13467767315842,-43.93765873148741,14.802981058328989,71.40219532896916,0.1719009580525341,0.3326243870602709,0.0375865560557322,41.32344979346615,72434.4612575,1.6181982699686817,0.4,0.0121641491779174,0.0455515305579076
2025-04-10 16:00:00,1496.1,1532.22,1472.28,1514.4,70521.669697,0.0121641491779174,0.0120907604568085,1563.658,1542.0925000000002,1707.6699999999998,1,0.0322475103776864,-30.587695773002224,-41.26766613979037,10.679970366788147,70.58346709118565,0.1690883464583396,0.3937966875946309,0.0375304625739408,43.20120721380618,71833.72689845,0.9817348026045644,0.4,0.0052496038034863,0.0334065436074075
2025-04-10 20:00:00,1514.24,1533.58,1513.84,1522.35,17545.730398,0.0052496038034863,0.0052358726678236,1544.71,1540.3945,1702.6693333333335,1,0.0331663816271683,-30.74333450338736,-39.162799812509775,8.419465309122415,66.95179087038667,0.1694041141862635,0.4308505166254802,0.0358366785986478,44.043581780656254,60966.6237504,0.287792390633816,0.45,0.0146024238841264,0.0287765066181342
2025-04-11 00:00:00,1522.31,1550.68,1504.45,1544.58,31057.244185,0.0146024238841264,0.0144968351522573,1534.506,1540.3615000000002,1697.8291666666669,0,0.088652382294897,-28.7415889559295,-37.078557641193726,8.336968685264225,65.47166295107334,0.1694017901894128,0.5161665519679025,0.0359546984456581,46.4357841159157,58581.2137029,0.5301570626807027,0.55,0.0053218350619586,0.0063034345704925
2025-04-11 04:00:00,1544.58,1562.86,1541.01,1552.8,27366.667979,0.0053218350619586,0.0053077241396062,1526.066,1540.3515000000002,1692.8063333333332,0,0.0467420759575585,-26.19000382380796,-34.900846877716575,8.710843053908619,62.35582988313952,0.1693978966848426,0.5477077762967131,0.0359567109311112,47.332404346020574,58853.77275835,0.4649942849265734,0.6,0.003806027820711,0.0189066437420869
2025-04-11 08:00:00,1552.8,1584.88,1538.2,1558.71,50175.204632,0.003806027820711,0.0037988032223708,1538.568,1539.06,1687.7463333333333,0,0.0708441250626894,-23.42098408982337,-32.60487432013794,9.18389023031456,61.23612774862956,0.1678895953128544,0.5760471987898016,0.035668721026723,48.006288046882624,59475.55116475001,0.8436274006610276,0.65,0.004407490809708,0.0225653307642125
2025-04-11 12:00:00,1558.72,1581.45,1540.85,1565.58,49639.507287,0.004407490809708,0.0043978062680142,1548.804,1538.794,1681.8643333333334,1,0.0541206571505521,-20.43658419465214,-30.17121629504078,9.734632100388636,59.76211862372747,0.1676045602167936,0.6038583812689453,0.0356265107187146,48.82596934085559,60874.28074985,0.8154430192117271,0.7,1.9162227417268696e-05,0.0569176271458315
2025-04-11 16:00:00,1565.6,1592.0,1555.72,1565.61,48757.225408,1.9162227417268696e-05,1.9162043824134267e-05,1557.456,1537.654,1676.1226666666666,1,-0.0456972534103792,-17.863090439807138,-27.70959112399405,9.846500684186914,58.08482443631837,0.1659353135197823,0.6095664496689917,0.0355369819210492,48.82976302203113,62250.83856145,0.7832380500363866,0.75,0.000619566814213,0.0490769996771266
2025-04-11 20:00:00,1565.6,1586.98,1558.38,1566.58,15330.435413,0.000619566814213,0.0006193749619338,1561.856,1539.407,1670.4791666666667,1,-0.061613475177305,-15.565873504360752,-25.2808476000674,9.71497409570664,55.9787655480099,0.1664958436917116,0.6060182753903897,0.0345312450168352,48.96151106583341,59977.9700649,0.2556011048125085,0.75,-0.0078706481635153,0.0493583611843259
2025-04-12 00:00:00,1566.54,1569.6,1545.45,1554.25,17427.06862,-0.0078706481635153,-0.0079017852014965,1562.146,1543.765,1665.1126666666669,1,-0.0388599274004538,-14.572260537793229,-23.13913018761256,8.566869649819335,53.70528229458061,0.1604851867250301,0.5423206464038873,0.0330661129450105,47.29459295568204,56690.71439990001,0.3074060506111868,0.55,0.017925044233553,0.0450591790929499
2025-04-12 04:00:00,1554.35,1585.51,1550.42,1582.11,22738.997355,0.017925044233553,0.0177662849985719,1566.8259999999998,1549.1965,1660.396,1,-0.0084544998746552,-11.405273050735786,-20.79235876023721,9.387085709501424,52.37561927353914,0.1556341773394569,0.6365094087982324,0.0332256479551749,51.32687928508056,56189.54487425,0.4046837789109875,0.75,0.0074647148428366,0.0204724757245508
2025-04-12 08:00:00,1582.11,1607.12,1581.0,1593.92,28568.655981,0.0074647148428366,0.0074369917368996,1572.494,1557.9525,1655.8146666666669,1,-0.0006771159874607,-7.851932164286154,-18.204273441047,10.352341276760846,50.50021789685776,0.136015325136373,0.6697337458712563,0.0317812312595131,52.96947062122947,51734.8764785,0.5522127030277645,0.75,0.038759787191327,0.0073489038096924
2025-04-12 12:00:00,1593.93,1669.5,1590.67,1655.7,63123.507018,0.038759787191327,0.0380274892286466,1590.512,1566.5645,1651.7256666666667,1,0.1066033952680123,-0.0501758325747232,-14.573453919352543,14.523278086777822,52.52377376136792,0.138273226117519,0.9114947782727956,0.0313719897755049,60.48246220885191,51800.62033685,1.2185859282672549,0.95,-0.0078214652412876,-0.0421946043263631
2025-04-12 16:00:00,1655.7,1662.34,1627.26,1642.75,31685.000262,-0.0078214652412876,-0.007852213335588,1605.746,1575.9225,1647.242,1,0.0847530375066032,5.029834693211569,-10.652796196839724,15.682630890051293,51.27778992127021,0.127403072167254,0.8328437894495768,0.0310104000623852,58.37730925109757,50394.5273772,0.6287389109702267,0.9,0.0009009283214123,-0.0322117875787459
2025-04-12 20:00:00,1642.8,1660.11,1641.31,1644.23,16174.443691,0.0009009283214123,0.0009005227290802,1623.742,1583.874,1644.7241666666666,1,0.0800604328833711,9.07064254454599,-6.708108448562582,15.778750993108572,48.95794778403663,0.1205361834599605,0.816142136442801,0.0308583778662229,58.55485264285288,47194.6033459,0.3427180767354652,0.9,-0.0121698302548913,-0.0284849493005607
2025-04-13 00:00:00,1644.34,1649.96,1605.78,1624.22,38964.351315,-0.0121698302548913,-0.0122444889800969,1632.1640000000002,1583.056,1641.3818333333334,1,0.0515609421331366,10.53690917969925,-3.259104922910215,13.796014102609464,48.61666579946259,0.1184603795507492,0.7195068975477138,0.0204005756694813,55.13081278183574,38812.9351475,1.0039011779687512,0.8,-0.0066616591348461,0.0037942841187607
2025-04-13 04:00:00,1624.23,1624.6,1597.09,1613.4,20055.719362,-0.0066616591348461,-0.0066839470240865,1636.06,1580.254,1638.0135,1,0.0390262751159198,10.702480940236,-0.4667877502809721,11.169268690516972,47.10904681378669,0.1092554859624682,0.691982204646006,0.0199979667150439,53.31532699926443,37710.88578555,0.5318283817582699,0.75,-0.0056588570720218,0.0141249025085256
2025-04-13 08:00:00,1613.31,1628.19,1591.31,1604.27,28633.244357,-0.0056588570720218,-0.0056749290651231,1625.774,1579.6129999999998,1634.8288333333333,1,0.0292292985866517,9.981917721964235,1.62295334416807,8.358964377796166,46.37840061280193,0.1081373870177906,0.6443489617916178,0.0187671059307222,51.76624876387779,37479.71492485,0.7639664392968858,0.75,-0.0107837209447286,0.0439360455201393
2025-04-13 12:00:00,1604.25,1609.18,1566.0,1586.97,40257.126739,-0.0107837209447286,-0.0108422866816993,1614.618,1579.1815,1631.5716666666667,1,0.0136626681485456,7.923562861814389,2.8830752476973336,5.040487614117056,46.14994342617323,0.1078622477823561,0.5457248521780562,0.0186835001571979,48.86881767452616,37916.8601432,1.0617210018699217,0.6,0.0021613515063296,0.0263023328080258
2025-04-13 16:00:00,1586.85,1649.59,1562.0,1590.4,75260.373949,0.0021613515063296,0.002159019146258,1603.852,1578.9515,1628.2938333333332,1,0.0158340838395258,6.494212896035378,3.605302777364943,2.888910118670436,49.10994746716085,0.1076912525631184,0.5673285668189081,0.0186901570153649,49.47266275557917,40524.77467705,1.8571447848572853,0.65,0.0046277665995975,0.029627014340762
2025-04-13 20:00:00,1590.4,1617.13,1572.48,1597.76,35586.560369,0.0046277665995975,0.0046170914099348,1598.56,1584.0295,1624.6408333333334,1,0.0199032286892466,5.8874661946867946,4.061735460829313,1.8257307338574813,48.79137979093509,0.0963754142577474,0.5899408172109321,0.0116904428774654,50.81493715140594,36443.43670085,0.9764874992750062,0.7,0.0201094031644302,0.0172886104832674
2025-04-14 00:00:00,1597.84,1660.52,1595.83,1629.89,46274.509908,0.0201094031644302,0.0199098795487945,1601.8580000000002,1589.804,1621.921,1,0.0486665594338104,7.908078138704695,4.83100399640439,3.0770741423003054,49.92699552015402,0.0902269684760384,0.7794555704835688,0.0121322624821839,56.27572277923056,35231.0787114,1.3134570839304611,0.85,0.0036689592549188,0.0057686856696574
2025-04-14 04:00:00,1629.9,1642.76,1612.6,1635.87,21844.389832,0.0036689592549188,0.0036622450416834,1608.178,1595.48,1618.8873333333331,1,0.0339799381838177,9.878095153092543,5.840422227742021,4.037672925350524,48.51506726871446,0.0843655290992113,0.8000664595562679,0.012127129895991,57.22755652959776,35446.0116831,0.6162721500883271,0.85,0.0241522859395919,0.006428096469011
2025-04-14 08:00:00,1635.89,1691.92,1629.46,1675.38,50848.286636,0.0241522859395919,0.023865232297961,1625.86,1602.02,1617.0753333333334,1,0.0511067054808271,14.460779763760002,7.564493734945618,6.896286028814384,49.511133892377714,0.0893044644741747,1.0127648167768366,0.0127520843599574,62.96411834363509,36435.56380565,1.3955674435896896,1.0,-0.0284174336568421,-0.02563850575146
2025-04-14 12:00:00,1675.47,1689.72,1619.06,1627.77,56269.523341,-0.0284174336568421,-0.0288290252601017,1633.334,1605.7685,1614.2893333333332,1,-0.0168689980068853,14.088458250593476,8.86928663807519,5.219171612518286,51.02176718577931,0.0854692387110451,0.6603095964840054,0.014675384574615,53.63003760207192,37880.70657375,1.485440173388762,0.7,0.0054860330390658,-0.0040527613293461
2025-04-14 16:00:00,1628.0,1651.76,1615.0,1636.7,34104.925994,0.0054860330390658,0.0054710395712563,1641.122,1609.668,1611.3873333333331,1,-0.0036828488814487,14.348565802949224,9.965142471049996,4.383423331899227,50.00306952965222,0.0823856925379913,0.7038403102175949,0.0146882852876405,54.978191054542734,37077.19264185,0.9198357147327512,0.8,-0.0077106372578971,-0.0181078433828787
2025-04-14 20:00:00,1636.8,1638.27,1606.33,1624.08,14305.071226,-0.0077106372578971,-0.0077405179197585,1639.9600000000005,1612.593,1608.1711666666667,1,-0.0122549764935563,13.382113705188658,10.64853671787773,2.7335769873109275,48.712850277534216,0.0785880841087936,0.5906410962710693,0.0148564329849298,52.6485881797101,35310.4708388,0.4051226417032434,0.55,0.0085894783508202,-0.0218653529272166
2025-04-15 00:00:00,1623.98,1643.8,1614.6,1638.03,19414.250967,0.0085894783508202,0.0085527986715321,1640.3919999999998,1616.2140000000002,1605.3023333333333,1,0.0085025427589857,13.585239683237203,11.235877310949624,2.34936237228758,47.319075257710345,0.0747679989501248,0.6805346228162633,0.0149215689953278,54.92238628921285,33843.32211675,0.5736508638255506,0.8,0.0043283700542724,-0.0288056115100608
2025-04-15 04:00:00,1638.03,1648.5,1632.29,1645.12,16186.125437,0.0043283700542724,0.0043190296035279,1634.34,1620.141,1602.4978333333331,1,0.0196603446138587,14.15515046736914,11.81973194223353,2.3354185251356103,45.096998453588185,0.0705195875567074,0.7186313677880454,0.0149217350668593,56.07682117744643,33886.10661795,0.4776625895530281,0.9,-0.0079143162808792,-0.050001224298033
2025-04-15 08:00:00,1645.12,1652.97,1621.04,1632.1,24488.760799,-0.0079143162808792,-0.0079458007104897,1635.206,1624.0335,1599.5746666666669,1,0.0173474539821849,13.401717030807504,12.136128959948325,1.2655880708591791,44.156498564046174,0.059864586037641,0.5829698244033731,0.0149233438316215,53.37358297695015,34239.1912269,0.7152260296312262,0.6,-0.0068316892347282,-0.0294495559163618
2025-04-15 12:00:00,1632.1,1661.05,1601.04,1620.95,42658.358222,-0.0068316892347282,-0.0068551320540059,1632.056,1625.9755,1596.8886666666667,1,0.0214118729402572,11.769235369332591,12.062750241825178,-0.2935148724925867,45.288891523757165,0.0549857355608325,0.4437897857307681,0.0146044091616898,51.10170557797259,35235.15927025,1.2106759017268758,0.35,-0.0085690490144668,-0.0185526720699103
2025-04-15 16:00:00,1621.03,1627.99,1596.6,1607.06,22043.756646,-0.0085690490144668,-0.0086059744099802,1628.652,1626.6325000000002,1593.9681666666663,1,0.0104753521126759,9.248068992173556,11.499813991894856,-2.251744999721298,44.29611355777452,0.0530648371468313,0.2732485772215362,0.0146888339380954,48.34120365150842,34908.9143035,0.6314649735122204,0.25,-0.011468146802235,-0.0111781258279472
2025-04-15 20:00:00,1607.14,1615.0,1583.13,1588.63,16013.318672,-0.011468146802235,-0.011534413119507,1618.772,1623.279,1590.3475,0,-0.0057142499499298,5.697205659730571,10.339292325462,-4.642086665731428,43.40853401793347,0.0542326193892564,0.1064164363188764,0.0118187898751692,44.877141923769386,32553.4048862,0.4919091790238,0.1,0.001649219767976,-0.0068603894189848
2025-04-16 00:00:00,1588.63,1604.39,1576.05,1591.25,19201.589399,0.001649219767976,0.0016478612984592,1607.998,1620.704,1586.7033333333336,0,-0.0237071213394769,3.059267656708471,8.883287391711294,-5.824019735002823,42.332210159509664,0.0557415075809438,0.1739667688587322,0.0117628270660154,45.4753083321268,31929.23434305,0.6013795756170267,0.2,-0.0168672427336998,-0.0036533937383632
2025-04-16 04:00:00,1591.2,1593.75,1550.71,1564.41,49880.461881,-0.0168672427336998,-0.0170111147836354,1594.46,1616.7130000000002,1582.8101666666666,0,-0.0436831777586237,-1.1834389571317845,6.869942121942678,-8.053381079074462,42.38276657668754,0.0618507650719684,-0.0230564878326723,0.0122315624704411,40.613212244230496,33614.53525255,1.4838956274790702,0.05,0.012637352100792,0.0239077203660448
2025-04-16 08:00:00,1564.41,1586.41,1556.52,1584.18,21268.091927,0.012637352100792,0.0125581671939043,1587.1060000000002,1614.7109999999998,1579.3898333333334,0,-0.0544354116678007,-2.9169163445319555,4.912570428647752,-7.829486773179707,41.49042610692416,0.0641706440673828,0.2053477056462513,0.0124461106637937,45.25614213364824,32729.72228315,0.6498097277760678,0.1,0.0040651946117233,0.0059144627239506
2025-04-16 12:00:00,1584.01,1614.0,1566.41,1590.62,39274.590962,0.0040651946117233,0.0040569540335943,1583.818,1613.572,1576.5723333333333,0,-0.022822634647401,-3.7280804931272087,3.18444024429276,-6.912520737419968,41.92610995642957,0.0655249264274354,0.2829170852320151,0.0124282810342354,46.71748095285421,33690.66586315,1.1657410132982131,0.3,-0.0011945027725037,-0.0045521778614513
2025-04-16 16:00:00,1590.7,1612.79,1537.0,1588.72,58405.281681,-0.0011945027725037,-0.0011952167595701,1583.836,1612.7945,1575.9473333333333,0,-0.02931508523248,-4.472689663757592,1.6530142626826896,-6.1257039264402815,44.34495924525603,0.066762882246746,0.2764147421447461,0.0123733137988013,46.32458327693223,35179.26772935,1.6602188007532794,0.25,-0.0071504103932726,-0.0044883037563848
2025-04-16 20:00:00,1588.8,1598.41,1570.16,1577.36,15316.270786,-0.0071504103932726,-0.0071760970978969,1581.058,1612.314,1575.89,0,-0.0287670558100586,-5.911312920932005,0.1401488259597507,-6.051461746891755,43.19531929916632,0.0681152520729304,0.1817247347897034,0.0122389962163823,43.94490634999319,33932.2249317,0.4513783230197589,0.1,0.0048562154485976,0.0043062194483205
2025-04-17 00:00:00,1577.37,1595.61,1574.89,1585.02,14585.659022,0.0048562154485976,0.0048444620702885,1585.1799999999998,1612.0449999999998,1576.5770000000002,0,-0.0323620446511968,-6.3600198840067605,-1.1598849160335516,-5.200134967973209,41.58993934922584,0.0687189192812451,0.2560435972595031,0.0122814974000074,45.96072345663655,30898.48918535,0.4720508803684662,0.2,0.0106938713707083,-0.0003669151921963
2025-04-17 04:00:00,1585.02,1610.76,1581.0,1601.97,25704.732504,0.0106938713707083,0.0106370963328985,1588.7379999999998,1612.2555,1578.9363333333336,0,-0.0262290896712701,-5.286955312238888,-1.985298995274619,-3.301656316964269,40.744943681424,0.0684778858581921,0.4068374864037201,0.0124776768466954,50.2261538687607,30404.397792100004,0.8454281081231899,0.45,-0.0053559055413022,-0.0109724189029433
2025-04-17 08:00:00,1601.9,1604.55,1588.51,1593.39,16074.117091,-0.0053559055413022,-0.0053702998226653,1589.292,1610.4305,1580.775666666667,0,-0.0237179094418232,-5.070429447609058,-2.602325085741507,-2.468104361867552,38.98030484703658,0.0685066934146092,0.3455430906518478,0.0116087609118243,48.15415565894645,28894.378151250003,0.5563060401182095,0.45,-0.0064014459736787,-0.0016592542842443
2025-04-17 12:00:00,1593.37,1603.52,1562.87,1583.19,30551.155903,-0.0064014459736787,-0.0064220230915005,1588.186,1607.7965,1581.223666666667,0,-0.0232949813381041,-5.656679218083127,-3.213195912209831,-2.443483305873296,39.09956878653397,0.068519897633109,0.2766417181720484,0.0116109004552037,45.73847933982493,29329.716454800004,1.041645116142952,0.15,-0.0011306286674372,1.47132208357173e-05
2025-04-17 16:00:00,1583.18,1617.45,1577.1,1581.4,53318.667426,-0.0011306286674372,-0.0011312683102068,1588.994,1603.0975,1581.8263333333334,0,-0.0159670454121189,-6.194320158276923,-3.80942076142325,-2.3848993968536734,39.18888530178155,0.0581388747991045,0.267199913215758,0.0099153931407079,45.30891700541923,29453.235494300003,1.8102821822858344,0.15,0.0016441128114328,0.0076259694858928
2025-04-17 20:00:00,1581.37,1592.0,1578.72,1584.0,11966.913072,0.0016441128114328,0.0016427627375444,1588.7900000000002,1600.909,1582.343,0,-0.0029144608876832,-6.337550864602235,-4.315046782059048,-2.022504082543188,37.33825063736858,0.0573001485722572,0.3156702093056515,0.0079087532060257,46.100747485206846,27238.10498085,0.4393445535367988,0.25,0.0001830808080807,0.0030197118808061
2025-04-18 00:00:00,1584.05,1589.39,1577.22,1584.29,9350.000184,0.0001830808080807,0.0001830640508348,1585.254,1598.2885,1582.338833333333,0,-0.0043739198743126,-6.354411949448377,-4.722919815536914,-1.631492133911463,35.54051844898512,0.0541885333758237,0.3383711324364377,0.0077555440605495,46.19432104270353,26000.35869035,0.3596104305849534,0.35,8.836765996123042e-05,0.0085771013884511
2025-04-18 04:00:00,1584.3,1585.58,1573.57,1584.43,12970.217106,8.836765996123042e-05,8.836375576956807e-05,1583.462,1596.306,1582.5643333333333,0,0.012797156755582,-6.284039158949554,-5.035143684219442,-1.2488954747301122,33.85976713120047,0.052635298151388,0.3586561373437708,0.0076269915803117,46.24284111367886,25933.61598435,0.5001314553985475,0.4,0.0039572590773968,0.0103662684002967
2025-04-18 08:00:00,1584.42,1592.89,1582.5,1590.7,9722.615655,0.0039572590773968,0.003949449723339,1584.9640000000002,1593.9395,1582.6025,0,0.0041156939236701,-5.657119859738941,-5.159538919323342,-0.4975809404155988,32.18335519325759,0.0469591390136231,0.4567201222378785,0.0073801689521181,48.48344118510596,25449.03421875,0.3820426178623588,0.65,-0.0047274784685986,0.0039852817798601
2025-04-18 12:00:00,1590.71,1597.39,1578.52,1583.18,13364.304893,-0.0047274784685986,-0.0047386883385001,1585.3200000000002,1590.8425,1583.4635000000003,0,-0.0046774213828568,-5.701361208109802,-5.267903377080634,-0.4334578310291679,31.232401250882056,0.0369010032177914,0.3694715654916441,0.00728488640656,46.00668117933671,25307.943191550003,0.5280676028015651,0.2,0.0064806275976199,0.0150184911371471
2025-04-18 16:00:00,1583.19,1595.25,1581.74,1593.44,6528.875979,0.0064806275976199,0.0064597186175147,1587.208,1588.9095000000002,1585.5693333333331,0,0.0029709451634019,-4.852588917424782,-5.184840485149463,0.3322515677246809,29.966515447247623,0.0283561930307075,0.6005539299928846,0.0073691681847503,49.77642885998797,24409.94895055,0.2674678260174277,0.85,-0.0029621447936539,0.0133479790943084
2025-04-18 20:00:00,1593.29,1601.4,1587.05,1588.72,7188.494118,-0.0029621447936539,-0.0029665406274201,1588.094,1587.298,1587.49,1,0.0072019069838211,-4.508820439908504,-5.049636476101272,0.5408160361927674,28.85105005815852,0.0215235095278435,0.5416224883534572,0.0072627835975537,48.112223157278,22636.45574535,0.3175627049953112,0.625,0.0057404703157257,0.0154245433682566
2025-04-19 00:00:00,1588.73,1600.64,1585.14,1597.84,9713.867636,0.0057404703157257,0.005724056601007,1590.7760000000003,1586.837,1590.474,1,0.0080882260160755,-3.460582226015049,-4.731825626084028,1.271243400068979,27.89740362543291,0.019323879754321,0.8588264663748316,0.0071800339515519,51.48724604680035,22019.96129485,0.4411391784903758,0.95,0.0018775346718069,0.0088472944641455
2025-04-19 04:00:00,1597.84,1613.6,1595.6,1600.84,16107.773989,0.0018775346718069,0.0018757743066716,1592.804,1587.4475,1592.4303333333337,1,-0.0007053814990294,-2.360559896314953,-4.257572480130213,1.89701258381526,27.19044622361628,0.0207843042855658,0.9059072345589494,0.0066871004070373,52.57990635214733,22024.6840607,0.7313509671515377,0.95,-0.0024237275430398,-0.0018951144616842
2025-04-19 08:00:00,1600.84,1606.66,1594.06,1596.96,9012.516527,-0.0024237275430398,-0.0024266695253116,1595.56,1587.7330000000002,1594.7864999999997,1,0.0022405060907875,-1.78133374174854,-3.7623247324538784,1.9809909907053385,26.14827149335797,0.0213410899566171,0.7723117949043325,0.0067091704548488,50.98060831414117,21515.2304171,0.4188900770422137,0.85,0.0063057308886884,-0.0150188335447108
2025-04-19 12:00:00,1597.0,1612.5,1595.2,1607.03,10079.210479,0.0063057308886884,0.0062859329510586,1598.2779999999998,1589.864,1596.8169999999998,1,0.0150582052691086,-0.5039191335642954,-3.110643612675962,2.6067244791116666,25.516252100975265,0.0192657606817382,1.060432059925637,0.0054981416625446,54.82143293349721,19525.167847,0.5162163295076948,1.0,0.0048101155547812,-0.0207269232088705
2025-04-19 16:00:00,1607.04,1632.99,1598.32,1614.76,18905.002057,0.0048101155547812,0.0047985839131902,1603.486,1591.393,1596.3866666666663,1,0.0210952320728468,1.1192851222335776,-2.2646578656940544,3.383942987927632,26.170091236619896,0.0232652667090188,1.1311280457595512,0.0048990340658438,57.56975013010141,19407.0133535,0.974132480492705,1.0,-0.0008855805197057,-0.0175880747976842
2025-04-19 20:00:00,1614.76,1622.6,1611.0,1613.33,6069.993384,-0.0008855805197057,-0.0008859728777944,1606.584,1592.5285,1595.4515,1,0.018516414141414,2.2641968882035144,-1.3588869149145406,3.623083803118055,25.129370434004183,0.0261529663931407,0.9994436366123822,0.0048592071299964,56.88040249368397,17746.783474599997,0.342033439056021,0.95,-0.0008367785883854,-0.0159712328520187
2025-04-20 00:00:00,1613.21,1619.28,1607.71,1611.98,8617.945231,-0.0008367785883854,-0.0008371288830148,1608.812,1593.6915,1595.3663333333332,1,0.0174778607451919,3.0277124098242894,-0.4815670499667747,3.509279459791064,24.160843974432453,0.0280903213820852,0.9085235736291652,0.0048524417409678,56.19627990912657,15257.4166521,0.5648364613424804,0.9,-0.0088648742540229,0.0146363746076451
2025-04-20 04:00:00,1611.99,1617.59,1586.0,1597.69,20283.675472,-0.0088648742540229,-0.0089044010250862,1608.958,1594.708,1595.4011666666668,1,0.0083689402498059,2.451461466253022,0.1050386532771846,2.3464228129758373,24.6914979762587,0.0265082190781731,0.5705416989299638,0.0050116674163697,49.42046906333904,15505.7868864,1.3081358347437784,0.65,-0.0155474466260664,0.0302057609493649
2025-04-20 08:00:00,1597.68,1597.7,1565.87,1572.85,31980.736267,-0.0155474466260664,-0.0156695756915964,1602.122,1594.0995,1595.032,1,-0.0112214748224053,-0.0094925375851744,0.0821324151047128,-0.0916249526898872,25.20139097795452,0.0286662528700103,0.0349899250326733,0.0060748340567251,40.31975213098287,16375.54074865,1.9529575699438504,0.05,0.0005976412245287,0.0340437622397646
2025-04-20 12:00:00,1572.64,1584.23,1571.25,1573.79,15586.90263,0.0005976412245287,0.0005974627081344,1593.928,1592.6905,1596.3251666666667,1,-0.0059311006960675,-1.862496471788063,-0.3067933622738423,-1.5557031095142206,24.3284344795292,0.0303518566370819,0.1090181101700062,0.0054994954244402,40.76429459592552,15869.649254950002,0.9821831837359728,0.1,0.0079489639659675,0.0316446072517938
2025-04-20 16:00:00,1573.79,1588.0,1571.61,1586.3,7724.400842,0.0079489639659675,0.0079175373812419,1588.5220000000002,1592.336,1597.5235,0,-0.0044808715734512,-2.2951064319549914,-0.7044559762100722,-1.5906504557449193,23.76140344527712,0.0305545938755036,0.3759382218050665,0.0057285632270412,46.47813389525979,15452.1634425,0.4998912204587885,0.45,0.0007312614259598,-0.0071208743183325
2025-04-20 20:00:00,1586.3,1600.9,1574.73,1587.46,12543.181608,0.0007312614259598,0.0007309941845975,1583.618,1592.5495,1598.6086666666663,0,-0.00079309129362,-2.515355187846808,-1.0666358185374194,-1.4487193693093885,23.93344605632876,0.0302350667590591,0.3943009103791943,0.005541622966762,46.98875390907421,14551.764727750002,0.8619697914769291,0.45,0.0297708288712785,-0.0040007264208312
2025-04-21 00:00:00,1587.46,1645.8,1586.31,1634.72,55752.61887,0.0297708288712785,0.0293362812441064,1591.024,1595.2155,1600.111,0,0.0230811595654134,1.110778751985208,-0.631152904432894,1.7419316564181022,26.47319990944813,0.0372345241948662,1.1650915038602427,0.0086192327876335,62.63098373374712,14673.46229995,3.799554442593278,1.0,0.0067045120876969,-0.0340627848506437
2025-04-21 04:00:00,1634.7,1658.83,1631.35,1645.68,49617.421911,0.0067045120876969,0.0066821368011051,1605.59,1598.2995,1601.659,1,0.0280102945953375,4.813410428469524,0.4577597621475897,4.355650666321934,26.54511420163041,0.0456029508888439,1.1500526451651782,0.0086916494514962,65.19584161652062,16555.987741900004,2.9969472486034703,1.0,-0.0117094453356667,-0.0152456225138449
2025-04-21 08:00:00,1645.67,1655.0,1617.68,1626.41,22902.732778,-0.0117094453356667,-0.0117785408000416,1616.114,1600.4055,1602.7873333333332,1,0.0184412884480513,6.12227102482052,1.590662014682176,4.531609010138345,27.314748901513948,0.0472436629055782,0.8439338415391228,0.0092100518859491,57.69751133714736,17233.6243716,1.3289562476331074,0.9,-0.0018015137634421,0.0036086648880829
2025-04-21 12:00:00,1626.4,1642.1,1608.64,1623.48,53676.95771,-0.0018015137634421,-0.0018031384409078,1623.5500000000002,1602.358,1603.7523333333334,1,0.010236274369489,6.844229941906633,2.641375600127067,4.202854341779566,27.75369540854865,0.0478450238465359,0.775510852083813,0.0092333729707332,56.63099032709845,19268.961401800003,2.785669481126564,0.85,-0.0308165176041589,0.0497041967517383
2025-04-21 16:00:00,1623.41,1626.3,1562.97,1573.45,86813.884225,-0.0308165176041589,-0.0313013326985687,1620.748,1601.4955000000002,1603.883,1,-0.0255827491391908,3.340873196696293,2.781275119440912,0.559598077255381,30.29486002222374,0.0500523705319337,0.1501250789578829,0.0116548995009813,42.26487153374421,23123.5248303,3.754353406849249,0.1,0.0038514093234611,0.0777846237948226
2025-04-21 20:00:00,1573.6,1580.86,1571.1,1579.51,17861.176044,0.0038514093234611,0.0038440116348402,1609.706,1601.312,1604.0985,1,-0.0209628532290355,1.0414242003441814,2.433304935621566,-1.3918807352773848,28.82808430635062,0.0505148333842957,0.2304735120829604,0.0116482296875767,44.11419801771312,23348.36838785,0.7649860473031845,0.2,-0.000291229558534,0.1079573534174903
2025-04-22 00:00:00,1579.51,1593.71,1537.43,1579.05,51461.356044,-0.000291229558534,-0.0002912719740971,1596.38,1600.5925,1604.5118333333337,0,-0.0204282931550019,-0.8087016423858131,1.7849036200200905,-2.5936052624059034,30.788935427325576,0.0518287415994284,0.2403163183270215,0.0115463378599993,43.99898911449901,25594.9923911,2.01060251386886,0.2,0.0255216744244957,0.1303975447078567
2025-04-22 04:00:00,1579.06,1623.81,1573.81,1619.35,46056.335284,0.0255216744244957,0.0252014337769577,1594.968,1602.1240000000005,1605.1325000000002,0,0.0135570730241785,0.9658003513995936,1.6210829662959914,-0.6552826148963977,32.16115432537375,0.0522703792931894,0.705699229587644,0.0128907866676367,55.069768736995904,27538.3844494,1.6724414378274637,0.8,0.0071448420662612,0.1031378926876747
2025-04-22 08:00:00,1618.98,1639.0,1613.08,1630.92,39915.294328,0.0071448420662612,0.0071194386128549,1596.456,1603.778,1605.7491666666667,0,0.036920240328067,3.26803638241222,1.9504736495192367,1.3175627328929824,31.715357587847063,0.0544218942156021,0.8109739002629395,0.0129215603727104,57.65779571055399,29048.455784,1.374093501727052,0.9,0.0442940181002133,0.0989058832674597
2025-04-22 12:00:00,1630.92,1726.01,1626.49,1703.16,134651.296972,0.0442940181002133,0.0433410763439104,1622.398,1608.894,1606.540166666667,1,0.082202835194022,10.797275023434397,3.719833924302269,7.077441099132126,36.55854633157227,0.0763606765208542,1.2672870696754663,0.0161361929572454,69.47892627439751,34975.63193315,3.849860303578308,1.0,-0.0027360905610747,0.0532320099407665
2025-04-22 16:00:00,1703.19,1710.68,1682.93,1698.5,32892.032463,-0.0027360905610747,-0.0027398404985281,1646.196,1613.971,1607.4693333333337,1,0.0707306310281787,16.201467405734775,6.21616062058877,9.985306785146005,35.92936445074568,0.0897671928351563,1.0834348403757117,0.0161420983774707,68.15705480473227,36169.60772995,0.909383168006104,0.95,0.0340241389461288,0.0512823677501852
2025-04-22 20:00:00,1698.43,1778.94,1692.39,1756.29,64974.286474,0.0340241389461288,0.0334581210227643,1681.6440000000002,1621.434,1609.337,1,0.1063522860418528,24.860917649351904,9.945112026341398,14.915805623010506,39.54512413283527,0.1174473337996408,1.208154201321339,0.0175504012019285,74.60872432175776,38914.3615297,1.6696737122208902,1.0,0.0221489617318324,0.022178739328015
2025-04-23 00:00:00,1756.3,1808.0,1745.08,1795.19,67015.416973,0.0221489617318324,0.0219072362794771,1716.812,1630.4555,1612.1865,1,0.0981635998825487,34.465205815725994,14.849130784218318,19.61607503150768,41.21475812334704,0.1490770340292634,1.1777427309894497,0.0179844397173832,77.86041972368159,41319.8822755,1.6218685359792464,1.0,-0.0017379775956862,-0.0150605471048239
2025-04-23 04:00:00,1795.38,1820.05,1773.88,1792.07,66456.092886,-0.0017379775956862,-0.001739489630924,1749.042,1639.3925,1615.1643333333334,1,0.0889541101550726,41.34827824447257,20.148960276269168,21.1993179682034,41.56870397167938,0.1708632591560922,1.0450588680913486,0.0180012772718024,77.00858729633838,44339.1872506,1.498811706006197,0.95,0.0029128326460461,-0.0197927917816335
2025-04-23 08:00:00,1792.07,1812.81,1778.68,1797.29,35427.384016,0.0029128326460461,0.0029085985691464,1767.868,1648.658,1618.3813333333335,1,0.1050657583266212,46.68620361463604,25.456408943942545,21.229794670693497,41.037367973702274,0.1883574614183169,0.9786289007361062,0.0179521449730431,77.45304046409292,45679.659189850005,0.7755614784418521,1.0,-0.0013798552264798,-0.0235879807174568
2025-04-23 12:00:00,1797.29,1835.51,1761.51,1794.81,98911.981841,-0.0013798552264798,-0.0013808081033585,1787.13,1658.514,1621.8453333333334,1,0.105532559686599,50.13846760989645,30.39282067713333,19.745646932763123,43.3918416898664,0.1998748887860099,0.9111551490035658,0.0177109628797145,76.69447980390413,49611.07450830001,1.9937480254424216,0.9,-0.004685732751656,-0.0168295452310504
2025-04-23 16:00:00,1794.99,1810.17,1774.45,1786.4,43881.71122,-0.004685732751656,-0.0046967452117959,1793.152,1669.1915,1625.112,1,0.1353395405001747,51.60097110920401,34.63445076354747,16.96652034565654,42.84385299773309,0.2034077160886775,0.8452117107587819,0.0171744612897834,74.04608371953596,50206.123255950006,0.874031061834664,0.8,0.0049205105239586,-0.0130335577402256
2025-04-23 20:00:00,1786.17,1807.15,1785.69,1795.19,17249.887981,0.0049205105239586,0.0049084443769319,1793.152,1680.2615,1628.4025,1,0.1365486764882779,52.859958510551,38.27955231294818,14.58040619760282,41.31643492646644,0.2050764680693075,0.8335300993588,0.0171230682840916,75.01712740157218,50289.2725235,0.3430132733166738,0.925,-0.0150903247010066,-0.0141366681802354
2025-04-24 00:00:00,1795.19,1803.0,1766.49,1768.1,47230.306312,-0.0150903247010066,-0.0152053422188366,1788.3580000000002,1689.3515,1630.706,1,0.1197238846141668,51.082926320603065,40.84022711447916,10.242699206123907,40.97311814600455,0.202063615281889,0.7306928579305321,0.0177991526196051,66.73071643548803,52264.567797,0.9036773535647804,0.7,-0.0064702222724958,-0.0041036692557685
2025-04-24 04:00:00,1768.01,1776.48,1751.16,1756.66,42624.124183,-0.0064702222724958,-0.0064912448903602,1780.232,1697.8115000000005,1632.7191666666668,1,0.0847932812548246,48.19593043023815,42.31136777763096,5.884562652607194,39.8550382784328,0.1959658064231788,0.676874663881052,0.0179745702424021,63.53883333330402,53768.61492575001,0.7927324191233189,0.65,-0.0008823562897772,0.0116182397883484
2025-04-24 08:00:00,1756.66,1760.84,1722.93,1755.11,48692.264364,-0.0008823562897772,-0.0008827457952269,1772.292,1703.8309999999997,1634.0479999999998,1,0.0761472052583815,45.2611509670719,42.90132441551915,2.35982655155275,39.71610697283044,0.1942674327285514,0.6549219770854842,0.0170551256002577,63.09845064064641,53415.59720045,0.9115739019312096,0.55,0.0053785802599266,0.0199455188433827
2025-04-24 12:00:00,1755.11,1777.76,1744.51,1764.55,32657.87189,0.0053785802599266,0.0053641673546677,1767.922,1709.7745,1636.3276666666666,1,0.0360447638507244,43.19907416867022,42.96087436614936,0.2381998025208602,39.25424218905684,0.1933083150974954,0.6657284159990141,0.0170453900525717,64.70300247118115,52567.6196994,0.621254530388652,0.65,-0.0008897452608312,0.0235767024192807
2025-04-24 16:00:00,1764.54,1778.03,1745.9,1762.98,36954.424113,-0.0008897452608312,-0.0008901413190906,1761.48,1716.6029999999998,1638.4323333333334,1,0.0379629084486312,40.96594762668974,42.56188901825744,-1.595941391567699,38.745367746981344,0.188944471002326,0.6429876724718104,0.0167011534226458,64.20299467432238,53270.20426615,0.6937165836340204,0.6,0.0038174000839488,0.0222410392733826
2025-04-24 20:00:00,1762.94,1775.04,1749.13,1769.71,10234.310423,0.0038174000839488,0.0038101323023963,1761.802,1723.9145,1640.8594999999998,1,0.0076411071064574,39.28636475047506,41.906784164700966,-2.620419414225907,37.8285557650541,0.1831252315008951,0.6450637485556902,0.0166425581175494,65.43603147520062,51098.0719018,0.2002876046412914,0.7,-0.0050573257765397,0.0084757366822073
2025-04-25 00:00:00,1769.72,1790.61,1738.78,1760.76,41100.668191,-0.0050573257765397,-0.0050701573290542,1762.622,1733.28,1642.9049999999995,1,-0.0191790284036788,36.80878426625554,40.88718418501188,-4.07839991875634,38.82865892469309,0.1644358389790103,0.5964165359446417,0.0146465675133957,62.35974802933092,48812.4111001,0.842012661630554,0.5,0.0092516867716212,0.0208966346318412
2025-04-25 04:00:00,1760.76,1781.75,1758.01,1777.05,28713.202543,0.0092516867716212,0.0092091520615018,1767.0099999999998,1743.157,1645.1038333333331,1,-0.0083813690313436,35.747673809773005,39.85928210996411,-4.111608300191108,37.7508975729293,0.1431747438105133,0.63580228977676,0.0146596966001792,65.53561740187902,49355.01242505,0.5817687228141937,0.7,0.0074449227652571,0.0131914543132686
2025-04-25 08:00:00,1777.05,1793.59,1764.29,1790.28,40991.34874,0.0074449227652571,0.0074173461138794,1772.1560000000002,1753.7184999999995,1647.7401666666665,1,-0.0039003165877515,35.56432318079351,39.00029032412999,-3.435967143336484,37.14726203200578,0.1150864764333156,0.6811506214013592,0.0145865715067626,67.90416558051254,48831.51205985,0.8394445924541358,0.75,0.0090097638358246,-0.0022906606003126
2025-04-25 12:00:00,1790.25,1827.58,1757.22,1806.41,88136.567752,0.0090097638358246,0.008969418069771,1780.842,1763.0715,1650.8311666666666,1,0.0064630796574569,36.30210461756701,38.4606531828174,-2.158548565250385,39.51960045829107,0.093393289848243,0.763201449453978,0.0138981594523477,70.56060439041048,50935.52368325,1.7303555824828685,1.0,-0.0022254084067293,-0.0032709044715254
2025-04-25 16:00:00,1806.41,1810.9,1782.56,1802.39,21283.294127,-0.0022254084067293,-0.0022278883078961,1787.378,1771.645,1654.0866666666666,1,0.008950962830273,36.14575554817225,37.99767365588837,-1.8519181077161235,38.72105756841315,0.0648551118528871,0.7675799583586692,0.0139998739921394,69.02723084611966,50003.9236732,0.4256324816847713,0.95,-0.0099479025072265,0.0060924014494377
2025-04-25 20:00:00,1802.39,1809.63,1783.93,1784.46,16532.107383,-0.0099479025072265,-0.0099977135080071,1792.118,1775.7099999999998,1657.3505,1,-0.0059770832056773,34.18102900607482,37.23434472592566,-3.0533157198508363,37.79098202781222,0.0543580245484427,0.5906509473652523,0.0109240226161597,62.50305254069577,44097.964193750006,0.3748950248670003,0.55,0.0073635721730942,0.0202871739583188
2025-04-26 00:00:00,1784.6,1815.91,1784.6,1797.6,18727.108559,0.0073635721730942,0.0073365934344943,1796.2279999999998,1780.6649999999995,1660.7896666666666,1,0.0166845766642158,33.300391071313925,36.44755399500332,-3.147162923689393,37.33805474011135,0.0378324319370372,0.7513846290037747,0.0109079996574768,65.10594692763681,43389.71799855,0.4316024492167897,0.9,0.0015465064530486,0.0068383645268767
2025-04-26 04:00:00,1797.59,1810.79,1788.74,1800.38,12971.432519,0.0015465064530486,0.001545311843433,1798.248,1782.8695,1664.7225,1,0.0248881399929412,32.45270732104473,35.6485846602116,-3.19587733916687,36.2460508301034,0.0367638782312207,0.7671515343302383,0.0080810952585068,65.64923621871718,40789.5753008,0.3180085211317606,0.9,-0.0080371921483242,0.0021366738464338
2025-04-26 08:00:00,1800.39,1841.25,1779.21,1785.91,46082.778991,-0.0080371921483242,-0.0080696644851142,1794.148,1782.4055,1668.0846666666666,1,0.0175487576277271,30.26443421389854,34.57175457094899,-4.30732035705045,38.0884757708103,0.0362671529041433,0.5542133303986575,0.0066727832030864,60.37962519733858,39742.9434017,1.1595210381178966,0.5,0.0080295199646118,0.0112880505059304
2025-04-26 12:00:00,1785.91,1804.36,1780.03,1800.25,22317.073494,0.0080295199646118,0.0079974548995381,1793.72,1782.8145,1671.5785,1,0.0202317871411974,29.349013013554213,33.527206259470034,-4.178193245915821,37.1057275014667,0.0370202457285606,0.7641733183041842,0.0069104221010825,63.50596426396666,37535.9924321,0.5945513105686504,0.85,0.0071378975142339,-0.0035077289685427
2025-04-26 16:00:00,1800.24,1814.99,1795.71,1813.1,10085.615524,0.0071378975142339,0.0071125433027867,1799.448,1783.605,1675.318166666667,1,0.0284291370293479,29.3224122097115,32.68624744951833,-3.363835239806832,35.83246125136194,0.0392950625822972,0.920834886179645,0.0070590767798918,66.08826140030283,36268.9040075,0.2780788612171576,1.0,0.0042468700016546,-0.0028576902580025
2025-04-26 20:00:00,1813.1,1831.35,1805.51,1820.8,10869.506586,0.0042468700016546,0.0042378775002487,1804.088,1784.9045,1679.3755,1,0.028869136751219,29.581657594624403,32.06532947853955,-2.48367188391515,35.1187140191218,0.04300285882065,0.9676572745698384,0.0070938585490417,67.56912568385724,31866.780244750007,0.3410920871991996,1.0,-0.0060852372583479,-0.0162373592329778
2025-04-27 00:00:00,1820.8,1857.52,1801.0,1809.72,42290.816172,-0.0060852372583479,-0.0061038277714179,1805.956,1786.0705000000005,1683.1205,1,0.0278061746064199,28.56378252474542,31.365020087780728,-2.801237563035308,36.64737730347024,0.0446529378763663,0.7965332025025614,0.0071568504174915,63.28650108814109,31787.23549235,1.330433915279541,0.9,-0.0031551842273943,-0.0141325603252879
2025-04-27 04:00:00,1809.71,1811.77,1790.2,1804.01,14957.940727,-0.0031551842273943,-0.0031601723161381,1809.576,1786.5114999999998,1686.4878333333331,1,0.0151712107143862,26.985290290227567,30.489074128270097,-3.50378383804253,35.57042178179378,0.045296217676673,0.716238523161282,0.00713237127714,61.13599955781752,31672.63812965,0.4722669663881672,0.8,0.0011141845111724,0.0005800776750935
2025-04-27 08:00:00,1804.0,1815.77,1801.67,1806.02,9532.799613,0.0011141845111724,0.0011135642682771,1810.73,1788.4075,1690.0316666666663,1,0.0087919208168554,25.60139705474808,29.51153871356569,-3.910141658817615,34.03682022595137,0.0451643772314469,0.7180512082385219,0.0061482150756284,61.63026708538681,29787.7627947,0.3200240205584062,0.8,-0.0067662595098614,0.0058047212564547
2025-04-27 12:00:00,1806.01,1808.0,1781.1,1793.8,22981.673627,-0.0067662595098614,-0.0067892544288302,1806.87,1790.2644999999998,1693.5418333333332,1,-0.0069806965196163,23.25058159042942,28.25934728893844,-5.00876569850902,33.52704735266913,0.0421195384195634,0.5468867400925155,0.0061676733115184,56.89294589906726,28805.6402669,0.7978185318591162,0.5,0.0077879362247741,-0.0165449156982608
2025-04-27 16:00:00,1793.81,1808.39,1787.12,1807.77,12292.459537,0.0077879362247741,0.0077577667866561,1804.264,1792.8975000000005,1697.3146666666669,1,0.0029849255710472,22.258226664363065,27.059123164023365,-4.8008964996603005,32.65154397033564,0.0387690477447966,0.7139653172800343,0.006326284400496,60.61967606291444,26985.65002555,0.4555183782996336,0.85,-0.0091327989733207,-0.0051133159367364
2025-04-27 20:00:00,1807.77,1808.0,1784.49,1791.26,11130.726647,-0.0091327989733207,-0.0091747586501108,1800.572,1794.2330000000002,1700.769,1,0.0038106766192573,19.910048569418223,25.62930824510234,-5.719259675684118,31.998576543883093,0.0359570823387397,0.4539179676417516,0.0066800892029919,54.6107969259778,25909.2927634,0.4296036464076508,0.4,-0.003980438350658,0.0054606136842582
2025-04-28 00:00:00,1791.31,1794.0,1752.02,1784.13,66610.301127,-0.003980438350658,-0.0039883813802225,1796.596,1795.2904999999998,1704.0996666666667,1,-0.0074933244325766,17.274637827573542,23.95837416159658,-6.683736334023038,32.71153536217716,0.0326914782993915,0.3098421058228832,0.0067558901351861,52.204151876853736,27392.0866141,2.431735196569966,0.2,0.0115574537729872,0.01065230445881
2025-04-28 04:00:00,1784.13,1812.47,1784.13,1804.75,21407.133297,0.0115574537729872,0.0114911765790447,1796.342,1797.0425,1707.7716666666668,0,0.0024272653550916,16.65789564718125,22.498278458713514,-5.840382811532265,32.39928283630736,0.030191156474723,0.6420611860079001,0.00715849550523,57.97249341934496,27950.7277578,0.7658882259702906,0.7,0.0063388280925336,0.0100328796208217
2025-04-28 08:00:00,1804.75,1827.92,1788.03,1816.19,50167.361041,0.0063388280925336,0.0063188222197578,1800.8200000000002,1799.8140000000003,1711.5298333333335,1,0.0169549417383854,16.89745210815954,21.37811318860272,-4.480661080443177,32.93433406228541,0.0252229228899981,0.8607321014426688,0.0071038851009414,60.79918203936421,28404.0624003,1.7662037329023097,0.95,-0.029115896464577,0.0080910916231455
2025-04-28 12:00:00,1816.19,1817.04,1753.07,1763.31,57555.018234,-0.029115896464577,-0.029548175656521,1791.928,1799.127,1714.532,0,-0.0205193723094014,12.674227658975497,19.63733608267728,-6.96310842370178,35.15116734355074,0.0289070265375241,-0.188690297565338,0.0096470055689282,45.54904551210927,29846.15318485,1.928389828918224,0.05,0.0192195359862985,0.0292548213272331
2025-04-28 16:00:00,1763.3,1805.0,1744.74,1797.2,46469.007612,0.0192195359862985,0.0190371736134977,1793.116,1799.473,1717.928,0,-0.0087695107826374,11.924473715495424,18.094763609240907,-6.170289893745483,36.94465539043997,0.0285706780246258,0.4557886726301657,0.0104713871930254,53.58439572384761,30120.03612845,1.5427938868940303,0.35,0.001441130647674,0.0136658592911533
2025-04-28 20:00:00,1797.08,1806.48,1781.12,1799.79,31344.966156,0.001441130647674,0.0014400932154994,1796.248,1799.1419999999998,1721.4458333333334,0,-0.0115388840070298,11.407777905469857,16.757366468486698,-5.349588563016841,36.11718000540855,0.0283579618267367,0.5127009015681623,0.0102728534207298,54.14136763036803,27280.45604865,1.1489898152766085,0.45,0.0012112524238938,-0.0009660295918244
2025-04-29 00:00:00,1799.8,1811.71,1787.69,1801.97,21958.982428,0.0012112524238938,0.0012105194494949,1795.6920000000002,1799.121,1724.8479999999995,0,-0.0042824304312268,11.046859217780591,15.615265018345475,-4.568405800564884,35.253095719307936,0.0283471316510404,0.5558628328978195,0.0102647535183229,54.63480661758789,27314.2404637,0.8039389730489847,0.6,0.0109380289349989,0.0041029649665368
2025-04-29 04:00:00,1801.91,1825.1,1788.37,1821.68,32076.065321,0.0109380289349989,0.0108786413594098,1796.7900000000002,1800.982,1728.5286666666666,0,0.0097948459265746,12.210505724944142,14.934313159665212,-2.7238074347210706,35.35858888221451,0.0292800331747652,0.892507035703629,0.0102577073180128,58.93689171141209,28091.4383606,1.1418448891527282,1.0,0.0043970400948574,-0.013678661777184
2025-04-29 08:00:00,1821.68,1842.98,1816.81,1829.69,40169.146699,0.0043970400948574,0.0043874013583379,1810.066,1802.5865,1732.4075000000005,1,0.0131061671520802,13.62201788041466,14.671854103815104,-1.049836223400444,34.70226110491348,0.0322987937892238,0.9655249466405506,0.0101832881728646,60.5732477694288,29163.5402676,1.3773755288423253,1.0,-0.0079521667604894,-0.0074779650231982
2025-04-29 12:00:00,1829.7,1833.59,1802.37,1815.14,48880.632087,-0.0079521667604894,-0.0079839538683204,1813.654,1803.3245,1735.8760000000002,1,0.0118965325008362,13.411983040621864,14.419879891176455,-1.0078968505545944,34.45352816884824,0.0328214695621656,0.6996274223349263,0.0103729858544027,56.1927689782858,30959.000246,1.5788827707159416,0.8,0.0036305739502187,-0.0275322973126359
2025-04-29 16:00:00,1815.15,1832.68,1807.18,1821.73,24861.645965,0.0036305739502187,0.0036239993249184,1818.042,1805.1155,1739.3255,1,0.0077222213002761,13.620280724081796,14.259960057757525,-0.6396793336757298,33.81399044250193,0.0326814437388188,0.7816313824176295,0.0101965621495082,57.68535220574013,29897.9435947,0.8315503668756409,0.95,-0.0131907582353038,-0.0186968694496181
2025-04-29 20:00:00,1821.79,1825.83,1780.27,1797.7,29919.374335,-0.0131907582353038,-0.013278528982975,1817.188,1804.988,1742.3983333333333,1,0.0035952346393042,11.711336963555368,13.750235438917096,-2.0388984753617265,34.652991125180364,0.032799963903086,0.376899255573609,0.0105299221116524,50.87803313263285,30278.05863675,0.9881536558848378,0.3,0.0062802469822551,-0.001789970627791
2025-04-30 00:00:00,1797.69,1813.17,1788.9,1808.99,16910.892624,0.0062802469822551,0.0062606084116701,1814.65,1804.7825,1745.681833333333,1,0.0139339622112737,10.982890006293246,13.196766352392324,-2.213876346099079,33.9113489019532,0.0326135984520292,0.5714826318016684,0.0105009532708665,53.64576991453652,30619.32249175,0.5522948010543484,0.65,-0.006843597808722,2.5955108305084768e-05
2025-04-30 04:00:00,1809.0,1813.0,1791.0,1796.61,16739.927047,-0.006843597808722,-0.0068671226151828,1808.034,1803.573,1748.9971666666668,1,-0.0045103199889181,9.299429968480354,12.417299075609932,-3.1178691071295788,33.0605382660994,0.0317994789681655,0.3785932968449065,0.0105541988474531,50.29904394323624,30912.843514800003,0.5415201302651276,0.25,0.0105977368488432,0.0082136092014581
2025-04-30 08:00:00,1796.6,1816.96,1792.73,1815.65,13558.600527,0.0105977368488432,0.0105419744597886,1808.136,1803.8695,1753.0438333333334,1,-0.0002973257203265,9.393363785368138,11.812512017561572,-2.419148232193436,32.42978553280659,0.0322026609827476,0.7027994851482647,0.0107564601484548,54.95357550142294,29476.23273255,0.4599841726730403,0.8,-0.0280064990499271,0.0171310044512233
2025-04-30 12:00:00,1815.7,1816.43,1731.41,1764.8,119638.64493,-0.0280064990499271,-0.0284061608094082,1796.75,1801.909,1756.2273333333333,0,0.0008450017297014,5.303501518994153,10.51070991784809,-5.207208398853936,36.186229423320405,0.0373687175694073,-0.0511098877201396,0.0124662359063681,43.29262710414354,34710.2679427,3.446779642482175,0.1,0.0124660018132365,0.0490871816755212
2025-04-30 16:00:00,1764.63,1793.1,1756.4,1786.8,26771.81391,0.0124660018132365,0.0123889409787255,1794.5700000000002,1800.948,1759.569,0,-0.0057867794346762,3.7937404667750334,9.167316027633476,-5.373575560858443,36.22292732165465,0.0380196525492219,0.29337363567773,0.0128220463154276,48.39472109970651,35572.21865755,0.752604558285482,0.2,0.0037161405865233,0.0312623312861842
2025-04-30 20:00:00,1787.0,1809.56,1784.55,1793.44,18712.381225,0.0037161405865233,0.0037092527948215,1791.4600000000005,1800.9300000000003,1763.0020000000002,0,-0.0035281893998744,3.0973323436203373,7.95331929083085,-4.855986947210512,35.42200394153647,0.0380371224874848,0.3906604379633575,0.0127646483163745,49.86099374114792,35358.754037449995,0.5292149492932049,0.3,0.0080961727183512,0.0248875974752757
2025-05-01 00:00:00,1793.41,1819.0,1792.41,1807.96,36883.260751,0.0080961727183512,0.0080635745407942,1793.73,1800.9395,1765.8893333333333,0,0.0033241396915597,3.674706807317989,7.097596794128278,-3.422889986810289,34.791146517141,0.0380454595259903,0.6024627684883046,0.0127746419977685,53.00548908709836,36588.29409815,1.0080617765905877,0.65,0.0013440562844311,0.0219595802150407
2025-05-01 04:00:00,1807.96,1817.12,1802.28,1810.39,15309.889121,0.0013440562844311,0.0013431538493084,1792.678,1801.896,1768.6345,0,-0.0061975758640375,4.279034870815622,6.533884409465747,-2.254849538650125,33.3660646230595,0.0379517168508161,0.6242084402823319,0.0125903070582495,53.530738224651394,36797.25222185,0.4160606620488112,0.7,0.0195151320986084,0.0036374757837443
2025-05-01 08:00:00,1810.4,1859.1,1808.47,1845.72,49227.918108,0.0195151320986084,0.019327153588831,1808.862,1804.9755,1772.2896666666668,1,0.008761046953309,7.522094922036558,6.73152651197991,0.7905684100566486,34.59920286426953,0.042224895533897,1.0346001761977432,0.0132201206385255,60.451722111837206,35928.1330709,1.3701774598433605,1.0,0.0039496781743708,-0.0065125149017792
2025-05-01 12:00:00,1845.59,1873.85,1825.09,1853.01,70972.165926,0.0039496781743708,0.003941898673153,1822.104,1807.3885,1776.1151666666665,1,0.0208634044756876,10.558770518611029,7.496975313306134,3.061795205304893,35.610688373964564,0.0481114498191701,1.0246499084550256,0.01303215847959,61.71866690860944,38406.38470235,1.8479262361202504,1.0,-0.0053588485761005,-0.0062294350197277
2025-05-01 16:00:00,1853.02,1870.47,1839.0,1843.08,24688.589711,-0.0053588485761005,-0.0053732587093352,1832.032,1808.733,1780.609,1,0.011719629143726,12.02546768950424,8.402673788545755,3.622793900958485,35.314924918681385,0.0509411094501681,0.8727742872882867,0.0130613780714065,58.94847965056799,37132.44613585,0.6648791631091625,0.9,-0.0026585932243852,-0.0016255780789716
2025-05-01 20:00:00,1843.09,1851.39,1833.63,1838.18,14540.950545,-0.0026585932243852,-0.0026621335596179,1838.076,1812.4765,1784.9201666666668,1,0.0225176614563051,12.646663846876208,9.251471800211846,3.395192046664363,34.061001710204145,0.0471672218910108,0.8006627204288801,0.0110560954630843,57.575198221507655,34981.7427514,0.415672559492996,0.85,0.0051681554581162,0.0023593255564067
2025-05-02 00:00:00,1838.13,1851.58,1835.26,1847.68,14935.478306,0.0051681554581162,0.0051548463785964,1845.534,1815.0005,1789.397333333333,1,0.0213876251388895,13.747069225479663,10.15059128526541,3.5964779402142533,32.79378730233242,0.0493143718882186,0.865111193963374,0.0103366591666407,59.543049577594495,33405.0662861,0.4471021903708875,0.95,-0.0169780481468653,-0.0068042048209605
2025-05-02 04:00:00,1847.68,1851.6,1816.26,1816.31,27867.826323,-0.0169780481468653,-0.0171238275958763,1839.652,1815.8265,1792.6799999999998,1,0.0109650953740656,11.950098291616314,10.510492686535592,1.4396056050807218,32.9756596378801,0.0486894881355561,0.5054687355099382,0.0111266305315192,51.11217835143333,33231.209294450004,0.8386040386334737,0.6,0.0093651414130848,0.0057155188492673
2025-05-02 08:00:00,1816.31,1835.54,1813.0,1833.32,19832.459334,0.0093651414130848,0.0093215603600942,1835.714,1817.394,1796.0533333333333,1,0.0097320518822459,11.762954701933268,10.760985089615128,1.00196961231814,32.23025537803152,0.0488087381104096,0.6795395125792626,0.0113014542039655,54.84567062517392,33124.88313975,0.5987178656700214,0.75,0.0042327580564223,-0.0050292425113699
2025-05-02 12:00:00,1833.41,1854.27,1823.08,1841.08,37252.488901,0.0042327580564223,0.0042238251344338,1835.314,1818.364,1798.352,1,0.0432230281051677,12.101312804581312,11.029050632608364,1.0722621719729482,32.155951422457846,0.0500649131717291,0.7495270131362173,0.0110861473356557,56.47857143341206,33383.70431875,1.1158884150575552,0.8,-0.0007549916353444,-0.003544018253517
2025-05-02 16:00:00,1841.06,1871.0,1831.5,1839.69,29388.825803,-0.0007549916353444,-0.0007552767850619,1835.616,1818.864,1800.7051666666666,1,0.0296004029550034,12.117618294637625,11.246764165014216,0.8708541296234067,32.68052632085372,0.0508219160466171,0.725296581656073,0.0110528005001509,56.08731381176707,32844.68827395,0.894781693705678,0.75,0.0013263104109932,-0.0008211879700397
2025-05-02 20:00:00,1839.7,1848.01,1833.0,1842.13,9720.001504,0.0013263104109932,0.0013254316382712,1834.506,1820.2135,1802.1358333333333,1,0.0271489428138103,12.186944609700276,11.434800253951428,0.7521443557488485,31.418345869364167,0.0519384190040157,0.7318249330749985,0.0108802100624756,56.6549606439249,30886.6567448,0.3146990489877618,0.8,-0.0039953749192511,-0.0046609496978745
2025-05-03 00:00:00,1842.16,1843.26,1826.17,1834.77,11723.726297,-0.0039953749192511,-0.0040033777529502,1838.198,1820.8655000000003,1802.7955,1,0.0148288678953074,11.515255031932384,11.45089120954762,0.0643638223847631,30.39489259298101,0.0523850002257122,0.6457708072811776,0.0109091884060231,54.371809450928126,30229.7607614,0.387820677428909,0.6,-0.0044583244766374,-0.0013636969390933
2025-05-03 04:00:00,1834.78,1839.52,1824.5,1826.59,10216.636812,-0.0044583244766374,-0.0044682924431932,1836.852,1822.31,1803.3708333333327,1,0.0089483481459795,10.205238923630304,11.201760752364155,-0.9965218287338526,29.296685979196653,0.0510725102587257,0.545986918185185,0.0105032395707,51.86989601277255,29244.62388525,0.3493509388969412,0.5,-0.0013796199475525,0.0078866546523398
2025-05-03 08:00:00,1826.59,1830.51,1817.52,1824.07,16479.725393,-0.0013796199475525,-0.0013805724993594,1833.45,1823.064,1803.8171666666667,1,-0.011729839845697,8.86154836671426,10.733718275234178,-1.8721699085199184,28.13192269496832,0.0506117208211851,0.5109029736326159,0.0104342432823368,51.08994761291867,29223.0655237,0.5639287014442373,0.45,0.0057179823142752,0.0019495591370164
2025-05-03 12:00:00,1824.14,1839.98,1824.0,1834.5,23802.413738,0.0057179823142752,0.0057016967044632,1832.412,1824.9585,1804.4786666666664,1,-0.0099891527838489,8.539835840734895,10.294941788334322,-1.7551059475994268,27.2639282167563,0.0490132957669831,0.6066718323516506,0.0103487331575573,54.1621059919944,29576.18985825,0.8047829640017184,0.55,0.0019678386481329,-0.0020447758300341
2025-05-03 16:00:00,1834.51,1839.0,1808.8,1838.11,31110.546079,0.0019678386481329,0.0019659049899963,1831.608,1826.0815,1805.3405,1,-0.0026965731275907,8.47843900880548,9.931641232428554,-1.453202223623073,27.47364762984514,0.0491325327822895,0.634067083946648,0.0101088019220376,55.21074707578411,30453.787135850005,1.0215657560164944,0.6,-0.0025134513168416,-0.005247135172776
2025-05-03 20:00:00,1838.2,1848.73,1828.8,1833.49,21215.687362,-0.0025134513168416,-0.0025166153384575,1831.352,1829.516,1805.978833333333,1,-0.0025514367472173,7.965168681694649,9.538346722281773,-1.5731780405871234,26.934815656284776,0.0382635090775878,0.5567684262729736,0.0075991208972649,53.52317045344467,25532.63925745,0.8309241809308694,0.45,-0.0006981221604699,-0.0134150955743126
2025-05-04 00:00:00,1833.49,1849.6,1826.67,1832.21,16638.976208,-0.0006981221604699,-0.0006983659612204,1832.476,1831.7865,1807.0473333333327,1,-0.0083726619328022,7.3701543948509425,9.104708256795607,-1.734553861944665,26.648757395121567,0.0316636262628465,0.5073015978543608,0.0071988391729853,53.03945318441532,25025.99737235,0.6648676558395067,0.35,0.0047920271147958,-0.0206611156454998
2025-05-04 04:00:00,1832.16,1849.97,1829.47,1840.99,16176.055081,0.0047920271147958,0.0047805819021436,1835.86,1834.164,1808.4528333333333,1,0.0135879888345051,7.520383607211443,8.787843326878775,-1.2674597196673325,26.20956043832717,0.0253687145861655,0.6466998454973775,0.0072219827820134,55.978356147752265,24899.18106515,0.6496621330105,0.7,-0.0073167154628759,-0.0075763964618633
2025-05-04 08:00:00,1840.99,1841.39,1822.1,1827.52,15896.393149,-0.0073167154628759,-0.0073436139113004,1834.464,1835.142,1809.659666666667,0,-0.003163659372068,6.477852265246156,8.325845114552251,-1.8479928493060955,25.71530612130381,0.0220389594440397,0.3115447745860222,0.0072844951608467,50.73272165673947,23849.83768505,0.6665199721239392,0.25,0.0017236473472246,-0.0122601846697618
2025-05-04 12:00:00,1827.52,1834.25,1818.38,1830.67,10252.452393,0.0017236473472246,0.0017221635718947,1832.976,1836.156,1810.7616666666668,0,-0.0056542898733351,5.838514578347713,7.828379007311344,-1.989864428963632,25.012069969782107,0.0184301315820499,0.3378870192202109,0.0072871303598872,51.86860562558002,23596.96584865,0.4344818083290377,0.25,-0.001234520694609,-0.0159177035835331
2025-05-04 16:00:00,1830.74,1833.2,1822.1,1828.41,8266.022528,-0.001234520694609,-0.0012352833430165,1831.9600000000005,1835.2905,1811.8521666666663,0,-0.0061314678016405,5.090788304243915,7.280860866697859,-2.190072562453944,24.018350686226253,0.0181371873366698,0.2932977310717364,0.0057686339542987,50.96079725828715,21548.87106965,0.3835942264113355,0.25,-0.0106814117183782,-0.0061831995446721
2025-05-04 20:00:00,1828.41,1842.55,1803.05,1808.88,19803.717214,-0.0106814117183782,-0.0107388675020521,1827.2940000000003,1833.084,1812.505,0,-0.0180497576175405,2.8889994763362665,6.40248858862554,-3.5134891122892737,25.12418278006724,0.0199469184069008,-0.161955761274975,0.0060989040835935,43.82291530581502,18990.44863405,1.0428251378164812,0.05,-0.0079441422316571,0.0066011689750095
2025-05-05 00:00:00,1808.89,1818.59,1781.42,1794.51,42603.741646,-0.0079441422316571,-0.0079758650482968,1817.9980000000005,1830.6555,1813.0675,0,-0.0219428048202227,-0.0152966079369889,5.118931549313035,-5.134228157250024,25.984598295776703,0.0264975706435944,-0.2451463068334629,0.0062182158646519,39.44502757794192,19886.2062308,2.142376537361601,0.05,0.0178767462984323,0.0069751720545442
2025-05-05 04:00:00,1794.55,1829.92,1792.7,1826.59,22663.121123,0.0178767462984323,0.0177188364352056,1817.812,1830.076,1813.893166666667,0,0.0,0.2685203813980479,4.148849315730038,-3.88032893433199,26.787126988935515,0.0262942129061342,0.4275567239254365,0.0075398268473401,51.17218858244246,20292.3147597,1.11683272171632,0.275,-0.0120005036707744,-0.0112337026890286
2025-05-05 08:00:00,1826.59,1831.7,1798.3,1804.67,37130.653667,-0.0120005036707744,-0.0120730910226324,1812.612,1827.9255,1814.1330000000005,0,-0.0106355567494668,-1.2607799304494165,3.066923466494148,-4.327703396943564,27.25947506115441,0.027408230997906,0.0358202565983544,0.0078564902856923,44.78941626282816,21402.07352775,1.7349091721816707,0.1,-0.0019338715665467,-0.0190623175333683
2025-05-05 12:00:00,1804.7,1815.8,1794.41,1801.18,26377.598119,-0.0019338715665467,-0.0019357439104692,1807.166,1827.1690000000003,1814.045833333333,0,-0.01816298718997,-2.7229863863931314,1.908941495916692,-4.631927882309823,26.84022684250052,0.0298021733422066,0.0227313431369773,0.0069261681141379,43.85157334799386,21327.56211755,1.236784493868356,0.1,0.008499983344252,-0.0170889006252626
2025-05-05 16:00:00,1801.19,1828.78,1800.91,1816.49,19511.224485,0.008499983344252,0.0084640618967619,1808.688,1826.3275,1814.2808333333328,0,-0.0117620817034888,-2.616248009865785,1.0039035947601964,-3.6201516046259816,26.91378206803619,0.0300644167469542,0.3208349463717285,0.0068644257997592,48.90586392948023,21311.5003751,0.9155256148833418,0.25,0.0021029568013035,-0.0173694273010214
2025-05-05 20:00:00,1816.5,1833.64,1799.19,1820.31,17948.465087,0.0021029568013035,0.0021007486828261,1813.848,1825.289,1814.878333333333,0,-0.0071884766210887,-2.19807693982466,0.3635074878432253,-2.5615844276678845,27.45208334889076,0.0292601237365553,0.4067745837057578,0.0068043996518174,50.11252959154445,20346.2991844,0.8821488824248453,0.3,-0.0075701391521224,-0.0013969221302729
2025-05-06 00:00:00,1820.32,1820.97,1792.72,1806.53,24729.601686,-0.0075701391521224,-0.0075989380888793,1809.836,1823.631,1815.0271666666667,0,-0.0140158606273298,-2.94465998250098,-0.2981260062256157,-2.646533976275364,27.50907739539856,0.029652146483798,0.1837515512543026,0.006983744227034,45.90127780993302,20113.33797855,1.2295125608873598,0.2,-0.0003321284451406,0.0113906083261972
2025-05-06 04:00:00,1806.65,1809.46,1798.29,1805.93,15161.622271,-0.0003321284451406,-0.0003321836120079,1810.088,1821.8210000000004,1815.1196666666667,0,-0.0190441012715983,-3.5438955859367525,-0.9472799221678432,-2.596615663768909,26.34200043858438,0.029295764381216,0.2022575965629472,0.0069659175361114,45.72111365109615,20385.4190169,0.7437483751710304,0.2,-0.0198291185151141,0.018177775972424
2025-05-06 08:00:00,1805.94,1805.99,1757.4,1770.12,30537.098186,-0.0198291185151141,-0.0200283536558741,1803.876,1818.5885,1814.8565,0,-0.0314086849938715,-6.829634071979626,-2.1237507521302,-4.705883319849426,27.93114326439977,0.0376398758171795,-0.2080712435767046,0.0081304185527069,36.51032062426148,21326.08761135,1.431912816945748,0.05,3.9545341558921976e-05,0.0370657922555483
2025-05-06 12:00:00,1770.18,1779.97,1751.45,1770.19,42044.628254,3.9545341558921976e-05,3.9544559662515976e-05,1794.616,1815.7685,1814.3555,0,-0.0330370847831668,-9.320515973329975,-3.5631037963701555,-5.75741217695982,27.97320445979979,0.0439932891783968,-0.0705754970307787,0.0081140591920289,36.5372345852417,22917.48718345,1.834609000430151,0.1,0.0082194566684932,0.0267787162312926
2025-05-06 16:00:00,1770.3,1798.88,1762.14,1784.74,25475.806514,0.0082194566684932,0.0081858609016187,1787.502,1813.802,1813.882833333333,0,-0.0238841397717142,-10.005161155603671,-4.851515268216859,-5.153645887386814,28.599404141242665,0.0462402359139061,0.1534901529305263,0.0084025429702442,42.03735637547173,23367.2912395,1.0902336198444675,0.15,0.018075461972052,0.0065607119317011
2025-05-06 20:00:00,1784.8,1819.34,1765.0,1817.0,37432.177964,0.018075461972052,0.0179140430549321,1789.596,1812.927,1813.8195,0,0.0044889655477422,-7.854097852193036,-5.452031785012094,-2.4020660671809413,30.438018131153893,0.0451077560024753,0.549806138339827,0.0093300166053355,51.97544216853932,24048.7794508,1.556510509840232,0.55,0.0052173913043478,-0.0031123245290502
2025-05-07 00:00:00,1817.0,1850.61,1814.41,1826.48,59918.745372,0.0052173913043478,0.005203827875027,1793.706,1812.3455,1814.0988333333328,0,0.0178154482282071,-5.323047140378776,-5.426234856085431,0.1031877157066549,30.84958826464289,0.0438707667146151,0.6777723575395309,0.0094021309145567,54.44715882234052,25489.18941545,2.3507513085402745,0.65,0.0064550392010862,0.0411733211627365
2025-05-07 04:00:00,1826.52,1838.47,1824.43,1838.27,15411.066158,0.0064550392010862,0.0064342946589083,1807.336,1812.5845,1814.6698333333327,0,0.0063944289632593,-2.3388558745373302,-4.808759059775811,2.469903185238481,29.648903388596967,0.0444819379687339,0.8185708704806454,0.0095030978807616,57.384744591349,25198.95835525,0.6115755239060994,0.95,-0.0009411022319898,0.0494343001659487
2025-05-07 08:00:00,1838.27,1847.0,1830.35,1836.54,31889.151901,-0.0009411022319898,-0.000941545346728,1820.606,1812.801,1815.1785,1,0.0176597383455145,-0.1121663542962778,-3.869440518679904,3.7572741643836265,28.720410289411475,0.0449875571600084,0.7910850339503226,0.0095044254892363,56.80586895018962,25961.4671399,1.2283262625011582,0.9,-0.0102475306826967,0.0653965055701549
2025-05-07 12:00:00,1836.45,1837.16,1814.61,1817.72,23636.156462,-0.0102475306826967,-0.0103003981090843,1827.202,1811.6375,1815.5771666666667,1,0.0091828690080946,0.132358669873156,-3.0690806809692925,3.201439350842449,28.27966669731067,0.0428029137944633,0.5784399812787068,0.0097114353501727,50.80204169623481,26334.47220895,0.8975367447830243,0.6,-0.0119985476310983,0.1236775877115329
2025-05-07 16:00:00,1817.73,1818.3,1787.16,1795.91,48244.633387,-0.0119985476310983,-0.0120711112263398,1822.984,1810.057,1815.3795,1,-0.0113295421389603,-1.417399315975672,-2.7387444079705685,1.3213450919948966,28.48397621893133,0.0426836612316678,0.3168906850596629,0.0099359210731619,44.88196211196184,27951.884220850003,1.725988595466961,0.25,0.0084024255113006,0.1681529097940403
2025-05-07 20:00:00,1795.98,1825.8,1789.05,1811.0,21421.79779,0.0084024255113006,0.0083673216354591,1819.888,1809.0735,1815.7085,1,-0.0051145134619926,-1.411683785618152,-2.4733322835000853,1.0616484978819334,29.074406489007664,0.0414186207088372,0.5257108934825008,0.0101363061902453,49.285453788782384,28510.3514907,0.751369122789936,0.55,0.0495030369961346,0.2017757409804854
2025-05-08 00:00:00,1811.01,1907.23,1808.35,1900.65,90861.950889,0.0495030369961346,0.0483167540296135,1832.364,1812.6855,1817.6505,1,0.052099882094402,5.760448710082073,-0.8265760847836536,6.587024794865727,34.06052031122141,0.0599659054493808,1.3092460384343736,0.0150827640054651,66.43978791869313,32640.14790875,2.78374813567074,1.0,0.0147160182042984,0.1513847292463261
2025-05-08 04:00:00,1900.65,1944.44,1892.16,1928.62,101281.164542,0.0147160182042984,0.0146087883262242,1850.78,1818.6725,1819.715,1,0.0679372954654942,13.54521976842193,2.047783085857464,11.497436682564466,35.36191171756274,0.0815248390822784,1.2415508014336925,0.0150238632956744,69.86465941543415,36714.02027515,2.7586508854916243,1.0,0.0150211031722164,0.2088082288422462
2025-05-08 08:00:00,1928.61,1968.42,1926.09,1957.59,56209.770543,0.0150211031722164,0.0149094035802908,1878.754,1826.8265,1822.0716666666665,1,0.1059080740288793,21.801035044688888,5.998433477623748,15.80260156706514,35.85963230916541,0.103703546194755,1.1902328519729972,0.0149955820352509,72.94442120135083,37394.32172,1.5031632600234257,1.0,0.0480335514586813,0.1881577905321514
2025-05-08 12:00:00,1957.59,2076.66,1954.46,2051.62,157651.302223,0.0480335514586813,0.0469156001370393,1929.896,1838.078,1826.8768333333333,1,0.1589829340353294,35.52179020364815,11.90310482282863,23.61868538081952,42.0268014299393,0.1482871716468012,1.283458122002616,0.0176894644939629,80.06553867937053,44143.730775,3.571318043473638,1.0,0.0324767744514091,0.1190276413251915
2025-05-08 16:00:00,2051.6,2141.25,2036.31,2118.25,93150.250144,0.0324767744514091,0.0319605511219921,1991.346,1853.757,1832.227666666667,1,0.1868675549379741,51.18207655093943,19.75889916845079,31.42317738248864,46.520601327800776,0.1961843044872303,1.2272724218410531,0.0181021047102088,83.39975568105162,46944.71059885,1.9842544336886785,1.0,0.0420252566977457,0.1000768869738045
2025-05-08 20:00:00,2118.19,2226.47,2111.52,2207.27,107356.725044,0.0420252566977457,0.0411661817108836,2052.67,1874.0615,1839.019,1,0.2147881122729773,69.96957068000302,29.80103347076124,40.16853720924178,51.408415518672136,0.2522248658351884,1.2049273049882916,0.0194276855893531,86.61975561661694,50993.6669451,2.105295254792732,1.0,-0.0008879747380248,0.0634361335384848
2025-05-09 00:00:00,2207.2,2245.0,2184.58,2205.31,90662.081568,-0.0008879747380248,-0.0008883692211371,2108.008,1893.5025,1845.7413333333336,1,0.2074098813017388,83.73539006112105,40.5879047888332,43.14748527228785,52.05210012448128,0.2904730819821992,1.0669108665532352,0.019588588821029,86.22318674838138,54551.209799250006,1.6619628034215743,0.95,0.0721395178002186,0.0621579632471303
2025-05-09 04:00:00,2205.31,2393.84,2202.39,2364.4,114791.228964,0.0721395178002186,0.0696562013818944,2189.37,1920.707,1854.7866666666664,1,0.286209316368107,106.25726689748284,53.72177721056313,52.53548968691972,62.00909297273264,0.3545646448258563,1.1515174164819617,0.0239020798836291,90.1607992760182,59393.34799309999,1.9327287119314407,1.0,-0.0056293351378785,0.0156113688262543
2025-05-09 08:00:00,2364.39,2490.84,2291.66,2351.09,214143.982747,-0.0056293351378785,-0.0056452395605606,2249.264,1947.935,1863.4766666666665,1,0.2801735872891415,121.6299365909572,67.30340908664195,54.32652750431524,71.80701490325175,0.3942134787800862,1.0250082403544347,0.023816136740189,87.89730386940015,68864.06704615001,3.109662149397727,0.95,-0.0210965977482786,0.0148490106654109
2025-05-09 12:00:00,2351.1,2388.52,2270.47,2301.49,111819.899771,-0.0210965977482786,-0.0213223111341936,2285.912,1972.713,1871.5825,1,0.2661410998393589,128.3312597229849,79.50897921391055,48.822280509074346,75.11008526730521,0.412979307929629,0.9035610372714636,0.0248807158619863,79.8521091386815,73696.98092115001,1.5172928167931128,0.9,0.0135260201000222,0.0562882163435742
2025-05-09 16:00:00,2301.49,2355.8,2275.0,2332.62,49684.273786,0.0135260201000222,0.0134353600880275,2310.982,2000.838,1880.0973333333327,1,0.2988512787389121,134.602424459212,90.52766826297083,44.07475619624114,75.51650774821199,0.4246321175646236,0.8905063086933265,0.0236901294014462,81.02593460466001,74654.33970115,0.6655242546500567,0.9,0.005384503262426,0.0698956358858279
2025-05-09 20:00:00,2332.17,2352.08,2322.52,2345.18,19427.863454,0.005384503262426,0.0053700586528996,2338.956,2029.5875,1889.222,1,0.2949641082274985,138.98373672310254,100.2188819549972,38.76485476810534,72.23390005191114,0.4297976353979598,0.8617885953236709,0.0235522895305115,81.49439452347391,73523.50146115,0.264240182634198,0.9,-0.0021661450293793,0.0979701071670523
2025-05-10 00:00:00,2345.19,2380.79,2317.29,2340.1,46132.481284,-0.0021661450293793,-0.0021684945150211,2334.096,2057.3555,1898.0738333333327,1,0.23121037539789,140.42728636890752,108.26056283777926,32.166723531128255,71.6100500482032,0.4286619399539716,0.8206047103021015,0.0238092763755179,80.62732671498674,74556.33519965,0.6187600444746185,0.85,0.0255929233793426,0.0825623014453088
2025-05-10 04:00:00,2340.11,2417.26,2326.9,2399.99,58945.200846,0.0255929233793426,0.0252709071793233,2343.876,2086.505,1908.1301666666664,1,0.2444079186153829,144.73551146041927,115.55555256230728,29.179958898112005,72.94933218761727,0.431841545994739,0.847914807696738,0.0239376480470699,82.93281306172942,75631.98634375,0.7793686731707933,1.0,-0.0063916932987219,0.0317901598867993
2025-05-10 08:00:00,2400.0,2436.0,2360.0,2384.65,90507.983046,-0.0063916932987219,-0.0064122076312687,2360.5080000000003,2114.4135,1917.6135,1,0.2181559979362379,145.23779024766736,121.4920000993793,23.745790148288062,73.1672370313589,0.4273366127210666,0.7990776649242474,0.0243067814293489,80.29692099650731,77161.44822744999,1.1729689517906432,0.95,0.0203426079298847,0.0613229638294619
2025-05-10 12:00:00,2384.64,2449.68,2384.61,2433.16,52933.441186,0.0203426079298847,0.0201384610250576,2380.6159999999995,2144.1580000000004,1928.7528333333328,1,0.1859701114241427,147.84592559097928,126.7627851976993,21.083140393279976,72.58886295769038,0.4229848234002323,0.8186539293885833,0.0242874012486337,82.22130486284831,79037.56697885001,0.66972508402447,1.0,0.0271334396422759,0.0139370961673228
2025-05-10 16:00:00,2433.16,2512.97,2428.61,2499.18,93171.303559,0.0271334396422759,0.0267718539980481,2411.416,2177.29,1940.625833333333,1,0.1798324088280418,153.47103532615574,132.1044352233906,21.366600102765148,73.42965846071247,0.4184595311482436,0.8532952047556429,0.0241656665771589,84.44760545778531,82101.67456175,1.1348282974292363,1.0,0.0334589745436504,0.0053552663889149
2025-05-10 20:00:00,2499.18,2600.83,2468.8,2582.8,69995.475754,0.0334589745436504,0.0329114036997853,2459.956,2215.544,1953.7818333333328,1,0.1701332415155374,162.79975622606707,138.2434994239259,24.55625680214117,77.61539714209013,0.4123979284513105,0.9019500113591816,0.0236576339949926,86.71650649580508,84419.64052634999,0.8291373348380018,1.0,-0.0175739507511228,-0.0254442185215615
2025-05-11 00:00:00,2582.6,2609.49,2504.26,2537.41,95570.287951,-0.0175739507511228,-0.0177302060115684,2487.44,2252.619,1965.9393333333333,1,0.1505910733638353,164.63246056387743,143.5212916519162,21.11116891196121,79.58786877479794,0.3856893410579898,0.8277939101157412,0.0240589158817129,79.90234363061438,86785.92325455,1.101218773356651,0.95,-0.0251792181791669,-0.0057069620484156
2025-05-11 04:00:00,2537.41,2562.4,2453.34,2473.52,69947.603899,-0.0251792181791669,-0.0255016383971591,2505.214,2285.745,1976.9915,1,0.0461512434444255,159.09554845744515,146.636143013022,12.45940544442314,81.69302100516951,0.3445641627624713,0.7384184644873929,0.0258473540025855,71.39776603169244,89212.21356,0.7840586070869823,0.85,0.0231411106439407,0.0330391242436509
2025-05-11 08:00:00,2473.4,2535.65,2472.77,2530.76,34841.448869,0.0231411106439407,0.0228774155252771,2524.7339999999995,2317.2505,1988.4088333333327,1,0.0764198733353465,157.5106110697002,148.81103662435766,8.699574445342535,80.34923379051456,0.3152936101859197,0.7922328608369512,0.0246966365896758,74.06149254272788,86411.188459,0.4032052965633196,0.9,-0.0270432597322544,0.0005060079621578
2025-05-11 12:00:00,2530.63,2531.99,2435.0,2462.32,61669.072736,-0.0270432597322544,-0.0274156579409933,2517.362,2343.9355,1998.564,1,0.0698808163407185,149.01425714973175,148.85168072943247,0.1625764202992741,81.53785994833493,0.2759668534436446,0.6830173512906291,0.0264018941132737,66.13116849370999,84430.5838687,0.7304115394002608,0.75,0.018551609863868,0.01060667963208
2025-05-11 16:00:00,2462.39,2525.24,2440.01,2508.0,53073.941928,0.018551609863868,0.0183816278249431,2502.402,2371.456,2009.646,1,0.0751858425290017,144.30339003693916,147.94202259093382,-3.638632553994654,81.80158423773955,0.2341828374821922,0.7458682704329134,0.0264306125710648,68.55162592076759,84273.79243795,0.6297799160643902,0.85,0.0026594896331739,-0.0186949382721829
2025-05-11 20:00:00,2507.99,2528.8,2483.13,2514.67,36912.509888,0.0026594896331739,0.0026559594482278,2497.8540000000003,2394.6085,2020.920833333333,1,0.0722716379979362,139.5001364296295,146.25364535867294,-6.7535089290434485,79.22075679218673,0.2021888423478987,0.747977375637646,0.0251633822587021,68.90110932268672,78236.8528212,0.4718046362672419,0.85,0.0021633057220231,-0.0072771328267205
2025-05-12 00:00:00,2514.61,2548.7,2490.12,2520.11,42785.251755,0.0021633057220231,0.0021609691454126,2507.172,2414.7015,2032.128,1,0.0769240630742276,134.58111851587273,143.9191399901129,-9.33802147424018,77.74641702131625,0.1754344984683802,0.7488268156198676,0.024679741927711,69.20172559900634,75718.60290175,0.5650560115394199,0.85,0.0135668681128997,-0.0377091313922038
2025-05-12 04:00:00,2520.11,2623.76,2486.44,2554.3,104945.475875,0.0135668681128997,0.0134756621512635,2511.88,2432.0530000000003,2044.4278333333336,1,0.0642961012337552,131.92090654907315,141.51949330190496,-9.598586752831809,82.0016729483651,0.1623003517462615,0.8097032152514659,0.0234664674764395,71.09300390733063,75598.04044330001,1.3882036526292123,0.95,-0.0093920056375524,-0.0363428091388878
2025-05-12 08:00:00,2554.48,2585.26,2521.1,2530.31,61910.33519,-0.0093920056375524,-0.0094363886380244,2525.478,2448.303,2056.0443333333333,1,0.0610823391273351,126.41959054603558,138.4995127507311,-12.07992220469552,80.72726773776762,0.1404098307446165,0.7385548465037934,0.0237039100444728,67.94037517863892,74160.4531244,0.8348160317487393,0.8,-0.0169425880623322,-0.0055327678167995
2025-05-12 12:00:00,2530.29,2576.5,2477.01,2487.44,98123.820045,-0.0169425880623322,-0.0170877557208646,2521.366,2454.4550000000004,2066.817,1,0.0223084384093115,117.24893452603692,134.24939710579227,-17.00046257975535,82.06746289935563,0.1370556984499568,0.5980537747137888,0.0186904734915552,62.59822716716848,73327.08267845001,1.3381661517244223,0.55,-0.010750008040395,0.0321639217365499
2025-05-12 16:00:00,2487.45,2512.89,2407.09,2460.7,80366.760457,-0.010750008040395,-0.0108082068443719,2510.572,2459.9355,2077.1671666666666,1,-0.0153970502324762,106.59467200864674,128.7184520863632,-22.123780077716447,83.76264412083022,0.1312017304556184,0.5023687226163673,0.0188450891617993,59.45779526980689,66638.22156394999,1.2060159855838182,0.4,0.0140772950786363,0.0916767372238737
2025-05-12 20:00:00,2460.49,2500.98,2452.41,2495.34,26168.491461,0.0140772950786363,0.013979130151995,2505.618,2469.628,2088.054,1,-0.033862474833514,99.79586608181808,122.93393488545416,-23.138068803636088,81.24888382648523,0.1170642780758709,0.5889364781951453,0.0181609084446792,62.10969221425998,62355.65114844999,0.4196651142123545,0.55,-0.0282686928434602,0.0733445341367201
2025-05-13 00:00:00,2495.6,2495.92,2415.07,2424.8,49549.183539,-0.0282686928434602,-0.028675945702856,2479.718,2474.237,2097.887833333333,1,-0.0443798991885425,87.7047689473311,115.88810169782955,-28.183332750498465,81.22039212459342,0.1068040925670016,0.3129219144827286,0.0193949538750698,54.31794480432014,62348.8966361,0.7947082661012325,0.25,0.0149331903662157,0.0893910711038424
2025-05-13 04:00:00,2424.7,2480.3,2419.6,2461.01,29482.523478,0.0149331903662157,0.0148227880280732,2465.858,2480.0285,2108.4615,0,-0.0050575697791001,80.12074960894597,108.73463128005288,-28.613881671106896,79.75464982997963,0.09551437177171,0.4197119582112592,0.0195960741364138,57.28058262081707,62851.6296373,0.4690812895088923,0.35,0.0214180356845359,0.0720436538002947
2025-05-13 08:00:00,2461.1,2525.99,2451.29,2513.72,47032.48108,0.0214180356845359,0.0211918928829656,2471.114,2488.7095,2119.9556666666667,0,-0.0067331552577093,77.47058346509448,102.4818217170612,-25.01123825196672,79.3936034135525,0.0805131826935444,0.6248191364918935,0.0199998849261291,61.22294815965628,62896.6296271,0.7477742664248469,0.65,0.0207541014910173,0.0449636400971102
2025-05-13 12:00:00,2513.71,2574.27,2491.61,2565.89,92567.290202,0.0207541014910173,0.0205416693246038,2492.152,2497.0045,2132.1455,0,0.0420619578283893,78.6730962188849,97.72007661742592,-19.04698039854104,79.6269174554416,0.0775705189340645,0.8556409758254807,0.0197497617567068,64.6956849119507,64577.7340949,1.4334242521728626,0.95,0.0487628074469288,0.0135409725969595
2025-05-13 16:00:00,2565.72,2738.83,2560.0,2691.01,129087.842089,0.0487628074469288,0.0476111908314376,2531.286,2512.3225,2146.3605,1,0.0729704944178628,88.69975896081314,95.91601308610338,-7.216254125290234,86.71285192291006,0.0923025848991091,1.2705572685058533,0.0220121394151372,71.32775810214677,66506.72704705,1.9409742114910749,1.0,-0.0042549080085173,-0.032395997300979
2025-05-13 20:00:00,2691.0,2707.73,2652.84,2679.56,55506.755054,-0.0042549080085173,-0.0042639858891136,2582.2380000000003,2524.6425,2160.461666666667,1,0.0655712280338971,94.63119263086128,95.65904899505496,-1.027856364193681,84.43979107127363,0.1038251251918132,1.091014488467965,0.0218724183574529,70.03124531823818,66635.39274045,0.8329920898073355,0.95,-0.0122221558763379,-0.0262599467863193
2025-05-14 00:00:00,2679.41,2725.22,2622.63,2646.81,72679.954108,-0.0122221558763379,-0.0122974606435964,2619.398,2532.0240000000003,2174.0383333333334,1,0.0502755832086694,95.58737351046192,95.64471389813636,-0.0573403876744293,85.73623456618265,0.1111862637137316,0.9077274656535992,0.0215500707328776,66.31810923379416,65610.8252679,1.107743330635388,0.9,-0.002414226937332,-0.0274148074252896
2025-05-14 04:00:00,2647.0,2687.44,2636.3,2640.42,38807.480984,-0.002414226937332,-0.0024171458821276,2644.7380000000003,2534.905,2187.3621666666663,1,0.0337156951023762,94.7374596866689,95.46326305584287,-0.725803369173974,83.26507495431244,0.1159977449330459,0.8588417524046346,0.0203490569260329,65.58740154119468,64051.4255294,0.6058800512751605,0.85,-0.0056619780186486,-0.0420077927266255
2025-05-14 08:00:00,2640.43,2645.99,2580.0,2625.47,70382.949577,-0.0056619780186486,-0.0056780677781763,2656.6539999999995,2539.308,2200.661333333333,1,0.0376080401215661,91.79935102487389,94.73048064964908,-2.9311296247751955,82.03114102900439,0.1199065430978191,0.782981150490974,0.0199377482863815,63.81580504027044,62792.0586107,1.1208893470647654,0.8,-0.0106685660091334,-0.0269424168415209
2025-05-14 12:00:00,2625.5,2635.73,2558.95,2597.46,60248.819581,-0.0106685660091334,-0.0107258831853712,2637.944,2545.505,2213.4411666666665,1,0.0442302125880422,86.21685163429538,93.02775484657836,-6.810903212282966,81.65605952693267,0.1187265136072049,0.6719117968850087,0.0191490910301049,60.51756374847474,62307.11939480001,0.9669652547928288,0.75,0.0028258375489902,-0.0126727861697916
2025-05-14 16:00:00,2597.46,2617.33,2547.02,2604.8,36925.052757,0.0028258375489902,0.0028218523759327,2622.992,2549.207,2226.3810000000003,1,0.058560572194904,81.44609739228372,90.71142335571942,-9.2653259634357,80.84562670358034,0.1201140893347243,0.6815603684697268,0.0185321570820913,61.08515682751983,62411.2995892,0.5916405042043014,0.75,0.0018811425061424,-0.0284081400994369
2025-05-14 20:00:00,2604.78,2614.04,2583.44,2609.7,15133.958301,0.0018811425061424,0.0018793753733835,2615.57,2556.576,2239.728,1,0.0458294260501572,77.17104951159308,88.00334858689415,-10.832299075301066,77.25665336761031,0.1171976758908746,0.6773017658345855,0.0172640719240328,61.48323435663608,60084.54386745,0.2518777263980966,0.75,-0.0133770165153082,-0.0232166997299225
2025-05-15 00:00:00,2609.77,2647.18,2566.92,2574.79,42620.158109,-0.0133770165153082,-0.0134672948074856,2602.444,2559.9155,2252.7326666666663,1,0.0618566479709665,70.15736755935268,84.43415238138587,-14.276784822033193,77.47117812706671,0.1158649783968685,0.550149263705232,0.0172314732746805,57.008851690734,59561.8546765,0.715561299097956,0.6,-0.0170072122386679,0.0028839514369862
2025-05-15 04:00:00,2574.79,2596.77,2516.0,2531.0,48541.65212,-0.0170072122386679,-0.0171534958289949,2583.55,2560.732,2264.4728333333333,1,0.0284395431144122,60.36958406333088,79.62123871777487,-19.251654654444,77.70680826084767,0.1151814143793192,0.3991960411680285,0.017713499864348,51.9060982702823,60143.31178810001,0.807099753519135,0.45,0.009403397866456,0.0275464288011949
2025-05-15 08:00:00,2530.9,2566.71,2517.92,2554.8,47923.412941,0.009403397866456,0.0093594611423101,2575.018,2562.4665,2276.975,1,0.016342313384148,53.91169575091181,74.47933012440227,-20.567634373490463,75.6413219565014,0.1142134587609487,0.4738048035372258,0.017823541532167,54.30030834671695,60400.2198474,0.793431101113168,0.5,0.0036010646625959,0.0256786231515487
2025-05-15 12:00:00,2554.53,2579.72,2477.77,2564.0,72807.905246,0.0036010646625959,0.0035945963531265,2566.858,2562.9515,2289.6886666666664,1,-0.0007365865255329,48.9716214804871,69.37778839561923,-20.406166915132133,77.52051324532272,0.1141550204879389,0.5035837114195417,0.0175865412830916,55.22814784642861,58793.34131595,1.2383699176873963,0.5,-0.0129095163806551,0.0123202137688707
2025-05-15 16:00:00,2563.8,2604.17,2511.44,2530.9,53671.920063,-0.0129095163806551,-0.0129935683510492,2551.098,2562.981,2301.5955000000004,0,-0.0594981066588381,41.90265592410924,63.88276190131724,-21.980105977208,78.6069051563711,0.1141333349545689,0.3903294546293309,0.0177061174513795,51.20043854391026,58381.4205596,0.919332204467478,0.35,0.0070725828756568,0.0242201040194768
2025-05-15 20:00:00,2530.99,2564.73,2512.24,2548.8,21641.151136,0.0070725828756568,0.0070476894662726,2545.9,2566.049,2313.737,0,-0.0487990565615249,37.31468967994852,58.5691474570435,-21.254457777094984,76.74141193091604,0.1109213312642439,0.4393984260695771,0.0172948458888606,53.18863223192759,54557.28711415001,0.3966683880508996,0.4,0.0127236346516006,-0.0041107723294093
2025-05-16 00:00:00,2548.92,2584.28,2534.02,2581.23,24530.697376,0.0127236346516006,0.0126433693395219,2555.9460000000004,2572.0755,2326.648666666667,0,-0.0247769957042628,35.88189915042176,54.031697795719154,-18.149798645297395,74.8498825072792,0.104133996702217,0.5341789234418342,0.0172261472333532,56.63572861159104,51765.4839601,0.4738813491033498,0.6,0.0076552651255408,-0.0326347293722226
2025-05-16 04:00:00,2581.16,2619.64,2563.97,2600.99,35368.84002,0.0076552651255408,0.0076261122708295,2565.184,2577.358,2339.8996666666667,0,-0.0149332303194189,35.92672823241173,50.41070388305767,-14.483975650645938,73.47989089961641,0.1006171770854734,0.5911283700222719,0.0170586807841961,58.63450844906089,52225.50138805,0.6772331347706877,0.65,0.0075355922168098,-0.0418917885070537
2025-05-16 08:00:00,2601.0,2648.5,2557.9,2620.59,49248.30964,0.0075355922168098,0.0075073414770502,2576.502,2587.1475,2354.0741666666668,0,-0.0018587148205844,37.11596209172103,47.75175552479035,-10.635793433069315,74.70275583535809,0.0852050513204751,0.651709299724322,0.015498929617528,60.57562468111552,52210.4576931,0.9432652348977308,0.75,-0.0097573447200821,-0.0539757522945356
2025-05-16 12:00:00,2620.5,2622.98,2573.7,2595.02,45491.207508,-0.0097573447200821,-0.0098052595438023,2589.326,2593.848,2367.8213333333333,0,-0.0009393792397188,35.584952014635746,45.31839482275943,-9.733442808123684,72.8868447042611,0.0723268956973293,0.5062471691265354,0.0155656410136403,56.82897963628032,53010.891894600005,0.8581483140945606,0.5,-0.001009626130049,-0.0470791652320167
2025-05-16 16:00:00,2595.16,2601.96,2570.0,2592.4,26375.906048,-0.001009626130049,-0.0010101361458227,2598.0460000000003,2597.782,2381.2823333333336,1,-0.0047604422604422,33.77091332729424,43.0088985236664,-9.237985196372158,69.96349865395673,0.0664664082411994,0.468829858092812,0.0149469100058986,56.44375346729773,51978.063143,0.5074430337166594,0.45,-0.0212582934732294,-0.0477303062066566
2025-05-16 20:00:00,2592.4,2592.74,2530.0,2537.29,42596.168021,-0.0212582934732294,-0.0214875052488914,2589.258,2596.352,2393.2871666666665,0,-0.0277464842702225,27.568564916102787,39.92083180215368,-12.352266886050892,69.44753446438838,0.0687848903610865,0.1692868009180722,0.0150719003087971,48.93032993667966,49479.50703395,0.8608850527102655,0.15,-0.0158003223912127,-0.0245049190536264
2025-05-17 00:00:00,2537.28,2538.61,2452.71,2497.2,81640.534013,-0.0158003223912127,-0.0159264781170805,2568.5,2586.6615,2404.4658333333336,0,-0.0301344964055321,19.196940777236705,35.77605359717028,-16.579112819933577,70.62271057407493,0.0681649343317239,-0.0073825840900924,0.0100547974704078,44.30960427810971,47107.14163015,1.7330818892383737,0.05,-0.0016017940092903,-0.0078684053321425
2025-05-17 04:00:00,2497.33,2513.29,2475.31,2493.2,26036.221943,-0.0016017940092903,-0.0016030782528935,2543.022,2577.3435,2415.381333333333,0,-0.014934808376136,12.10011912111895,31.040866701960017,-18.940747580841062,68.29108839021244,0.0669598381200344,0.0124334823042863,0.0100643400620455,43.86450804220265,45633.6149746,0.5705491874244885,0.05,-0.0045483715706721,0.0067016883889633
2025-05-17 08:00:00,2493.2,2496.4,2466.0,2481.86,18442.154348,-0.0045483715706721,-0.0045587468851216,2520.3900000000003,2569.096,2426.1366666666668,0,-0.0285501800532331,5.4974227338916535,25.932177908346347,-20.434755174454693,65.58458207662585,0.0697690621834857,0.0133098850076679,0.0098605165775594,42.55927512148524,42921.724986600006,0.4296694588523077,0.05,-0.0028607576575632,0.008205883540846
2025-05-17 12:00:00,2481.89,2486.89,2446.0,2474.76,32504.204744,-0.0028607576575632,-0.0028648574456177,2496.862,2560.813,2437.087333333334,0,-0.0348049921996879,-0.304660449649873,20.684810236747104,-20.989470686396977,63.82068335686685,0.072089705709374,0.0338615830308144,0.0098592307449184,41.72218582899759,42606.5611746,0.7628920017928472,0.05,-0.0016607671046889,0.0419330837839483
2025-05-17 16:00:00,2474.75,2489.52,2448.61,2470.65,27674.386438,-0.0016607671046889,-0.0016621477071615,2483.534,2553.072,2448.333,0,-0.0238057607965546,-5.174843451573906,15.512879499082905,-20.68772295065681,62.18420597423349,0.0746059780538972,0.0672805087730882,0.0098469778648092,41.21680352734615,40471.133017650005,0.6838055763334036,0.05,0.0019670936798008,-0.0226101579509704
2025-05-17 20:00:00,2470.46,2496.37,2453.08,2475.51,13395.168199,0.0019670936798008,0.0019651614844861,2479.196,2546.9745000000003,2459.408166666667,0,-0.0287547080979284,-8.543849012037754,10.701533796858772,-19.24538280889653,60.83461983321681,0.0774592873851393,0.1377634528994297,0.0097329519124093,42.10977451256584,38128.45044855,0.3513168786409312,0.15,0.0008361913302712,0.0125614298941357
2025-05-18 00:00:00,2475.52,2488.0,2468.47,2477.58,16067.794444,0.0008361913302712,0.0008358419170714,2476.072,2540.6135,2469.023666666667,0,-0.040155274810846,-10.920889277220796,6.377049182042859,-17.297938459263655,57.88428984512991,0.0781801853400298,0.1826517371748055,0.0096872578802973,42.510357514818125,37085.5875329,0.433262502036557,0.2,0.0129682997118156,-0.0333029641110858
2025-05-18 04:00:00,2477.34,2515.18,2477.34,2509.71,28844.267349,0.0129682997118156,0.0128849313038605,2481.6420000000003,2535.6140000000005,2478.7085,0,-0.0350943294668567,-10.095711259604286,3.0824970937134304,-13.178208353317716,56.452554856192044,0.0748264893980217,0.3634699276655154,0.0102494231499021,48.47064300754028,37771.10298529999,0.7636596516714327,0.4,-0.0030441764187894,-0.0385580284979605
2025-05-18 08:00:00,2509.71,2529.78,2497.46,2502.07,24465.447491,-0.0030441764187894,-0.0030488193488167,2487.1040000000003,2531.978,2487.7831666666666,0,-0.0452264566376273,-9.9436121146382,0.4772752520431045,-10.420887366681304,54.72880093789263,0.0743706463252942,0.3411724311187537,0.0098948165703803,47.21708638459428,36863.3674544,0.6636791259307432,0.4,0.0308664425855391,-0.0298772017886029
2025-05-18 12:00:00,2501.85,2587.82,2486.92,2579.3,54075.332094,0.0308664425855391,0.0303996550194686,2508.8340000000003,2534.393,2496.5778333333333,0,-0.0060577567802945,-3.5503308800966806,-0.3282459743848526,-3.222084905711828,58.026743728043165,0.0760573646557973,0.7329693615141682,0.0115661132689801,58.81295255237935,37140.0514531,1.4559843074607923,0.75,-0.0662040088396077,-0.0403337927116532
2025-05-18 16:00:00,2579.31,2584.5,2403.33,2408.54,116791.628652,-0.0662040088396077,-0.0684972894932901,2495.44,2527.08,2501.416,0,-0.0709226971146428,-12.122770586594015,-2.6871508968266853,-9.43561968976733,66.82269060461151,0.0872712078119923,-0.0374956399886633,0.0187827084073327,38.61367714906096,40583.46223865,2.877813331085698,0.05,0.037138681524907,0.0469096194034529
2025-05-18 20:00:00,2408.31,2511.64,2315.89,2497.99,106739.752112,0.037138681524907,0.0364656536953734,2499.522,2523.7795,2506.2613333333334,0,-0.0154889665745737,-11.565305734572576,-4.462781864375863,-7.102523870196713,76.03178413285355,0.0868557217079506,0.382349688725788,0.0207731899637915,48.57690191869043,42280.05458195,2.5245887964763614,0.45,-0.0450282026749504,0.0133839128259395
2025-05-19 00:00:00,2498.0,2513.5,2379.6,2385.51,63496.25617,-0.0450282026749504,-0.0460734705342797,2474.682,2516.51,2509.264666666667,0,-0.0447260932244112,-19.96951069968873,-7.564127631438436,-12.405383068250291,80.16522812336402,0.0993116354587747,-0.0241704104247155,0.0228703143422951,39.8239872384598,42771.2713873,1.4845538631534303,0.05,0.0077132353249409,0.0684801588587505
2025-05-19 04:00:00,2385.6,2413.37,2347.74,2403.91,57200.103367,0.0077132353249409,0.007683640409632,2455.05,2509.2655000000004,2509.923166666667,0,-0.0358134124819509,-24.85862272991153,-11.023026651133057,-13.835596078778476,79.12699754312375,0.106136285564944,0.1044087177232599,0.0228851669834329,41.67539420101302,44549.21899885,1.2839754467631983,0.1,0.0056366502905682,0.0526008606727503
2025-05-19 08:00:00,2403.91,2423.1,2389.37,2417.46,25965.409012,0.0056366502905682,0.0056208238216479,2422.682,2501.077,2511.029333333333,0,-0.0259482807249401,-27.3249227794604,-14.283405876798522,-13.041516902661872,75.88435486147206,0.1076236506145754,0.1893582671436953,0.0226883154262073,43.0646013384681,44620.95458065,0.5819106573587283,0.2,0.0204098516624888,0.039757607949707
2025-05-19 12:00:00,2417.46,2473.32,2383.86,2466.8,59679.981518,0.0204098516624888,0.0202043619453896,2434.334,2494.3675,2513.7845,0,-0.0032164735166237,-25.0098595957229,-16.4286966205834,-8.581162975139502,76.85404379993835,0.101965674359063,0.3916115643817046,0.0231782201167775,47.9282469841697,45836.51165555,1.3020183989235534,0.25,0.0210394032754985,0.0068743557343474
2025-05-19 16:00:00,2466.85,2547.77,2450.85,2518.7,100906.944279,0.0210394032754985,0.0208211312639939,2438.476,2489.273,2516.8858333333333,0,0.0194483233157265,-18.770880068911083,-16.897133310248936,-1.873746758662147,78.28732638565705,0.0916083917341094,0.6290441145240062,0.0236738106884007,52.52255198073026,48419.4433875,2.0840170233152704,0.8,0.0036129749473936,-0.0068265291807579
2025-05-19 20:00:00,2518.7,2534.47,2492.67,2527.8,37095.073861,0.0036129749473936,0.0036064638316942,2466.934,2485.912,2519.9295,0,0.0211229201255498,-12.94295160694901,-16.106296969588954,3.1633453626399444,75.68108878668153,0.084439870464431,0.6995521060735141,0.0236233270640582,53.30056694484188,47999.63670515,0.7728198879684433,0.85,0.0100680433578606,-0.0011272662722453
2025-05-20 00:00:00,2528.0,2587.99,2510.3,2553.25,77461.831255,0.0100680433578606,0.0100176982451824,2496.802,2483.9545,2523.4820000000004,1,0.030541899757021,-6.199213334962224,-14.124880242663608,7.925666907701384,75.82458244477569,0.0790508097352047,0.8529027751168706,0.0237536174260368,55.49701435383622,50553.9329655,1.532261225014145,0.95,-0.0081660628610593,-0.0029950164795297
2025-05-20 04:00:00,2553.26,2578.08,2520.89,2532.4,46291.402037,-0.0081660628610593,-0.0081995877882368,2519.79,2483.71,2525.6888333333336,1,0.0090408852018759,-2.5082592661983654,-11.80155604737056,9.293296781172195,74.49354084157743,0.07864833552128,0.7492581416579439,0.023327661905303,53.28583518568436,50738.6946663,0.9123490925702936,0.9,-0.0072066024324751,0.0077604373442014
2025-05-20 08:00:00,2532.22,2539.98,2491.64,2514.15,34941.825185,-0.0072066024324751,-0.0072326954285943,2529.26,2484.5575,2527.8471666666665,1,0.0048280024140012,-1.0437424400588498,-9.649993325908218,8.606250885849368,72.62543078146477,0.0792210758215882,0.6503459966587879,0.0230960652272822,51.356998568519366,48403.7592249,0.7218824683150875,0.75,-0.0124734005528708,0.009209845243072
2025-05-20 12:00:00,2514.14,2515.2,2464.15,2482.79,47472.962182,-0.0124734005528708,-0.01255184642064,2522.078,2484.0370000000003,2528.6743333333334,1,-0.0374171286783237,-2.386086893196989,-8.197212039365972,5.811125146168983,71.0843285827887,0.0791746665651765,0.4936595198099343,0.0232777544823241,48.132793883388246,49475.59623685,0.9595227908873908,0.55,0.0073385183603931,0.0336624329929153
2025-05-20 16:00:00,2482.98,2512.0,2442.0,2501.01,40231.793161,0.0073385183603931,0.0073117224495282,2516.7200000000003,2484.9945,2528.7048333333337,1,0.038392553164988,-1.9571420984393624,-6.949198051180651,4.992055952741288,71.00687654116093,0.079360757428298,0.5812099542452615,0.0233058148390038,50.09317240796091,50565.0781775,0.7956438437566183,0.6,0.0093122378559062,0.0050991990764301
2025-05-20 20:00:00,2501.2,2541.43,2485.22,2524.3,37067.210598,0.0093122378559062,0.009269146281714,2510.9300000000003,2487.4715,2527.7298333333333,1,0.0105324681043561,0.2591211122498862,-5.507534218494544,5.76665533074443,69.94995678822087,0.0803488118771994,0.6842665301668608,0.02336823992523,52.56139752286753,50793.2284702,0.7297667762888325,0.8,0.0082002931505762,0.0109493298929212
2025-05-21 00:00:00,2524.3,2554.64,2508.02,2545.0,30606.403471,0.0082002931505762,0.0081668534326437,2513.45,2491.189,2527.8563333333336,1,0.066857820759502,3.643838771766696,-3.677259620442296,7.321098392208992,68.28353130334796,0.0824087027078282,0.7621146577279837,0.0234074520483968,54.705548433247245,50939.82932185,0.6008344330645758,0.9,0.0025893909626719,0.0335224892493032
2025-05-21 04:00:00,2545.01,2616.0,2534.55,2551.59,70114.582447,0.0025893909626719,0.0025860442659191,2520.938,2494.993,2529.1575000000003,1,0.0614332483329242,6.779855869431231,-1.585836522467591,8.365692391898822,69.22399335310881,0.0846792291658251,0.7678842521746071,0.0234081704202043,55.396726500163176,53775.80003425,1.3038315078965588,0.9,-0.0057571945336045,0.0330590585817555
2025-05-21 08:00:00,2551.6,2563.53,2515.34,2536.9,42067.787843,-0.0057571945336045,-0.0057738310619357,2531.76,2497.9590000000003,2529.259833333333,1,0.049407229075145,7.987734155414273,0.3288776131087818,7.658856542305491,67.72156525645818,0.0855411140702387,0.6822413366098121,0.0234685191296289,53.43912040538898,55075.79970419999,0.7638161963863772,0.8,0.0119791871969725,0.0449528987952297
2025-05-21 12:00:00,2536.72,2582.57,2521.92,2567.29,72964.563793,0.0119791871969725,0.0119080046428938,2545.016,2500.838,2531.0093333333334,1,0.0407369871898815,11.267322736678125,2.5165666378226503,8.750756098855474,67.21645345242545,0.0887492706902858,0.7994040727857041,0.0234439998743209,56.83727874693462,57281.814526400005,1.273782340805076,0.95,-0.0212247155560921,0.0379677519428612
2025-05-21 16:00:00,2567.2,2615.35,2452.03,2512.8,140631.145748,-0.0212247155560921,-0.0214531986070635,2542.716,2501.3745,2531.089333333333,1,-0.0023424782625955,9.361617804772322,3.885576871212585,5.476040933559737,74.0809924915379,0.0888280356627419,0.5514217009380193,0.0239719659183632,49.81676706237613,63090.09943925,2.2290525296035546,0.45,0.0151623686723973,0.0481393223255558
2025-05-21 20:00:00,2512.41,2598.48,2485.62,2550.9,45385.06903,0.0151623686723973,0.0150485688354197,2543.896,2499.9545000000003,2531.693166666667,1,0.0091383812010443,10.80117527630091,5.26869655223025,5.53247872407066,76.8509215992852,0.0862026521260185,0.7364030617085766,0.0231684192094886,54.08711196305101,62655.58628605,0.7243579019881391,0.85,0.0307734525069582,0.0444192960125961
2025-05-22 00:00:00,2551.0,2647.99,2544.53,2629.4,81801.226225,0.0307734525069582,0.0303094452026473,2559.458,2510.9975000000004,2533.514666666667,1,0.029824733183198,18.06805163973468,7.828567569731136,10.23948407000354,78.7515700564791,0.09012194765205,1.0232196226083892,0.0182805087660973,61.37924298489191,60906.0661647,1.343071903606384,1.0,0.0021259602951242,0.0350446653134501
2025-05-22 04:00:00,2629.4,2647.4,2602.1,2634.99,53145.527803,0.0021259602951242,0.0021237036393437,2579.076,2517.8475000000003,2534.8595,1,0.0405109777286367,24.001495495533163,11.063153154891545,12.93834234064162,76.36217219530202,0.0993888695925612,0.9681093488848468,0.0165947611005289,61.84398263184333,58226.35494925,0.9127400787722596,1.0,0.0061366456798697,0.0085223683261032
2025-05-22 08:00:00,2634.99,2692.67,2627.06,2651.16,65120.125285,0.0061366456798697,0.0061178931490893,2595.85,2531.13,2536.873666666667,1,0.0544955551578067,29.6665982828913,14.783842180491494,14.882756102399808,75.5941598956376,0.0967805842959838,0.989989885212418,0.0121925360021578,63.22262788819901,58307.54840500001,1.1168386781190032,1.0,0.004994040344604,-0.0311155500783005
2025-05-22 12:00:00,2651.1,2679.99,2622.44,2664.4,49934.327381,0.004994040344604,0.0049816114880874,2626.17,2544.1545,2539.823,1,0.0731475477184941,34.82317057175669,18.79170785874453,16.031462713012157,74.30529133166347,0.0951119278658624,0.9969244509202622,0.0121801096637446,64.35819253029405,57944.2596057,0.8617648705979487,1.0,-0.0110531451733975,-0.035396626558095
2025-05-22 16:00:00,2664.52,2676.59,2626.3,2634.95,29658.397253,-0.0110531451733975,-0.0111146850756639,2642.98,2555.029,2542.7271666666666,1,0.0535543640369289,36.11708708785591,22.25678370456681,13.860303383289097,72.58991337940179,0.0878795137185499,0.8559405198579187,0.0127107758610003,59.925906517448674,58128.90901774999,0.5102176826326406,0.85,0.0114423423594376,-0.0273879651072211
2025-05-22 20:00:00,2634.98,2666.08,2628.08,2665.1,17770.376122,0.0114423423594376,0.0113773738847549,2650.12,2564.9440000000004,2545.5565,1,0.0557778394010219,39.1243768131435,25.63030232628215,13.49407448686135,70.11920528087309,0.0891673569708702,0.9379183966677868,0.0122664425301022,62.75397892243208,56033.428747950005,0.317138831570255,1.0,0.0213988218078122,-0.0521700972165768
2025-05-23 00:00:00,2665.2,2734.36,2645.23,2722.13,86552.719727,0.0213988218078122,0.0211730817236061,2667.548,2575.1155,2550.512,1,0.0695992141453831,45.58405535217935,29.62105293146159,15.963002420717755,71.47711918938217,0.1017902263572888,1.0608637586902276,0.0122930396927953,67.43535850899084,55315.71752035,1.5647039143107615,1.0,-0.0243963366922227,-0.0643312082668492
2025-05-23 04:00:00,2722.29,2726.53,2651.37,2655.72,51475.854016,-0.0243963366922227,-0.0246988577194005,2668.46,2581.5115,2553.7571666666668,1,0.0408098479771434,44.827916824619024,32.662425710093075,12.165491114525947,71.74018210442632,0.103551640963067,0.7776020082600099,0.0138338674570371,58.253496490665306,56034.7565281,0.918641521895186,0.85,-0.0335012727245341,-0.0409858766963155
2025-05-23 08:00:00,2655.73,2688.85,2550.0,2566.75,84238.426113,-0.0335012727245341,-0.0340752971732467,2648.9299999999994,2582.1865000000003,2554.641,1,0.0117663289841931,36.62731921100749,33.45540441027596,3.1719148007315283,76.53374052553872,0.1031821547660056,0.4420629153633265,0.0158703021667019,48.688878000772334,56373.586271,1.4942889336159615,0.55,0.0007129638648095,-0.0011052002202995
2025-05-23 12:00:00,2566.77,2592.23,2497.27,2568.58,104296.086628,0.0007129638648095,0.0007127098268127,2635.656,2583.9955,2554.685833333333,1,0.0005024753728639,29.93092712956241,32.75050895413325,-2.8195818245708466,77.84990191657167,0.1017301032418613,0.4413569732736798,0.0157422177447078,48.87481794829681,59273.82050055,1.7595641000909037,0.6,-0.0030444837225236,-0.0049154798747879
2025-05-23 16:00:00,2568.63,2587.33,2544.75,2560.76,34465.480286,-0.0030444837225236,-0.0030491275909417,2614.788,2586.326,2552.5150000000003,1,0.0190862782553327,23.71955524661189,30.944318212628986,-7.224762966017092,75.33062320824511,0.0989873948160009,0.400138146092318,0.0156577016286786,48.07313257079006,59250.00325559999,0.5816958378435617,0.45,-0.0133397897499181,-0.0022936024592722
2025-05-23 20:00:00,2560.65,2562.49,2503.25,2526.6,30086.615354,-0.0133397897499181,-0.0134295640190081,2575.682,2588.5165,2549.9656666666665,0,-0.0095260496295426,15.857773227244708,27.92700921555213,-12.069235988307424,74.18129297908473,0.0944271790227109,0.2466864358437056,0.0156981901519596,44.62935412382684,58380.6859142,0.5153522073758644,0.2,0.0092377107575398,0.0016235628137445
2025-05-24 00:00:00,2526.59,2556.5,2515.46,2549.94,17983.046681,0.0092377107575398,0.0091953040679491,2554.526,2590.963,2548.351166666667,0,-0.0302198220126265,11.37942237757261,24.617491847956227,-13.238069470383618,71.81405776629296,0.0902784932538638,0.3246192577429456,0.0157442748951761,47.40185008686851,57268.2485902,0.3140142596237409,0.3,-0.001051005121689,-0.0144707172089763
2025-05-24 04:00:00,2549.99,2563.59,2535.58,2547.26,18910.587775,-0.001051005121689,-0.0010515578148615,2550.628,2592.111,2546.7985,0,-0.0332942440009258,7.527273736061943,21.19944822557737,-13.672174489515433,68.68519649727205,0.0885332721092296,0.3045606453830269,0.0156294545155521,47.11015808547288,56360.41744905,0.335529590285509,0.25,0.0063794037514819,-0.0207692885017923
2025-05-24 08:00:00,2547.26,2575.99,2545.21,2563.51,15954.461821,0.0063794037514819,0.0063591414838374,2549.6140000000005,2593.0365,2545.7658333333334,0,-0.0330609997133328,5.71972396010824,18.103503372483548,-12.383779412375308,65.9776824617526,0.0875429399092084,0.3699284808415725,0.0155879110521552,49.15328517097508,55627.82036654999,0.2868072434956252,0.45,-0.0030973157896789,-0.0259380773250293
2025-05-24 12:00:00,2563.52,2565.7,2543.39,2555.57,16897.051824,-0.0030973157896789,-0.0031021223998551,2548.576,2593.2355,2545.067666666667,0,-0.0408459690737126,3.604980130400236,15.203798724066887,-11.598818593666651,62.85856228591312,0.0873220092254641,0.3336671385854913,0.0155992356404751,48.17404759503551,52966.9438354,0.3190112662816501,0.35,-0.0004226063070079,-0.0172434328784691
2025-05-24 16:00:00,2555.58,2567.29,2542.82,2554.49,8893.077065,-0.0004226063070079,-0.0004226956302199,2554.154,2594.115,2544.2291666666665,0,-0.0305356837890662,1.820893310766678,12.527217641406846,-10.706324330640168,60.1165221226336,0.086135356164516,0.3226633106598454,0.0155376093028213,48.03387243595144,51308.2082965,0.1733265954953769,0.3,-0.0094226244769013,-0.0108365934133149
2025-05-24 20:00:00,2554.49,2556.66,2517.24,2530.42,16418.30339,-0.0094226244769013,-0.0094672982538702,2550.25,2592.2715,2542.907833333333,0,-0.0505346891298637,-1.517760389068826,9.718222035311712,-11.235982424380538,58.63819911387407,0.0884256171847984,0.2301691188729721,0.0154392317039085,44.89824602486343,48480.895276350006,0.3386551196386258,0.15,-0.0068565692651811,0.0083104465894052
2025-05-25 00:00:00,2530.5,2539.43,2476.0,2513.07,39823.403417,-0.0068565692651811,-0.0068801835400687,2543.4120000000003,2592.285,2541.8791666666666,0,-0.0768001528215037,-5.500263881656792,6.674524851918012,-12.174788733574804,58.980470605740194,0.0883963101771801,0.1543070342192478,0.0147483159096324,42.732805824101305,43440.5081598,0.9167342902736282,0.05,-0.007349576414505,0.0186163730198419
2025-05-25 04:00:00,2513.07,2519.01,2487.14,2494.6,17215.056155,-0.007349576414505,-0.0073767176172393,2529.63,2589.4700000000003,2541.2725,0,-0.0606690464356182,-10.031168169221472,3.333386247690115,-13.364554416911588,57.04400841961592,0.0935207640586802,0.1082491293539399,0.0143937622673475,40.49378910731664,42032.00751605,0.4095701626534587,0.05,0.0012106149282449,0.0340479806843469
2025-05-25 08:00:00,2494.69,2502.43,2461.14,2497.62,25609.517711,0.0012106149282449,0.0012098827248773,2518.04,2582.881,2540.3195,0,-0.0269328917892276,-13.225794968091122,0.0215500045338679,-13.24734497262499,55.91872210392907,0.0975046905593852,0.1614517945105019,0.0123268605725404,41.03778354407781,39222.42209035,0.6529305521216341,0.1,0.0055973286568813,0.0278890767326238
2025-05-25 12:00:00,2497.62,2525.0,2479.06,2511.6,20429.908254,0.0055973286568813,0.0055817218234682,2509.4620000000004,2576.7115,2539.446166666667,0,-0.0221834632364964,-14.462772716856762,-2.875314539744258,-11.587458177112504,55.20595623936271,0.0987221385147968,0.24403690651031,0.0124194393835758,43.60780117024154,37586.6411129,0.5435417384765544,0.15,0.0059842331581463,0.0214661771856837
2025-05-25 16:00:00,2511.55,2535.74,2496.11,2526.63,11200.534625,0.0059842331581463,0.0059663987497042,2508.704,2570.485,2539.375,0,-0.0133280744778894,-14.068122546040286,-5.113876141003464,-8.954246405036821,54.09338793655107,0.096602564283298,0.3233899609021664,0.0124140220153619,46.31696847948386,34890.6615799,0.3210181211196197,0.3,0.0097244155258189,0.0058748039542659
2025-05-25 20:00:00,2526.58,2554.88,2507.38,2551.2,22075.259958,0.0097244155258189,0.0096774377061893,2516.3300000000004,2564.825,2539.415,0,0.0097364046544763,-11.638603209405574,-6.418821554683887,-5.219781654721687,53.62243165536886,0.0909284485854302,0.4415776541304408,0.012604486877521,50.50321365035831,33497.70820875,0.659008067669348,0.5,0.0034493571652556,0.0050676109458111
2025-05-26 00:00:00,2551.39,2577.02,2536.33,2560.0,22273.883641,0.0034493571652556,0.0034434217777603,2529.41,2561.0775,2539.0611666666664,0,0.0039451908672361,-8.900505686863653,-6.91515838111984,-1.985347305743813,52.69868653712823,0.0875271436657213,0.4951932470440809,0.0124783751479161,51.94850928606464,33128.48252815,0.6723484428263018,0.65,0.00808203125,-0.0041232013194712
2025-05-26 04:00:00,2560.17,2600.0,2557.51,2580.69,25556.853745,0.00808203125,0.0080495465463207,2546.024,2556.857,2538.7228333333333,0,0.0131239056868948,-5.003357990434779,-6.532798302982828,1.529440312548049,51.96949464161906,0.079785054899473,0.6168290177424853,0.0123184200137191,55.25655576171089,33517.8064093,0.7624858689412587,0.9,-0.0049482890234782,0.010669597271766
2025-05-26 08:00:00,2580.69,2582.78,2554.43,2567.92,17358.080093,-0.0049482890234782,-0.0049605723433059,2557.288,2549.1465,2537.8450000000003,1,0.0017202975607661,-2.9117082796665272,-5.808580298319568,2.896872018653041,50.28238788150344,0.0539451622794885,0.6365205244326098,0.0110836423480365,52.83869168564811,30058.0744276,0.5774847665245456,0.85,-0.0008255708900588,0.032726883763987
2025-05-26 12:00:00,2567.73,2574.49,2537.49,2565.8,23057.162707,-0.0008255708900588,-0.000825911861383,2565.1220000000003,2544.6505,2537.358,1,0.0040030208524908,-1.4088863321453573,-4.928641505084727,3.519755172939369,49.333645889967485,0.0387485355231288,0.714494751367937,0.0098576504761919,52.42853908000499,28637.13986215,0.8051489365903781,0.8,-0.0096071400732715,0.0398043164494386
2025-05-26 16:00:00,2565.86,2573.43,2525.24,2541.15,18318.733889,-0.0096071400732715,-0.0096535863601748,2563.112,2543.3705,2536.503833333333,1,-0.0052221774209332,-2.1817878110719,-4.379270766282161,2.197482955210262,49.25195689782696,0.0379476451054008,0.4769931946836321,0.0067578711396239,47.784009303265954,25341.15525095,0.7228847188532677,0.4,0.0089172225173641,0.0566512348326039
2025-05-26 20:00:00,2541.15,2585.0,2536.5,2563.81,23139.68184,0.0089172225173641,0.0088776988756166,2563.8740000000003,2543.132,2536.945833333333,1,0.0131954379114929,-0.9548383964292952,-3.6943842923115886,2.7395458958822934,49.19824569083932,0.0375928064522208,0.7162892225946105,0.0070755919290943,51.99414300170125,21283.33501155,1.08722067417736,0.85,-0.0057414551000268,0.0377336774826004
2025-05-27 00:00:00,2563.81,2573.98,2509.3,2549.09,33933.45163,-0.0057414551000268,-0.0057580006139703,2557.554,2542.5485,2537.8106666666663,1,0.0143330667271504,-1.1569169075046375,-3.1868908153501985,2.029973907845561,50.30408528435079,0.0371343861068955,0.5692838241972765,0.007160472150717,49.21795714738033,21256.73357875,1.5963624657705031,0.5,0.0228748298412373,0.037605225065613
2025-05-27 04:00:00,2549.1,2618.96,2548.89,2607.4,50431.353076,0.0228748298412373,0.0226171235119669,2565.45,2546.5885,2539.7140000000004,1,0.0452176701675619,3.3494536824791794,-1.8796219157843228,5.229075598263503,51.715936335468605,0.0426820836675939,1.0594758305623295,0.0081714586342934,58.63910739857278,22273.97046485,2.2641384550448453,1.0,0.0171089974687428,0.011320715817403
2025-05-27 08:00:00,2607.5,2654.67,2607.4,2652.01,56684.387767,0.0171089974687428,0.0169642868090303,2582.692,2551.692,2542.549833333333,1,0.0618148477350439,10.40054797739549,0.5764120628516398,9.82413591454385,51.3983694543637,0.0558085821316782,1.204449109024049,0.0087288760012736,64.12294312663079,24209.03751915,2.341455653582309,1.0,0.0062518617953928,0.0020899154287582
2025-05-27 12:00:00,2652.0,2684.81,2633.1,2668.59,74823.937244,0.0062518617953928,0.0062323999803706,2608.1800000000003,2557.7585,2545.7803333333336,1,0.062505972288581,17.1290059238122,3.886930835043752,13.242075088768448,51.42062877905202,0.0683993049976971,1.133507827846354,0.0087472424658312,65.93091626656631,27004.7049926,2.7707741026796526,1.0,0.0072397783098938,-0.0153882180250968
2025-05-27 16:00:00,2668.41,2712.0,2657.89,2687.91,54388.504461,0.0072397783098938,0.0072136969215638,2633.0,2563.9785,2549.401333333333,1,0.0638320608874269,23.746584019451348,7.858861471925271,15.887722547526076,51.61272672340545,0.0813571989833396,1.094116123996006,0.008770107696344,67.95725549094983,28926.4071246,1.8802371212823787,1.0,-0.0100003348326394,-0.0262400283218364
2025-05-27 20:00:00,2687.83,2694.33,2652.32,2661.03,28422.251678,-0.0100003348326394,-0.0100506740683459,2655.388,2569.2515,2552.493333333333,1,0.0430503292568205,26.516406356268817,11.59037044879398,14.926035907474835,50.926817671733616,0.0875065936288322,0.9082193231661048,0.0091267774125302,62.39667689039194,29502.6671173,0.9633790587473208,0.9,-0.0058699075170142,0.0080818846057208
2025-05-28 00:00:00,2660.91,2661.96,2618.0,2645.41,30124.590418,-0.0058699075170142,-0.0058872031398257,2662.99,2573.7975,2555.2905,1,0.0333632812499999,27.13827392663825,14.699951144362837,12.438322782275414,50.42918783803836,0.0908548261244662,0.8062432034011073,0.0092847807680609,59.35723221122795,30564.24278495,0.9856154667385876,0.8,-0.0034096794069727,0.044229508782378
2025-05-28 04:00:00,2645.41,2652.49,2623.82,2636.39,22101.228096,-0.0034096794069727,-0.0034155056112309,2659.8659999999995,2579.0960000000005,2557.401833333334,1,0.0215833749888594,26.59667987007151,17.07929688950457,9.517382980566945,48.87496013532131,0.0916410537939509,0.7424105747483964,0.0089954091229328,57.6119894461382,30848.389020250004,0.7164467512871401,0.75,0.007878197080098,0.0362988327399716
2025-05-28 08:00:00,2636.39,2659.33,2608.52,2657.16,30477.651521,0.007878197080098,0.00784732611783,2657.5799999999995,2586.3005000000003,2559.9866666666667,1,0.0347518614287047,27.526124072247512,19.16866232605316,8.357461746194353,49.01317726851264,0.0918403860534169,0.7983220804977887,0.0088257679191275,60.49254280872622,30381.10142545,1.003177965610856,0.85,-0.0112262716584623,0.022800745275195
2025-05-28 12:00:00,2657.17,2689.81,2613.39,2627.33,60746.385954,-0.0112262716584623,-0.0112897618655609,2645.464,2592.937,2560.787166666667,1,0.0239808246940524,25.56103193352874,20.44713624754828,5.113895685980463,50.97080746361889,0.0865243103975981,0.6532992210562745,0.0090993930979722,54.73904984753312,32557.6679154,1.8658088813930849,0.65,-0.0036120319868458,0.0074329565070037
2025-05-28 16:00:00,2627.53,2664.44,2616.5,2617.84,28941.623131,-0.0036120319868458,-0.0036185711255171,2636.826,2598.9480000000003,2564.2755,1,0.030179249552368,22.973098982298325,20.952328794498285,2.02077018780004,50.75432121621754,0.0797726173120844,0.5911226844344184,0.009202428349394,53.01162753100867,32724.2731864,0.8844084318128708,0.6,0.0243215780949179,0.0133182401515077
2025-05-28 20:00:00,2618.0,2686.46,2611.52,2681.51,31407.337736,0.0243215780949179,0.0240305184250468,2644.046,2607.4435,2567.334166666667,1,0.0459082381299706,25.76280280703486,21.9144235970056,3.8483792100292575,52.48186970077344,0.0778250115804415,0.8649956781289878,0.0104177475687949,61.73617604243889,33273.1446605,0.943924539037785,0.95,0.030277716659643,-0.0179434843695555
2025-05-29 00:00:00,2681.51,2788.88,2670.0,2762.7,101394.295842,0.030277716659643,0.0298283937233911,2669.308,2619.2470000000003,2573.620666666667,1,0.0837985320251539,34.13157015909837,24.35785290942416,9.773717249674217,57.22459329357535,0.087901192595956,1.123072254425218,0.012034392609495,69.51039448478926,37782.83272135,2.683607568278092,1.0,-0.0113403554493791,-0.0483542095683467
2025-05-29 04:00:00,2762.65,2766.65,2702.63,2731.37,59376.903159,-0.0113403554493791,-0.0114051475899117,2684.15,2628.2555,2579.0783333333334,1,0.047545447572294,37.800073695226274,27.046297066584582,10.753776628641692,57.70997948689139,0.0916812892583097,0.9279287315704572,0.0124710327383177,64.09839138060543,39647.9148814,1.497604687071588,0.95,-0.0056198903846786,-0.0416735730155339
2025-05-29 08:00:00,2731.38,2744.8,2707.34,2716.02,34491.040735,-0.0056198903846786,-0.0056357413837944,2701.888,2636.0565,2584.054333333333,1,0.0241364097420446,39.01898588227596,29.44083482972286,9.578151052553096,56.263552380684864,0.092553147870487,0.827752404189081,0.01263641564161,61.56907262609495,40258.7727361,0.8567335363423019,0.9,-0.0265940604266536,-0.0348355674636032
2025-05-29 12:00:00,2716.02,2718.99,2621.97,2643.79,74649.137803,-0.0265940604266536,-0.0269540797179535,2707.078,2639.2115000000003,2587.0041666666666,1,-0.0092932972093877,33.76737593330017,30.30614305043832,3.46123288286185,59.17472721063594,0.0904297830840707,0.5191839279436065,0.0141911128192488,51.30912860760488,42713.386939,1.7476754514833537,0.5,0.0022732516576582,-0.0173567210537839
2025-05-29 16:00:00,2643.61,2673.75,2629.0,2649.8,58570.773826,0.0022732516576582,0.0022706717302517,2700.736,2643.3055,2589.1891666666666,1,-0.0141783021008886,29.747483512498093,30.19441114285028,-0.4469276303521852,58.14438955273337,0.086860576741209,0.5282862680671644,0.0141153336670558,52.02549373023689,44774.02162565,1.3081419023670224,0.55,-0.0069401464261454,-0.0287520585514246
2025-05-29 20:00:00,2649.7,2668.91,2618.0,2631.41,25063.441282,-0.0069401464261454,-0.0069643412510884,2674.478,2646.586,2590.916,1,-0.0111310282108808,24.791983940501723,29.11392570238057,-4.321941761878847,57.62764744182384,0.0826532123833956,0.4306236304416465,0.0142378007802251,49.619834339479794,44874.3355544,0.5585250672205773,0.35,-0.0001330085391482,-0.038604239628105
2025-05-30 00:00:00,2631.37,2645.45,2557.65,2631.06,63470.563053,-0.0001330085391482,-0.0001330173855684,2654.416,2651.0815,2592.212833333333,1,-0.0054244899656386,20.59902007138271,27.410944576181,-6.811924504798288,59.78281548169355,0.0743266661367837,0.3983917716415523,0.0140095161389105,49.57285219543495,47131.9270126,1.3466575011039146,0.3,-0.0046597188965663,-0.045392958676308
2025-05-30 04:00:00,2631.06,2649.99,2606.0,2618.8,28705.291166,-0.0046597188965663,-0.0046706092304296,2634.972,2653.831,2593.652833333333,0,-0.0066720022454946,16.101182053453158,25.14899207163544,-9.047810018182275,58.65475723300114,0.0689134694553436,0.3084530871005488,0.0139770710636095,47.86328135955157,47410.2074789,0.6054664742561049,0.2,0.0012181151672521,-0.0376341484221885
2025-05-30 08:00:00,2618.8,2628.26,2588.55,2621.99,26583.91704,0.0012181151672521,0.0012173738669035,2630.612,2657.476,2595.450166666667,0,-0.0132359361122401,12.64821856871049,22.648837371050448,-10.000618802339956,57.30156028778679,0.0598167408807732,0.2767636307911939,0.0138826800002635,48.36227520415508,47042.7307494,0.5651014857452564,0.2,-0.0091152140168343,-0.0395740762116429
2025-05-30 12:00:00,2622.0,2626.37,2572.88,2598.09,40345.36439,-0.0091152140168343,-0.0091570117709836,2620.27,2657.0105,2597.371833333333,0,-0.01112916915652,7.892213347688084,19.697512566377974,-11.805299218689887,57.02930598151628,0.0607806532329892,0.1351555117886821,0.0131120736956342,44.89534788963042,46538.4313151,0.8669257482451803,0.05,-0.0091220858399825,-0.023783225886015
2025-05-30 16:00:00,2598.2,2604.12,2532.83,2574.39,52021.522755,-0.0091220858399825,-0.0091639468325302,2608.866,2653.1295,2598.594833333333,0,-0.016597653026923,2.1854603870842766,16.195102130519235,-14.009641743434958,58.04792698283654,0.0666620089236487,0.0547993325822102,0.0126023728273292,41.70279361114778,46305.2880645,1.123446693227298,0.05,-0.0167923275028258,-0.0142826553253818
2025-05-30 20:00:00,2574.19,2589.66,2507.09,2531.16,38093.964855,-0.0167923275028258,-0.0169349171631458,2588.886,2646.2580000000003,2598.7091666666665,0,-0.0560691550656161,-5.759094899851334,11.804262724445122,-17.563357624296458,59.79950362691962,0.0776612363680625,-0.0600557919846571,0.0129146537747728,36.5914183648063,44468.78944505,0.8566449712347722,0.05,-0.0069217275873512,-0.0010688080719461
2025-05-31 00:00:00,2531.17,2540.0,2475.63,2513.64,53477.651943,-0.0069217275873512,-0.0069457938615048,2567.8540000000003,2637.5445,2598.1865000000003,0,-0.0901509392985122,-13.31543770414737,6.780322638726624,-20.095760342873994,60.12596765356822,0.0878611515575404,-0.0346756335935712,0.012735986271589,34.73338594116487,44423.24681915,1.2038213271693328,0.05,0.0030990913575532,-6.012121140441806e-05
2025-05-31 04:00:00,2513.73,2526.64,2504.13,2521.43,14963.361712,0.0030990913575532,0.0030942990725319,2547.742,2630.5645,2597.683833333333,0,-0.0768625268638083,-18.462481921710605,1.7317617266391778,-20.194243648349783,57.43911282117048,0.0956184863233107,0.0661183892515905,0.0127084180584028,36.28263029866231,43750.30232085,0.3420173328692391,0.1,-0.0007218126222023,-0.0048183461590522
2025-05-31 08:00:00,2521.42,2538.48,2508.12,2519.61,13107.857584,-0.0007218126222023,-0.0007220732543591,2532.046,2624.2745,2597.395666666667,0,-0.0723153732299467,-22.42985295345761,-3.10056120938018,-19.32929174407743,55.504890476801165,0.1024662837205754,0.1107674447775895,0.0126911335812949,36.067223125882926,42899.46567915,0.3055482714408417,0.1,0.0066756363087936,-0.0087195393674167
2025-05-31 12:00:00,2519.61,2550.58,2516.37,2536.43,24994.889766,0.0066756363087936,0.0066534529194961,2524.454,2619.2765,2596.8813333333333,0,-0.040608369045953,-23.94081483925993,-7.26861193535613,-16.6722029039038,53.98382687131537,0.1066015689957373,0.2032920231467573,0.0128465183672895,39.634132925413695,43044.14876265,0.5806803127603818,0.25,0.0003784847206507,-0.0051613102299202
2025-05-31 16:00:00,2536.43,2547.83,2523.29,2537.39,13648.261623,0.0003784847206507,0.0003784131133764,2525.7,2613.288,2597.291166666667,0,-0.0424220695901578,-24.775205891221503,-10.769930726529203,-14.005275164692298,51.88069638050713,0.109313250814054,0.2343130349384739,0.0126555633560767,39.84043479920306,42202.67926775,0.3233979894122406,0.3,-0.0035784802493901,-0.0042992820995712
2025-05-31 20:00:00,2537.4,2550.92,2524.0,2528.31,12272.593507,-0.0035784802493901,-0.0035848983257186,2528.634,2608.337,2596.914666666666,0,-0.0391805153890879,-25.87092303003783,-13.790129187230932,-12.080793842806898,50.0977894961852,0.1129738597543677,0.2284218234925354,0.0124837344015669,38.50022050617814,39778.9896454,0.3085194877094921,0.2,-0.0059130407268095,0.0044211459940799
2025-06-01 00:00:00,2528.32,2530.44,2491.51,2513.36,27081.100705,-0.0059130407268095,-0.0059305919738205,2527.02,2603.113,2594.980666666667,0,-0.0447348217068405,-27.62715813275736,-16.557534976336218,-11.06962315642114,49.30009024645768,0.117491489659452,0.20653957473303,0.0125114454576262,36.33305481172652,39685.9635241,0.6823848610492858,0.05,-0.0016591335900946,-0.006497422363611
2025-06-01 04:00:00,2513.35,2527.42,2506.02,2509.19,9410.156787,-0.0016591335900946,-0.0016605114765055,2524.936,2594.4970000000003,2592.884,0,-0.0418550481136398,-29.02093596955683,-19.05021517498034,-9.97072079457649,47.30722665742499,0.1184803785121109,0.2224858937584936,0.0108816301386057,35.728927560184275,38586.10447665,0.2438742369729098,0.05,-0.0046230058305668,-0.0007686401011592
2025-06-01 08:00:00,2509.18,2510.95,2477.96,2497.59,22498.856913,-0.0046230058305668,-0.0046337249712134,2517.168,2581.2415,2590.3245,0,-0.0474448796524775,-30.707560360559,-21.38168421209608,-9.325876148462925,46.28456761046605,0.1071948399530045,0.1976769823425246,0.0074903564498016,34.033646857366605,34641.3325302,0.6494801230115989,0.05,0.0102338654462901,-0.0063064439439067
2025-06-01 12:00:00,2497.6,2525.16,2467.75,2523.15,22304.080153,0.0102338654462901,0.0101818539964385,2514.32,2570.8305,2587.970333333333,0,-0.0288442663649065,-29.64007165994144,-23.03336170166515,-6.606709958276291,47.07924135257561,0.0948784135123096,0.3045210744947557,0.0080615869204359,40.709327576586674,32787.6913799,0.6802577191108119,0.35,0.0012405128509997,0.0087617597532084
2025-06-01 16:00:00,2523.14,2547.83,2493.33,2526.28,34399.103854,0.0012405128509997,0.0012397440506718,2513.914,2561.3435,2586.1591666666664,0,-0.0186879221873917,-28.21625490977204,-24.069940343286525,-4.146314566485508,47.60929554167736,0.080750851053354,0.3304724322086463,0.0081313607849885,41.49018186818377,32783.09453585,1.049293983409126,0.4,0.0051419478442611,0.0029811525625861
2025-06-01 20:00:00,2526.26,2547.71,2519.38,2539.27,20592.2913,0.0051419478442611,0.005128773173459,2519.096,2556.1175,2584.062,0,0.0032040645395787,-25.74293688716261,-24.404539652061747,-1.3383972351008673,46.23220300298611,0.0755505272204179,0.412759699663797,0.0062932802521518,44.74272162065094,30080.2522107,0.684578412300513,0.65,-0.0168316090845005,0.0275061280534353
2025-06-02 00:00:00,2539.27,2541.87,2485.5,2496.53,20978.488045,-0.0168316090845005,-0.016974870438016,2516.564,2548.454,2580.3020000000006,0,-0.0068068617622251,-26.9212439989401,-24.90788052143742,-2.013363477502679,46.95633135991567,0.0703837848356734,0.2105198924240958,0.0070192346697147,37.379931564822286,28200.63792165,0.7439011877420879,0.05,0.0040696486723572,0.0427385532202804
2025-06-02 04:00:00,2496.53,2514.44,2483.56,2506.69,19655.811055,0.0040696486723572,0.0040613900510747,2518.384,2542.218,2577.818166666667,0,-0.0058458890391562,-26.72713995262393,-25.271732407674723,-1.4554075449492068,45.80802197706456,0.0651613460873895,0.285529322598885,0.0071209214265852,39.911307497874446,27930.256410300004,0.7037461728332508,0.15,-0.0101608096733143,0.0411771533446936
2025-06-02 08:00:00,2506.69,2515.99,2475.0,2481.22,26180.741871,-0.0101608096733143,-0.0102127830607834,2509.998,2534.726,2576.392666666666,0,-0.0152364850115693,-28.302276213172263,-25.877841168774232,-2.424435044398031,45.46387755013136,0.0600986975352906,0.1487580289972183,0.0073035394929429,35.98418294741339,26065.765351200003,1.004411016452072,0.05,0.0253020691434053,0.048295747488149
2025-06-02 12:00:00,2481.23,2556.8,2478.12,2544.0,42318.286822,0.0253020691434053,0.0249872707777059,2513.542,2530.986,2575.983,0,0.0029845097242975,-24.20573309863721,-25.54341955474683,1.3376864561096191,47.836457725122,0.0521113958795028,0.5986707326585422,0.0096272409016094,49.241715573261935,26746.415134,1.5822040677221474,0.85,-0.0045400943396226,0.0312949850319074
2025-06-02 16:00:00,2544.09,2565.42,2524.8,2532.45,24524.650995,-0.0045400943396226,-0.0045504318687004,2512.178,2526.509,2575.511166666666,0,-0.0019468824264303,-21.6417094835615,-24.76307754050977,3.121368056948267,47.32099645904184,0.0404638813304164,0.55811271479303,0.009630798739763,47.30087465650227,26643.45183175,0.9204757382740812,0.7,0.0296669233351103,0.0364449284338869
2025-06-02 20:00:00,2532.61,2615.35,2532.15,2607.58,41583.229854,0.0296669233351103,0.0292353745416386,2534.388,2526.9835000000003,2576.8608333333336,1,0.0313529590912506,-13.39295355170907,-22.489052742749628,9.096099191040558,49.88378242625313,0.0426337567228726,1.2481008937065847,0.0117324588722699,58.70311408105883,26705.34510495,1.5571126188626672,1.0,-0.0015991839176554,-0.0053963054299449
2025-06-03 00:00:00,2607.59,2649.98,2589.26,2603.41,59781.353544,-0.0015991839176554,-0.001600463977139,2553.732,2528.4345000000003,2577.752,1,0.0358285323232643,-7.110276356648683,-19.41329746552944,12.303021108880756,50.65779796723504,0.0475392442271834,1.1237569390805702,0.011535202657766,57.95360899422808,27093.3366444,2.2064965393015328,0.95,0.0025082487967704,0.0095953913287896
2025-06-03 04:00:00,2603.47,2620.69,2590.33,2609.94,19145.736587,0.0025082487967704,0.0025051083909404,2579.476,2532.3735,2578.7966666666666,1,0.0401523997784145,-1.5860104476223569,-15.847840061948023,14.261829614325666,49.20795525528969,0.055154670351675,1.0553466314930782,0.0107844395769456,58.839850723563295,26145.925231,0.7322646423045606,1.0,-0.0030422155298589,0.0070034277255337
2025-06-03 08:00:00,2609.95,2620.49,2594.5,2602.0,16023.844453,-0.0030422155298589,-0.0030468524743016,2591.076,2536.7915000000003,2579.4381666666663,1,0.0418042993445681,2.126801993325444,-12.252911650893331,14.379713644218777,47.54952987991184,0.0595142907911058,0.9319148873809254,0.0106574574402762,57.25946619272464,24273.2348565,0.66014458096462,0.85,0.0083013066871637,0.0089344264349189
2025-06-03 12:00:00,2601.97,2656.29,2598.11,2623.6,41403.560135,0.0083013066871637,0.0082670403471299,2609.306,2541.9,2580.572,1,0.0398113469274516,6.734540492719134,-8.45542122217084,15.189961714889971,48.30884917420384,0.0660826903527689,0.986380191933988,0.0107543293526509,60.3773016256177,25595.24477765,1.6176270434090152,1.0,0.0006098490623569,0.0170570405350061
2025-06-03 16:00:00,2623.6,2628.48,2603.18,2625.2,17304.640055,0.0006098490623569,0.0006096631799871,2612.83,2547.1795,2581.7505,1,0.0391563880488305,10.395480451017193,-4.685240887533233,15.080721338550426,46.66535994747501,0.0712349662098492,0.9299876239445124,0.0107404275465015,60.60654050827514,25805.0839012,0.670590342633813,1.0,-0.0121743105287216,-0.0001873655263837
2025-06-03 20:00:00,2625.22,2625.53,2575.19,2593.24,22040.700804,-0.0121743105287216,-0.0122490244601091,2610.796,2550.02,2582.7975,1,0.021254139969361,10.595755569899666,-1.629041596046653,12.22479716594632,46.92783423694109,0.0727328307729615,0.7330293829523175,0.0111383013811798,53.89854521583207,25657.3744531,0.8590396045506901,0.7,0.0133925128410792,0.0061246815130332
2025-06-04 00:00:00,2593.43,2641.71,2583.69,2627.97,24797.763735,0.0133925128410792,0.0133036258747709,2614.402,2554.549,2584.7125,1,0.052649076918763,13.402401254837514,1.3772469741301805,12.025154280707332,47.7201317914453,0.0771127047287729,0.8727177893323983,0.0114651836917712,59.1851210166602,26214.8495587,0.9459433928649152,1.0,-8.3714806485502e-05,-0.0008073876470115
2025-06-04 04:00:00,2627.98,2644.84,2619.15,2627.75,21004.711867,-8.3714806485502e-05,-8.371831076548923e-05,2619.552,2559.521,2586.9316666666664,1,0.0482947632136403,15.431056406799144,4.188008860663973,11.24304754613517,46.14655094919921,0.080207125896295,0.8323512791496311,0.0114050944231277,59.13885785100039,26651.4554767,0.7881262576958824,0.95,-0.0011112168204737,-0.0085635832415501
2025-06-04 08:00:00,2627.76,2650.38,2624.03,2624.83,26051.040553,-0.0011112168204737,-0.0011118346796442,2619.798,2565.0945,2589.051833333333,1,0.0578787854361968,16.611671623785696,6.672741413288318,9.93893021049738,44.732511595684976,0.0811741013019308,0.7868875122816581,0.0112797791116839,58.48540365246963,26599.9524691,0.9793641768067952,0.85,0.0164239207872509,-0.0061661063661703
2025-06-04 12:00:00,2625.0,2679.73,2594.37,2667.94,60429.716667,0.0164239207872509,0.0162905070031967,2628.346,2573.032,2591.6575,1,0.0487185534591194,20.78632261574012,9.49545765377868,11.29086496196144,47.63447505313606,0.0854215550476294,0.9318074797853186,0.0116694650925499,64.68886100783203,29150.9304631,2.0729944364380923,1.0,-0.016634556999033,-0.0295345781159183
2025-06-04 16:00:00,2667.95,2669.37,2622.16,2623.56,24820.824329,-0.016634556999033,-0.0167744649502197,2634.41,2579.3305,2593.273,1,0.0359770183024343,20.279894502704792,11.652345023563903,8.627549479140889,47.604155406483486,0.0823920831773696,0.7081227485221068,0.012377433538855,55.49531124057805,29267.028833900004,0.84808145267722,0.7,-0.0058622634893046,-0.0364163493260532
2025-06-04 20:00:00,2623.56,2625.23,2599.17,2608.18,29668.909287,-0.0058622634893046,-0.0058795140070056,2630.452,2583.582,2594.222666666667,1,0.0002300984054179,18.42511584431304,13.006899187713731,5.418216656599309,46.065287163163234,0.0802762350531816,0.6186016008705768,0.0123738363018542,52.700074005240616,29635.2702906,1.0011351000368864,0.6,0.0064604436810344,-0.0758840657876342
2025-06-05 00:00:00,2608.0,2632.53,2601.68,2625.03,18372.572205,0.0064604436810344,0.0064396644620562,2629.9080000000004,2588.5195,2595.3065,1,0.0083044929534727,18.10612839578016,14.026745029327016,4.079383366453143,44.97848093722303,0.0785784658876118,0.6794993142845722,0.0124179219636456,55.35333318747488,28833.94370815,0.6371855473868785,0.8,-0.0078399104010241,-0.0651418385603609
2025-06-05 04:00:00,2625.04,2634.66,2601.27,2604.45,19463.232302,-0.0078399104010241,-0.0078708040735907,2625.832,2591.7785,2595.7025,1,-0.0021034966321066,16.008162407376858,14.423028504936989,1.5851339024398712,44.15073229884995,0.07664930200909,0.5637854965398176,0.0125827884963591,51.54988859224784,28777.49075825,0.6763352811231547,0.45,0.0012862600549061,-0.0573100725098045
2025-06-05 08:00:00,2604.45,2613.84,2580.21,2607.8,24661.053156,0.0012862600549061,0.0012854335311155,2613.804,2597.342,2596.3671666666664,1,0.0022290545734051,14.449264126919388,14.428275629333468,0.02098849758592,43.39925142036068,0.0687834413304071,0.5585376924822556,0.0118354678750848,52.12653855248477,28961.6190138,0.8515080991932525,0.5,-0.0069445509624971,-0.0502971718468618
2025-06-05 12:00:00,2607.8,2641.05,2562.63,2589.69,66800.513366,-0.0069445509624971,-0.0069687765790332,2607.03,2601.492,2596.7653333333337,1,-0.0129249885653299,11.618568731952564,13.866334249857289,-2.2477655179047247,45.90073346176349,0.0609169949152731,0.4255277209696434,0.0120013614837131,48.74870026481385,31318.85412935,2.132916903348609,0.2,-0.0235163282091679,-0.0299239744515384
2025-06-05 16:00:00,2589.76,2591.78,2505.4,2528.79,65536.190004,-0.0235163282091679,-0.0237972499615454,2591.152,2603.8705,2596.559333333333,0,-0.0367248209660215,4.4102624398051375,11.97511988784686,-7.564857448041723,48.79210964306611,0.0510648345013096,-0.0646584687190853,0.0130239286481744,39.48307966347796,33286.626536,1.9688444526849724,0.05,-0.0453299799508856,-0.0164702134922011
2025-06-05 20:00:00,2529.08,2535.29,2391.59,2414.16,129923.283296,-0.0453299799508856,-0.0463895269546007,2548.978,2597.3785,2594.0651666666668,0,-0.0690564698986595,-10.431803885265252,7.493735133224439,-17.925539018489694,55.57124466856138,0.0797711748323354,-0.3842765206986401,0.0154468941419534,28.501864038465,37666.8763597,3.4492715046317364,0.05,0.0172026709083077,0.025792195355043
2025-06-06 00:00:00,2414.39,2457.71,2382.0,2455.69,48024.649136,0.0172026709083077,0.0170563803078656,2519.226,2593.5405,2592.5085000000004,0,-0.0655563039151891,-18.62838799880774,2.2693105068180035,-20.89769850562574,57.00972719223557,0.0907387690649408,-0.0857636638979152,0.0160492381343345,35.50094581073819,38841.87626675,1.23641424544444,0.1,-8.144350467698125e-06,0.0136936461057363
2025-06-06 04:00:00,2455.69,2468.8,2446.0,2455.67,49257.387392,-8.144350467698125e-06,-8.14438363310047e-06,2488.8,2585.945,2589.9796666666666,0,-0.0654856816668252,-24.83951927866201,-3.152455450277999,-21.68706382838401,54.566175249933046,0.1019527570149413,0.0058681776007176,0.0143010616342651,35.49914355269861,39225.584143650005,1.255746433542252,0.1,0.0082991607178488,0.014649935747417
2025-06-06 08:00:00,2455.66,2493.52,2454.02,2476.05,29074.860273,0.0082991607178488,0.0082649120432347,2466.072,2579.577,2587.047,0,-0.0566817660572303,-27.79696379389088,-8.081357119000577,-19.715606674890303,53.49001987493783,0.1084597207939862,0.1299702424941905,0.0145180082155632,38.90288541260069,37690.2594801,0.7714157629599546,0.2,0.0134286464328263,0.0080445813977985
2025-06-06 12:00:00,2476.2,2530.41,2466.0,2509.3,50895.370778,0.0134286464328263,0.013339281306515,2462.174,2574.545,2584.392166666666,0,-0.059461607082618,-27.14485378395466,-11.894056451991393,-15.250797331963266,54.27001845529941,0.1106039895447739,0.2708731651614981,0.0149124456607756,44.08701627938867,39277.74118965,1.2957815097425036,0.25,-0.0100625672498306,0.0041284868051741
2025-06-06 16:00:00,2509.39,2518.33,2483.34,2484.05,19386.347638,-0.0100625672498306,-0.0101135370929109,2476.152,2568.6475,2580.9945,0,-0.053175837411761,-28.33884333418746,-15.183013828430608,-13.155829505756852,52.89287427992086,0.1144844940311854,0.2123221988041106,0.0150240164013144,41.22624306115624,39445.8663489,0.491467153149258,0.25,-0.0030675711036414,0.0131749350738228
2025-06-06 20:00:00,2484.27,2507.15,2472.7,2476.43,12836.756904,-0.0030675711036414,-0.0030722857440111,2480.3,2561.289,2577.9178333333334,0,-0.0505141516306389,-29.559218698795576,-18.0582548025036,-11.500963896291974,51.57552611706939,0.1171274948779431,0.2171341814343932,0.0148191340074936,40.37478892234407,38017.52618735,0.3376536611230459,0.25,0.005104121659001,0.0193813753104609
2025-06-07 00:00:00,2476.43,2493.64,2457.15,2489.07,20774.067622,0.005104121659001,0.0050911397853496,2486.9800000000005,2554.4825,2575.312166666667,0,-0.0517936937863567,-29.17017696224775,-20.28063923445243,-8.889537727795322,50.49798853727871,0.1175462251952182,0.2821542312877082,0.0149070021997594,42.4963696002924,38190.9975657,0.5439519506203617,0.35,0.000948145291213,0.0091163057481197
2025-06-07 04:00:00,2489.22,2501.87,2479.81,2491.43,18442.127777,0.000948145291213,0.0009476960853855,2490.056,2549.392,2572.8961666666664,0,-0.0433949586285011,-28.344686405554057,-21.89344866867276,-6.451237736881303,48.4667036417588,0.1187981998676867,0.3086198529261243,0.0147491379782287,42.90485675219725,38011.06891435,0.4851778259263238,0.4,0.0016938063682303,0.0093187755781395
2025-06-07 08:00:00,2491.43,2501.42,2481.99,2495.65,8885.744749,0.0016938063682303,0.001692373496001,2487.326,2542.7760000000003,2570.204333333333,0,-0.0430055985888488,-27.03827999896476,-22.922414934731155,-4.115865064233599,46.3926533816332,0.116925700178993,0.3414951717189147,0.0143371350543511,43.67534638265683,37215.46796505,0.2387648264249916,0.45,0.0095125518402019,0.0071954757338357
2025-06-07 12:00:00,2495.65,2523.77,2492.59,2519.39,18346.122488,0.0095125518402019,0.0094675924133203,2494.394,2537.358,2568.4053333333336,0,-0.0271461062907144,-23.8128244952386,-23.100496846832645,-0.7123276484059566,45.306035282945096,0.1132601177909127,0.437476830873136,0.0145800930764076,47.93220987815029,37082.5384961,0.4947375026639419,0.55,-0.0010161189811819,-0.0019550325895312
2025-06-07 16:00:00,2519.38,2525.5,2506.36,2516.83,12048.777288,-0.0010161189811819,-0.0010166355800541,2502.474,2531.958,2566.721833333333,0,-0.0047295346786407,-21.21860352228714,-22.724118181923544,1.505514659636404,43.43703276273472,0.1091220992057763,0.4452464469559902,0.0145804139849237,47.51517968012609,36382.425332850005,0.331170260854519,0.55,0.0031388691329967,0.0062158179003085
2025-06-07 20:00:00,2516.83,2545.0,2516.83,2524.73,15638.763603,0.0031388691329967,0.0031339531676413,2509.606,2524.7975,2564.108833333333,0,0.0458006097358916,-18.31408733524813,-21.842112012588466,3.52802467734033,42.3465304225394,0.0976347117027122,0.4997261750776915,0.0139876387705218,48.990092654624135,34142.87767965,0.4580388258345631,0.65,-0.0051609479033402,-0.0059026398459062
2025-06-08 00:00:00,2524.73,2526.11,2508.0,2511.7,12116.982828,-0.0051609479033402,-0.0051743115943421,2513.66,2519.2045000000003,2559.9255,0,0.0228082534847637,-16.86919189144055,-20.84752798835888,3.97833609691833,40.61534967807231,0.0910390988596258,0.4672787121567165,0.0136146581892167,46.66098996104166,33507.6856046,0.3616180171613093,0.55,0.0011506151212328,-0.0057782106880583
2025-06-08 04:00:00,2511.71,2519.97,2508.42,2514.59,8366.477338,0.0011506151212328,0.0011499536709886,2517.448,2514.525,2556.3125,1,0.0239934518888937,-15.314368487984211,-19.740896088283947,4.426527600299735,38.53925327249569,0.0852327365093356,0.5003032850245991,0.0136026033401686,47.25989705926887,32442.56400715,0.2578858235790524,0.6,-0.0004294934760735,-0.0090112997883783
2025-06-08 08:00:00,2514.59,2520.82,2488.79,2513.51,22655.291372,-0.0004294934760735,-0.0004295857348138,2516.272,2508.949,2552.9373333333333,1,0.0151289351992083,-14.007833132136966,-18.59428349705455,4.586450364917585,38.07430661017459,0.0752736702040481,0.5241504455205345,0.0134707024650336,47.04729875377568,32656.6999655,0.6937409902388809,0.6,0.0003620435168349,0.011471728639919
2025-06-08 12:00:00,2513.51,2527.58,2500.02,2514.42,16980.701389,0.0003620435168349,0.000361977994895,2515.79,2504.4475,2550.781166666666,1,0.0020404096760051,-12.75196830197592,-17.425820458038825,4.673852156062903,37.32328470944783,0.066898174123181,0.5595220456062028,0.0134108536344502,47.26257112778105,32532.57341985,0.5219599805356651,0.65,0.0071547315086579,0.0080370594247599
2025-06-08 16:00:00,2514.47,2540.52,2512.25,2532.41,13551.780548,0.0071547315086579,0.0071292578498012,2517.326,2500.6780000000003,2548.824666666667,1,0.0194682071616913,-10.187607329035473,-15.978177832238154,5.790570503202682,36.67662151591584,0.0564448426876911,0.7248098859296171,0.0135425033534972,51.46348008218733,31977.10978945,0.4237962916983526,0.95,-0.0089795886132181,0.0191933709746775
2025-06-08 20:00:00,2532.42,2549.48,2500.6,2509.67,25035.469559,-0.0089795886132181,-0.009020148106659,2516.92,2496.677,2546.7956666666664,1,0.0134225477804743,-9.876411611443473,-14.75782458807922,4.881412976635748,37.54829140763614,0.0463536889406683,0.6122697552592462,0.0135940837293517,46.428968627271736,29888.8575991,0.8376188175139172,0.55,-0.0050365187454923,0.0668686606253357
2025-06-09 00:00:00,2509.67,2512.03,2482.22,2497.03,23380.023313,-0.0050365187454923,-0.0050492447538648,2513.4080000000004,2495.089,2544.561833333333,1,0.0031979815754479,-10.528364691831484,-13.911932608829671,3.3835679169981887,36.99555630709073,0.0448599580196126,0.5173412592526634,0.0126097529733314,43.86050674751226,27781.04926455,0.8415817232228905,0.5,-0.0020824739790872,0.0751698123887665
2025-06-09 04:00:00,2496.98,2497.16,2477.83,2491.83,16300.138494,-0.0020824739790872,-0.002084645343087,2509.072,2498.9725000000003,2542.4456666666665,1,0.0001605503666568,-11.333987593083748,-13.396343605680489,2.062356012596741,35.73373085658425,0.0336133910534349,0.4149691649598143,0.0069778196398844,42.81124721980311,22099.89202445,0.7375664313638501,0.4,0.0200535349522239,0.0728863348395849
2025-06-09 08:00:00,2491.92,2547.36,2484.24,2541.8,54205.117968,0.0200535349522239,0.0198551111661556,2514.548,2503.278,2541.1091666666666,1,0.0184921763869132,-7.849800548844541,-12.2870349943133,4.437234445468759,37.689892938256826,0.0327665000194964,0.9696449858575892,0.0073332311310023,54.159925413532136,22408.91546605,2.4189085835109667,1.0,-0.0030726256983242,0.0889295409462833
2025-06-09 12:00:00,2541.98,2548.6,2509.09,2533.99,29977.049864,-0.0030726256983242,-0.0030773559045858,2514.864,2507.1940000000004,2540.040833333333,1,0.0057950535645532,-5.653587901092124,-10.960345575669066,5.306757674576943,37.81990058552418,0.0293742815156077,0.8638436305719046,0.0074035811074459,52.40939301223618,21444.89858965,1.397863913353635,0.95,0.0183110430585755,0.0773260259180467
2025-06-09 16:00:00,2533.99,2589.97,2533.99,2580.39,41932.299259,0.0183110430585755,0.0181454147390329,2529.0080000000003,2512.411,2540.1408333333334,1,0.0252539901383883,-0.1670556226408734,-8.801687585063428,8.634631962422555,39.11705054370103,0.0366929281202907,1.2373975924210778,0.0081785255393432,60.56452201409401,22087.77053895,1.898439644918249,1.0,0.03869570103744,0.0738182523111722
2025-06-09 20:00:00,2580.39,2694.57,2575.8,2680.24,81311.707609,0.03869570103744,0.0379657924517285,2565.65,2520.958,2542.6255,1,0.0615947051763949,12.098655485805011,-4.621618970889741,16.720274456694753,44.80654693343666,0.0685401267258996,1.4218413542467043,0.0113554740891017,71.77378407861782,23608.5873805,3.4441581064761664,1.0,0.0032646330179386,0.0504345600419934
2025-06-10 00:00:00,2680.24,2727.9,2675.0,2688.99,61324.719508,0.0032646330179386,0.0032593156732109,2605.082,2531.205,2545.548,1,0.0705856591153402,22.268672388595405,0.7564393010072883,21.51223308758812,45.38465072390548,0.0880509763348117,1.207952661103617,0.0109085411108673,72.51116337719685,25705.505974,2.3856647509692004,1.0,-0.0043659515282689,0.0383208408733008
2025-06-10 04:00:00,2689.0,2699.99,2654.15,2677.25,35749.565291,-0.0043659515282689,-0.0043755101263724,2632.172,2541.246,2548.145,1,0.0646864896464234,29.04633608863241,6.414418658532314,22.631917430100103,45.41717567219792,0.0985524618897867,1.043047096310076,0.0109567429361909,69.87363965387354,26851.14639335,1.33139810000268,0.9,0.0360967410589223,0.0429841566082341
2025-06-10 08:00:00,2677.26,2798.55,2670.0,2773.89,78833.457483,0.0360967410589223,0.0354605188782106,2680.152,2555.487,2552.383,1,0.1035921878170365,41.73463287824961,13.478461502475774,28.25617137577384,51.35523455275523,0.1241147076846934,1.1885915275173633,0.0131073408154426,77.21931574283087,29754.1158864,2.649497561412442,1.0,-0.0146761407265608,5.7235249743792585e-05
2025-06-10 12:00:00,2773.7,2778.89,2689.55,2733.18,75804.887224,-0.0146761407265608,-0.0147849007094629,2710.71,2567.5745,2555.6621666666665,1,0.0870021714749325,47.95247642705817,20.37326448739225,27.57921193966592,54.068432084701264,0.1350512979607878,0.977587487403982,0.0138388651543187,69.52842943534539,32622.25385875,2.3237170415086905,0.95,0.014803269451701,0.0479939829111573
2025-06-10 16:00:00,2733.18,2806.87,2728.46,2773.64,47212.054845,0.014803269451701,0.0146947705073121,2729.3900000000003,2581.474,2559.599666666667,1,0.0952570871225433,55.5051176527395,27.399635120461703,28.1054825322778,55.80711550722259,0.1485115697829097,1.0012432143031942,0.0139970111076239,72.46380595078809,34538.56936355,1.3669371868895317,0.95,0.0153120087682612,0.015115060271873
2025-06-10 20:00:00,2773.99,2827.0,2735.46,2816.11,47844.406231,0.0153120087682612,0.0151959630579692,2754.814,2596.31,2564.396333333333,1,0.1221037028772706,64.17781242895444,34.75527058216025,29.42254184679419,58.35946439956384,0.1654033270414414,1.0118313709843183,0.014146272276694,75.16790953501442,36013.483550699995,1.3285136985885957,1.0,-0.008849086150754,-0.015029588123315
2025-06-11 00:00:00,2816.13,2834.51,2772.11,2791.19,35387.617837,-0.008849086150754,-0.0088884718373163,2777.602,2610.028,2569.026833333333,1,0.1178039510938995,68.25336745386358,41.45488995650092,26.79847749736265,58.64807408530928,0.1742055923702575,0.8984371706830779,0.0144465473544735,70.77597620428268,37180.42557815,0.9517808708945066,0.95,0.0002973642066645,-0.0085833941021871
2025-06-11 04:00:00,2791.19,2804.19,2780.43,2792.02,21365.000906,0.0002973642066645,0.0002973200026917,2781.228,2623.3925,2573.7406666666666,1,0.1204696949631396,70.73486079299391,47.310884123799525,23.42397666919439,56.15606879350149,0.1806329145961443,0.8558510398672109,0.0144826866988107,70.83709415725099,37466.73744330001,0.5702391604908903,0.95,-0.0068301802995681,-0.0176547185258498
2025-06-11 08:00:00,2792.01,2793.99,2754.1,2772.95,28639.827003,-0.0068301802995681,-0.0068536127405145,2789.182,2636.455,2578.33,1,0.090939491698796,70.35170189011251,51.919047677062125,18.432654213050384,54.9942067368228,0.1818007047024959,0.7847743160756099,0.0145498428167338,67.35183174369323,38292.87965205,0.7479152067757008,0.75,0.0332606069348528,-0.0148599447223375
2025-06-11 12:00:00,2772.95,2879.99,2764.14,2865.18,103750.010458,0.0332606069348528,0.032719439960549,2807.49,2653.9845,2584.0305000000003,1,0.1306990161760701,76.6071562893926,56.85666939952822,19.750486889864383,59.341049112764026,0.1901930607669663,0.9183999371545868,0.0158126604436948,74.01161671982354,43062.05630805,2.409313891464236,1.0,-0.0180756531875833,-0.0517766578674421
2025-06-11 16:00:00,2865.0,2875.91,2801.25,2813.39,58872.416705,-0.0180756531875833,-0.0182410135012864,2806.946,2668.9785,2588.815666666667,1,0.0902964280593243,76.50374128837984,60.78608377729855,15.717657511081292,60.43525989042373,0.1894747925263523,0.7855651880672144,0.0166969029447148,65.88439121057476,44872.9125747,1.3119811781104025,0.9,-0.0148326396269269,-0.0429740862697399
2025-06-11 20:00:00,2813.24,2831.25,2743.31,2771.66,54094.397794,-0.0148326396269269,-0.0149437432347528,2803.04,2681.8405,2592.688833333333,1,0.0341088857714235,72.2219917429893,63.0732653704367,9.148726372552602,62.3998841839649,0.1835886503455019,0.6824281521038605,0.0172916066725474,60.15267690069721,46728.59739495,1.157629392057165,0.6,-0.0024028921296261,-0.0473585126444163
2025-06-12 00:00:00,2771.7,2785.0,2746.34,2765.0,38628.632147,-0.0024028921296261,-0.0024057837079487,2797.636,2693.47,2597.163333333333,1,0.028267118881067,67.51301997103928,63.961216290557225,3.55180368048206,60.70417817082454,0.1772466134592039,0.6498297780538131,0.0173615046389637,59.26649722332005,47982.4399749,0.8050576870873375,0.55,-0.0087739602169982,-0.0934060689198305
2025-06-12 04:00:00,2765.1,2776.5,2732.66,2740.74,34903.686674,-0.0087739602169982,-0.0088126780447643,2791.1939999999995,2705.0235,2601.064166666666,1,0.0237146325520589,61.11900482240617,63.39277399692702,-2.273769174520851,59.49959401576565,0.1655520422476699,0.5797559897905099,0.0173531330329771,56.028495759607225,48475.85083065,0.7200221569279052,0.5,-0.0040354064960558,-0.0797050012608718
2025-06-12 08:00:00,2740.73,2762.06,2720.38,2729.68,35239.366417,-0.0040354064960558,-0.0040435707202276,2764.094,2716.656,2605.205166666666,1,-0.0159379066942092,54.53065671652666,61.62035054084695,-7.089693824320285,58.22676587178238,0.1491857191151949,0.5321353094750374,0.0173254321099264,54.56487041118731,49068.81798585,0.7181621213529535,0.4,-0.0036561062102518,-0.0685506220495948
2025-06-12 12:00:00,2729.69,2773.23,2711.85,2719.7,54490.694279,-0.0036561062102518,-0.0036628061018909,2745.356,2728.0495,2608.1335000000004,1,-0.0049319839893458,47.95128818096191,58.886538068869946,-10.935249887908036,58.4519968809408,0.1279034476519124,0.4760709216497178,0.0173609373657653,53.21402040499197,50978.3457751,1.0688988324453552,0.35,-0.0092730815898811,-0.0624780508721912
2025-06-12 16:00:00,2719.7,2771.11,2691.84,2694.48,46046.276303,-0.0092730815898811,-0.0093163442709186,2729.92,2735.6835,2610.8340000000003,0,-0.0285401133528503,40.2382069843693,55.15687185196983,-14.918664867600526,59.93899710373074,0.1120531609829113,0.3655861115240666,0.0172183516862783,49.85507750565166,50570.40369185,0.910538040858489,0.3,-0.0192170660016033,-0.0624947516975752
2025-06-12 20:00:00,2694.4,2703.55,2616.33,2642.7,78304.14063,-0.0192170660016033,-0.019404114034774,2705.46,2741.119,2611.419333333333,0,-0.0615778502970411,29.606041294909573,50.046705740557776,-20.440664445648203,61.88764016774999,0.0950394704859802,0.1222129645659143,0.0178864601554338,43.74919722361713,52986.75823015,1.4778058376374523,0.1,-0.0484504484050403,-0.022838435689048
2025-06-13 00:00:00,2642.69,2645.55,2436.0,2514.66,203070.050764,-0.0484504484050403,-0.0496635162556578,2660.244,2737.8324999999995,2609.9401666666668,0,-0.0990724386372837,10.724589073311108,42.182282407108445,-31.457693333797337,72.4349515843393,0.1083851644661741,-0.2520798671207238,0.0207347437913961,32.989819932214715,61043.6458054,3.3266370002106944,0.05,0.0049271074419605,0.01386395618574
2025-06-13 04:00:00,2514.61,2542.58,2491.38,2527.05,62652.670157,0.0049271074419605,0.0049150089721211,2619.718,2730.173,2608.558666666667,0,-0.0949026153107784,-3.2024129700871526,33.10534333166933,-36.30775630175648,70.91816932831506,0.1268853461506852,-0.0863507243289736,0.0185887059362017,34.66429225207996,60110.69393279999,1.0422882528530075,0.1,0.0071189727152212,0.0044132400575093
2025-06-13 08:00:00,2527.03,2545.29,2506.46,2545.04,45081.963646,0.0071189727152212,0.0070937524531259,2584.786,2722.9755,2607.6093333333333,0,-0.0821904469968805,-12.642287357705754,23.95581719379432,-36.59810455150007,68.62615723343542,0.1399584249829111,0.0331043553358861,0.0186743866256765,37.12118433704226,59298.5561397,0.7602539856078876,0.15,0.0024164649671518,-0.0021933810426221
2025-06-13 12:00:00,2545.05,2563.09,2503.03,2551.19,70365.585118,0.0024164649671518,0.0024135500106655,2556.128,2716.6725,2606.4025,0,-0.1095882283137533,-19.40353039805996,15.28394767542346,-34.68747807348342,68.0142888596186,0.1502178606387375,0.094497800556193,0.0187018319826076,37.979797021904034,61029.35713104999,1.1529792943239117,0.2,-0.0092897824152651,-0.0121375579162426
2025-06-13 16:00:00,2551.36,2585.23,2510.0,2527.49,49699.139179,-0.0092897824152651,-0.0093332015560487,2533.086,2704.3525,2604.774,0,-0.1016211758767892,-26.370276023431416,6.953102935652486,-33.323378959083904,68.52969679821727,0.1612335015522281,0.0943820418121834,0.0164192227624897,35.94292262675965,59572.64121585,0.8342611333770603,0.15,0.0204392500069239,-0.0076145753946076
2025-06-13 20:00:00,2527.47,2583.59,2524.08,2579.15,21508.621009,0.0204392500069239,0.020233171860256,2545.9840000000004,2696.6510000000003,2604.539166666667,0,-0.0694565711523057,-27.407010903441005,0.0810801678337878,-27.488091071274795,67.88543274120177,0.1662754615670417,0.237947289056697,0.0171368798219065,43.10554844715807,56857.8279051,0.3782877714727251,0.3,-0.0117480565302522,-0.0187617017724187
2025-06-14 00:00:00,2579.29,2579.46,2547.0,2548.85,21675.252241,-0.0117480565302522,-0.011817610230248,2550.344,2685.4115,2603.2205000000004,0,-0.0781735985533453,-30.32403098432087,-5.999942062597144,-24.324088921723728,65.35504468825879,0.1713622130486957,0.2032420434901872,0.0167286140812603,40.261921923743,55580.9877749,0.3899760171370757,0.25,-0.0045236086862702,-0.0072112112292061
2025-06-14 04:00:00,2548.86,2556.62,2525.66,2537.32,17406.151652,-0.0045236086862702,-0.0045338711646961,2548.8,2671.472,2601.713333333333,0,-0.0742208308704946,-33.18364465470495,-11.436682581018704,-21.746962073686245,62.8982557819546,0.1725693522186984,0.2090067894233508,0.0160941867757159,39.20213046970341,54059.07504595,0.3219838970090561,0.2,0.0005123516150897,-0.0034029327409363
2025-06-14 08:00:00,2537.32,2539.98,2519.0,2538.62,20796.788576,0.0005123516150897,0.0005122204078152,2546.286,2658.8435,2600.2765,0,-0.0699935523577854,-34.94221781919714,-16.137789628654392,-18.804428190542748,59.90409465467213,0.1734306498123958,0.2392821653923413,0.0161147617418149,39.3958293683953,53329.5335829,0.3899675691644985,0.25,-0.0075277119064687,-0.0087165689171671
2025-06-14 12:00:00,2538.6,2547.23,2505.24,2519.51,19937.616478,-0.0075277119064687,-0.00755618812694,2544.69,2645.218,2597.802666666667,0,-0.0736073831672609,-37.44625983902142,-20.3994836707278,-17.046776168293622,58.62451646505272,0.1736552927390493,0.2263386764269269,0.0160843894328778,37.50426357927896,53258.16436149999,0.3743579358588029,0.1,-0.0047667998936301,0.0089249983750786
2025-06-14 16:00:00,2519.5,2526.57,2488.17,2507.5,32342.862073,-0.0047667998936301,-0.004778197318162,2530.36,2631.9455,2595.8683333333333,0,-0.0693937234642676,-39.93944079655876,-24.30747509589399,-15.631965700664765,57.17990814612038,0.1742421351961006,0.2286379443241637,0.0160786359671382,36.32386083674316,53443.31611500001,0.6051806741072021,0.05,0.0092921236291128,0.0116263328505011
2025-06-14 20:00:00,2507.7,2540.44,2496.75,2530.8,12222.490348,0.0092921236291128,0.0092492174366387,2526.75,2615.2265,2594.578666666667,0,-0.042343058235895,-39.57894791945546,-27.361769660606285,-12.217178258849174,56.21634327854037,0.157890930011059,0.295538146089769,0.0138195734100571,40.2527101735063,48866.9401095,0.2501177753428412,0.3,-0.0001975659870396,0.0066629234198074
2025-06-15 00:00:00,2530.8,2540.99,2525.0,2530.3,9894.828747,-0.0001975659870396,-0.0001975855057701,2525.3460000000005,2601.072,2592.9998333333333,0,0.0062195286837982,-38.88535437848304,-29.66648660418164,-9.218867774301405,53.3430330443589,0.1446972105078499,0.3119605656906042,0.0135798512758048,40.19539577651527,46418.0607116,0.2131676462848706,0.3,-0.0007153301980004,0.0150802159655135
2025-06-15 04:00:00,2530.3,2553.04,2522.29,2528.49,20257.171923,-0.0007153301980004,-0.0007155861687228,2523.32,2588.9135,2591.733833333333,0,0.0005698343918796,-38.043190158308335,-31.341827315006977,-6.701362843301357,51.72924496976183,0.1339288332451503,0.3257333621384014,0.0134187196734863,39.97350762415114,44726.19941805,0.452915118802267,0.3,-0.0048012845611411,0.0393153848223263
2025-06-15 08:00:00,2528.5,2530.19,2508.68,2516.35,12849.273807,-0.0048012845611411,-0.0048128477548287,2522.688,2576.481,2590.209666666666,0,-0.0112729073020463,-37.918267305939935,-32.65711531319357,-5.261151992746363,49.570727471921714,0.1209783709923799,0.3070859982863764,0.0134097663167577,38.4407467172251,43437.23150105,0.2958124485141139,0.15,0.0101138553857771,0.0396166541678624
2025-06-15 12:00:00,2516.35,2554.99,2515.84,2541.8,25685.918027,0.0101138553857771,0.0100630526045625,2529.548,2566.534,2589.4115,0,-0.0036806353113644,-35.358076839771456,-33.19730761850915,-2.1607692212623064,48.82638979535585,0.1066693229477411,0.4096542357554407,0.0137618136685704,43.345221290644346,42976.3430687,0.5976757488635009,0.6,-0.0020654654182076,0.0352459064796837
2025-06-15 16:00:00,2541.72,2559.65,2530.9,2536.55,14436.157433,-0.0020654654182076,-0.0020676014336553,2530.698,2556.8775,2589.540833333333,0,0.0035845839152679,-33.36809198063929,-33.23146449093518,-0.1366274897041108,47.392361952830434,0.0899400566953528,0.4116063858498419,0.0137661030066509,42.59138488746023,41936.1826195,0.3442410951894152,0.5,0.0043287141984191,0.0479949377469536
2025-06-15 20:00:00,2536.58,2549.98,2491.82,2547.53,31818.411874,0.0043287141984191,0.0043193722644524,2534.144,2548.269,2591.7636666666667,0,-0.0122598530523622,-30.552826441653902,-32.69573688107893,2.142910439425023,48.16147895619968,0.0686005828350559,0.4957726192848918,0.0138788183533251,44.75536713317691,40802.56849925,0.7798139441781676,0.75,0.0082197265586665,6.79978512185958e-05
2025-06-16 00:00:00,2547.49,2578.82,2514.28,2568.47,39360.036421,0.0082197265586665,0.0081861285914906,2542.1400000000003,2541.9685,2593.643333333333,1,0.0076975891088137,-26.32852635906829,-31.422294776676804,5.093768417608512,49.33137331647113,0.0451098216256979,0.7311155578954919,0.0140244834623514,48.7249233924202,40468.25650515,0.972615077103483,0.9,0.0235198386588124,0.016661377077429
2025-06-16 04:00:00,2568.61,2638.66,2566.5,2628.88,65548.582652,0.0235198386588124,0.0232475090860337,2564.646,2541.2775,2596.5301666666664,1,0.0360853183674112,-17.899818016768222,-28.717799424695087,10.817981407926863,50.96198950815176,0.041395438494282,1.3327447848735907,0.0145564449253812,58.08251221019479,39830.47860625,1.6456890538522035,1.0,-0.004500015215605,-0.0164122230633477
2025-06-16 08:00:00,2628.88,2634.17,2592.61,2617.05,35221.700973,-0.004500015215605,-0.0045101707622709,2579.6960000000004,2546.397,2598.880166666667,1,0.0308947380860469,-12.035846318193762,-25.381408803394823,13.34556248520106,50.29041882899806,0.0475708431166797,1.0832619487630455,0.0092229338035904,55.929916820779376,31438.061116699995,1.1203522011823472,0.95,0.0057431076975984,-0.0236259359498477
2025-06-16 12:00:00,2617.0,2657.83,2605.0,2632.08,50886.648636,0.0057431076975984,0.0057266789260426,2598.802,2551.6485,2600.9265000000005,1,0.0446793225666894,-6.105431496596793,-21.52621334203522,15.420781845438428,50.47181748406962,0.0551541655517744,1.0715141683479947,0.0092381811498104,58.05677136965735,30849.76004065,1.649499009682664,1.0,0.0106835658490622,-0.0502295595181298
2025-06-16 16:00:00,2632.09,2670.13,2627.6,2660.2,33189.014941,0.0106835658490622,0.0106268997991326,2621.336,2557.4065,2603.862333333333,1,0.0608973080757726,0.8536733521941642,-17.050236003189344,17.903909355383508,49.90454480663609,0.0662055517679212,1.1071157218289749,0.0093739328888091,61.77380125431095,30255.1126054,1.096972117534818,1.0,-0.0435982256973159,-0.0491361790497385
2025-06-16 20:00:00,2660.68,2680.26,2534.48,2544.22,92992.720173,-0.0435982256973159,-0.0445771882107672,2616.486,2557.058,2604.9921666666664,1,0.0053026710921446,-2.9557308073244712,-14.231334964016373,11.2756041566919,56.7527916061621,0.0663371645151359,0.4243167299973546,0.0138911557873232,44.32587018833212,31386.469358150003,2.962828316618318,0.6,0.024813105784877,-0.0128667567759587
2025-06-17 00:00:00,2544.49,2619.0,2522.28,2607.35,56879.548832,0.024813105784877,0.0245102601455428,2612.18,2561.051,2606.9635,1,0.0304509346717778,-0.8706117778042426,-11.559190326773946,10.688578548969703,59.607592205721936,0.0674527742841862,0.7680115851295858,0.0147622657596247,52.23434469225522,31745.4898408,1.7917363731744078,0.8,-0.0095537614819644,-0.030508119229561
2025-06-17 04:00:00,2607.36,2610.63,2570.35,2582.44,26118.597968,-0.0095537614819644,-0.0095996914311399,2605.258,2561.2155,2608.4803333333334,1,0.0213368453108377,-1.214172517891711,-9.4901867649975,8.276014247105788,58.22704990531325,0.067565302496383,0.6226500193762533,0.0142694727642697,49.260871718307705,31975.98868875,0.8168190895435615,0.75,-0.011713728102105,-0.0186796974631652
2025-06-17 08:00:00,2582.44,2585.49,2541.31,2552.19,27810.05802,-0.011713728102105,-0.0117828743188613,2589.28,2561.3825,2609.422666666667,1,0.0142428517495578,-3.8826127271577207,-8.368671957429545,4.486059230271824,57.22368919779086,0.0674958873739377,0.4468281355269639,0.0142679668049066,45.84767370374627,32282.728977700004,0.861453133011475,0.65,-0.0208605158706837,-0.014678315429895
2025-06-17 12:00:00,2552.19,2568.3,2482.0,2498.95,80399.36659,-0.0208605158706837,-0.0210811704723818,2557.03,2559.464,2609.082,0,-0.0168581320324181,-10.176090238951474,-8.730155613733931,-1.445934625217543,59.30056854080581,0.0704189999765719,0.1642492571682053,0.0149993097647336,40.52554246532205,35432.3897246,2.2690924099364467,0.05,0.0117769463174535,0.0041814526463845
2025-06-17 16:00:00,2498.95,2543.99,2453.56,2528.38,70266.43315,0.0117769463174535,0.0117081377944696,2553.862,2558.952,2609.2745,0,-0.0032209102915377,-12.643218315269223,-9.512768154040993,-3.1304501612282323,61.52409935931968,0.0708882413110528,0.3314660074190508,0.0152547202851864,44.36982749441568,37905.8719533,1.8537083973841355,0.25,-0.0073288034235361,-0.0142275387243366
2025-06-17 20:00:00,2528.02,2534.22,2492.09,2509.85,29406.259553,-0.0073288034235361,-0.0073557910421607,2534.362,2558.469,2609.0265,0,-0.0147907973605807,-15.910247795970918,-10.792264082426977,-5.117983713543941,60.13880654793968,0.0716310411359109,0.234707727891492,0.0152496803320333,42.50682433404229,38379.30410705,0.766200957447748,0.15,0.0071717433312747,0.0060687376869742
2025-06-18 00:00:00,2510.0,2536.74,2505.67,2527.85,20584.119324,0.0071717433312747,0.0071461486793958,2523.444,2559.4865,2609.2956666666664,0,-0.0158148625446277,-16.852675476908644,-12.00434636132331,-4.848329115585333,58.06246322308683,0.0701544159675934,0.323810276489036,0.0152901930235645,44.92592975529796,37791.3669696,0.5446778186287414,0.2,0.0022746602844314,-0.0007782158664644
2025-06-18 04:00:00,2527.85,2547.0,2517.65,2533.6,18074.375913,0.0022746602844314,0.002272077161137,2519.726,2559.6265,2609.6125,0,-0.0362435714068348,-16.94030200212319,-12.991537489483289,-3.948764512639901,56.01157299286634,0.0700171230549667,0.3547771655478951,0.0151581591504146,45.71175204936917,38083.96124785,0.4745928553852936,0.4,-0.0077123460688348,-0.0056345124806958
2025-06-18 08:00:00,2533.6,2548.72,2488.44,2514.06,28549.670644,-0.0077123460688348,-0.0077422400105853,2522.748,2558.8145,2609.621666666667,0,-0.0393534705106896,-18.374649826696896,-14.06815995692601,-4.3064898697708855,56.31646063623301,0.0710809772071086,0.2539380186686035,0.0152604260485273,43.44324155502793,39016.7033427,0.7317294440085397,0.15,-0.0020007477944041,0.0071433156624456
2025-06-18 12:00:00,2514.06,2538.87,2465.63,2509.03,57591.921023,-0.0020007477944041,-0.0020027519639439,2518.878,2557.8414999999995,2609.531833333333,0,-0.0467500987811919,-19.690282454762382,-15.192584456493286,-4.497697998269096,57.52528487650207,0.0724199836755423,0.2364942466399723,0.01526537141305,42.85367999863914,40883.4407977,1.4086857637050936,0.1,-0.0066320450532677,-0.0061732836955377
2025-06-18 16:00:00,2509.03,2519.17,2467.25,2492.39,41069.712652,-0.0066320450532677,-0.0066541347849618,2515.386,2556.6435,2608.864833333333,0,-0.0630817231787083,-21.824065482965125,-16.518880661787655,-5.30518482117747,57.12490738532336,0.0745631704852686,0.1629438551132837,0.0152993959417196,40.87734902491152,42294.46273995,0.971042306519403,0.05,0.0129674729877748,0.0051519209773032
2025-06-18 20:00:00,2492.31,2537.61,2482.62,2524.71,22083.999635,0.0129674729877748,0.012884115163436,2514.7580000000003,2555.789,2609.1155000000003,0,-0.0076683620127189,-20.668891895568777,-17.34888290854388,-3.320008987024895,56.972414000657416,0.0752296701624918,0.3383584962076054,0.0154151427517755,46.07890166828752,42114.36682035,0.5243816137425301,0.3,0.000324789777836,-0.0014195509085387
2025-06-19 00:00:00,2524.68,2548.0,2506.04,2525.53,16251.188727,0.000324789777836,0.0003247370450538,2513.144,2555.2380000000003,2609.5905,0,-0.0313805204517996,-19.462885331134657,-17.771683393062037,-1.69120193807262,55.90009871489618,0.0756837776060231,0.3463830079722118,0.015409373843478,46.20820874373802,42205.11838505,0.3850525563922251,0.35,-0.0025816363298,-0.0031764768702276
2025-06-19 04:00:00,2525.53,2531.19,2514.36,2519.01,11537.193404,-0.0025816363298,-0.0025849744994006,2514.1340000000005,2553.8120000000004,2610.0435,0,-0.0245620420997195,-18.816323090268725,-17.980611332503376,-0.835711757765349,53.10937737811788,0.0767016762608035,0.3223315047614253,0.0153822038815268,45.278443148011895,41191.05746155,0.2800897601322678,0.3,0.0050654820743067,0.0122731424558775
2025-06-19 08:00:00,2519.0,2544.58,2519.0,2531.77,17681.011081,0.0050654820743067,0.0050526956813026,2518.682,2551.977,2609.8763333333336,0,-0.0080009717144883,-17.077434461781195,-17.79997595835894,0.7225414965777439,51.14299327968088,0.0769196119753352,0.3970590905518922,0.0153046171086772,47.50463731747541,40107.10619455,0.4408448466771358,0.55,-0.0153173471523875,0.007325330974513
2025-06-19 12:00:00,2531.77,2536.71,2490.0,2492.99,23861.128332,-0.0153173471523875,-0.0154358695712658,2518.802,2545.1825,2609.193,0,-0.0023850017007143,-18.614003947019683,-17.962781556091088,-0.651222390928595,50.826350902560826,0.074387973913853,0.2243319454762653,0.014526317481422,41.92257863294704,38022.73347855,0.6275489989550838,0.1,0.0046931596195733,0.0008369607933163
2025-06-19 16:00:00,2493.0,2523.34,2485.13,2504.69,19022.461124,0.0046931596195733,0.0046821810819186,2514.798,2539.5645,2607.931333333333,0,-0.0093696358933388,-18.67241019389303,-18.104707283651475,-0.5677029102415538,49.925182980949344,0.0710105090589516,0.3066135165545824,0.0146065580434497,44.05835778481096,37212.7714861,0.5111809834187012,0.2,0.0063960011019328,-0.0357823953068779
2025-06-19 20:00:00,2504.8,2532.2,2502.77,2520.71,16933.7991,0.0063960011019328,0.006375633488272,2513.834,2533.996,2605.2725,0,0.0043269518098691,-17.227430356612786,-17.929251898243738,0.7018215416309523,48.46124133945296,0.0629709102119328,0.4167377098185438,0.0146257011948387,46.93583369311629,35515.1290093,0.4768052256142928,0.45,-0.0014321361838529,-0.0454170817179354
2025-06-20 00:00:00,2520.72,2531.41,2512.49,2517.1,10409.171644,-0.0014321361838529,-0.0014331626710408,2513.452,2526.841,2602.4076666666665,0,-0.0042526257491544,-16.186976861801668,-17.580796890955327,1.3938200291536589,46.35115267234918,0.0435852436449472,0.4115523801893391,0.0143179128005293,46.35717455415652,34376.136844450004,0.3028022517800906,0.4,0.0128679829963052,-0.0361278442269201
2025-06-20 04:00:00,2517.11,2550.96,2503.12,2549.49,25536.737668,0.0128679829963052,0.0127858939665902,2516.996,2527.1045,2600.278333333333,0,0.0062717082412377,-12.603522108182917,-16.585341934400844,3.9818198262179294,46.45749891003854,0.0438808450498564,0.7018685276839335,0.0110049722301278,52.06721721179533,31003.3377192,0.8236770472678948,0.85,0.0001176705929422,-0.0484392753711444
2025-06-20 08:00:00,2549.52,2569.06,2540.96,2549.79,28046.340508,0.0001176705929422,0.000117663670301,2528.356,2524.2265,2596.543333333333,1,0.0142120713109472,-9.628410582035484,-15.193955663927774,5.565545081892289,45.146248987892925,0.0341357162309081,0.7966763813686579,0.0093551475790606,52.11805591607811,29561.677303,0.9487398235401814,0.9,-0.0218057173335842,-0.042133377772904
2025-06-20 12:00:00,2549.8,2559.5,2488.0,2494.19,54062.810672,-0.0218057173335842,-0.0220469756430758,2526.256,2519.814,2592.560166666667,1,-0.0059146363335632,-11.623084906768328,-14.479781512495885,2.8566966057275582,47.028659774472,0.0284071708054098,0.1420268457110891,0.0102937197193167,43.01270296080398,30958.8879382,1.746277540069267,0.15,-0.031926196480621,-0.0280530666679542
2025-06-20 16:00:00,2494.2,2496.4,2365.0,2414.56,105445.057687,-0.031926196480621,-0.0324469513067895,2505.0260000000003,2512.9325,2586.5755,0,-0.0312270551558945,-19.40565784031378,-15.464956778059465,-3.9407010622543135,53.05518407629543,0.0442955268475819,-0.3837572993573855,0.0121541008540339,33.8826622854364,34840.63792155,3.0264961831189376,0.05,-0.0032386853091247,-0.0122302154582389
2025-06-20 20:00:00,2414.89,2437.93,2382.2,2406.74,24304.684429,-0.0032386853091247,-0.0032439412015796,2482.954,2508.322,2579.7526666666668,0,-0.046726158647924,-25.905785832803303,-17.553122589008233,-8.352663243795071,53.246242356560046,0.057656495261428,-0.2024011797161045,0.011382298448044,33.138741472760245,32035.9038135,0.7586701649028537,0.05,0.0078571013071624,-0.0463716508356603
2025-06-21 00:00:00,2406.78,2432.52,2396.07,2425.65,16396.535906,0.0078571013071624,0.0078263950234018,2458.186,2503.1855,2573.6603333333333,0,-0.0395481344509865,-29.19476604534884,-19.881451280276355,-9.313314765072487,52.04651075966289,0.063967200154283,0.0157716466910881,0.0111676463583191,36.75488474941486,29342.4089513,0.5587999244783739,0.15,0.0005565518520809,-0.067624234706914
2025-06-21 04:00:00,2425.66,2428.52,2419.27,2427.0,10565.756285,0.0005565518520809,0.0005563970345388,2433.628,2499.043,2567.5766666666664,0,-0.0365262543618326,-31.33120619995998,-22.17140226421308,-9.159803935746895,48.98961713397268,0.0692765212599886,0.0838671612805162,0.0111091000614965,37.016777143175766,28400.3837879,0.3720286445390061,0.2,0.0064235681911826,-0.0655624538143817
2025-06-21 08:00:00,2427.0,2448.22,2423.69,2442.59,15464.647388,0.0064235681911826,0.0064030250038077,2423.308,2494.78,2562.070666666667,0,-0.0352243687222771,-31.404357817390974,-24.017993374848665,-7.386364442542309,47.24250162440318,0.0712173167149567,0.2062557077770802,0.0110791640692834,40.10145083964456,28144.4101911,0.5494749146631728,0.25,-0.0077254062286344,-0.0709643241374778
2025-06-21 12:00:00,2442.6,2445.19,2412.01,2423.72,19376.533301,-0.0077254062286344,-0.0077554017643322,2425.14,2489.286,2554.713,0,-0.0277859116963966,-32.60908506389751,-25.73621171265844,-6.872873351239072,46.23803722266009,0.0739847068933943,0.1439902146983135,0.0111180620504318,37.69499181042468,28209.5180605,0.6868792745570415,0.15,-0.0161033452709057,-0.1063703932393465
2025-06-21 16:00:00,2423.55,2428.3,2381.99,2384.69,23968.776261,-0.0161033452709057,-0.0162344131272815,2420.73,2482.8175,2547.568,0,-0.0479101206137286,-36.29485045573165,-27.84793946127308,-8.446910994458566,46.24317742104154,0.082060059473925,0.0183693583468256,0.0114908762082339,33.250447721028635,27980.47334135,0.8566251174020902,0.05,-0.0373801206865461,-0.0862026988390116
2025-06-21 20:00:00,2384.7,2409.38,2215.3,2295.55,141201.556453,-0.0373801206865461,-0.0380966706398411,2394.71,2472.1435,2539.6328333333336,0,-0.0893240396554938,-45.879825045280086,-31.454316578074486,-14.4255084672056,56.802950462395714,0.1048545856389552,-0.1812611279419758,0.0138739991611542,25.775483105110908,32160.95511285,4.390465269378225,0.05,-0.0133954825640913,-0.0287983090863668
2025-06-22 00:00:00,2296.0,2314.39,2244.24,2264.8,61079.683267,-0.0133954825640913,-0.0134860114012641,2362.27,2460.764,2531.2961666666665,0,-0.1002343967263913,-55.319564965349855,-36.22736625552956,-19.09219870982029,57.75631114365317,0.1279838364704983,-0.1222303729394302,0.0140144305627484,23.788746153067976,33161.4536436,1.8418879921082127,0.05,0.0026183327446132,-0.01225591372902
2025-06-22 04:00:00,2264.79,2298.31,2262.11,2270.73,25099.814022,0.0026183327446132,0.0026149108831788,2327.898,2448.065,2523.462666666667,0,-0.1093395149618158,-61.61190176921855,-41.30427335826736,-20.30762841095119,56.21657463339222,0.1428093678700514,-0.007241546105985,0.0135104649080426,24.989488804231527,33312.24436295,0.7534711185631222,0.1,0.0010216978680865,-0.0040847951648923
2025-06-22 08:00:00,2270.73,2280.46,2236.67,2273.05,28346.08043,0.0010216978680865,0.0010211762900529,2297.764,2435.441,2515.8521666666666,0,-0.1085344283254698,-65.65459411676011,-46.17433750996591,-19.4802566067942,55.32896215957849,0.1532922669275648,0.0650252006287272,0.0135263514776846,25.484138257802456,33916.9889481,0.835748729740584,0.15,-0.0431314753305031,-0.0074972487774333
2025-06-22 12:00:00,2273.05,2287.49,2155.55,2175.01,129090.268802,-0.0431314753305031,-0.0440892797575571,2255.8280000000004,2418.241,2506.774,0,-0.1279694008876628,-75.8945998692011,-52.11838998181295,-23.77620988738815,60.80117914818,0.1770526113526863,-0.0680898222566324,0.0159421537223664,19.60157737417869,39794.642718,3.243910737351829,0.05,0.0040643491294292,0.033548396881033
2025-06-22 16:00:00,2175.0,2220.0,2170.53,2183.85,47709.512349,0.0040643491294292,0.00405611197408,2233.488,2400.8450000000003,2498.2635,0,-0.095549499701809,-82.34731548870104,-58.16417508319058,-24.183140405510464,59.99180920902427,0.1918325765212336,0.0288456074115446,0.0159031652264453,21.364164642228246,41296.0677814,1.1553040013773093,0.1,0.0200242690660987,0.0580885127520486
2025-06-22 20:00:00,2183.85,2237.2,2111.0,2227.58,76223.427651,0.0200242690660987,0.0198264202151835,2226.0440000000003,2387.5745,2491.3448333333336,0,-0.0744409450127557,-82.97599792006213,-63.126539650564894,-19.84945826949724,64.72096569409395,0.1993418015903691,0.1638371301296322,0.0168914296990485,29.58778414578332,43914.18274735,1.7357359942124782,0.15,0.0031469127932555,0.080694338976751
2025-06-23 00:00:00,2227.58,2260.23,2221.8,2234.59,26434.744549,0.0031469127932555,0.0031419716267574,2218.8160000000003,2374.0695,2486.677,0,-0.0787665161915363,-81.96375768343569,-66.89398325713906,-15.069774426296632,62.84303957308723,0.2026028639286787,0.2100177781300045,0.0168459182033189,30.83644087195396,44284.7969186,0.5969259517569827,0.2,0.0107894513087409,0.0723017719902896
2025-06-23 04:00:00,2234.75,2276.24,2227.75,2258.7,32806.752123,0.0107894513087409,0.0107316604948004,2215.946,2360.969,2482.2045,0,-0.069344870210136,-78.313327211054,-69.17785204792204,-9.135475163131956,61.817822460723846,0.1995900704527189,0.2829724872614815,0.017037480719312,35.099367468396295,45078.44456975,0.7277702777041923,0.25,-0.0023907557444545,0.0590278175613297
2025-06-23 08:00:00,2258.68,2274.39,2238.88,2253.3,22631.95414,-0.0023907557444545,-0.0023936181641103,2231.6040000000003,2347.779,2477.342166666667,0,-0.0774956091689559,-74.99161299809293,-70.34060423795623,-4.651008760136705,59.93869228495784,0.1947423793996706,0.2933584731144805,0.0170272757112648,34.585202974870285,45689.58369455,0.495341657987127,0.25,-0.0020858296720367,0.0682470791835648
2025-06-23 12:00:00,2253.32,2313.8,2232.0,2248.6,71553.016159,-0.0020858296720367,-0.0020880080444167,2244.554,2332.7345,2472.299,0,-0.0722525704289274,-71.90945385120767,-70.65437416060652,-1.25507969060115,61.50021426460372,0.1822480076753359,0.3020998987629811,0.0165040699783326,34.1167572080833,47990.3976191,1.4909861078234157,0.25,0.0286044650004448,0.0823906031588079
2025-06-23 16:00:00,2248.49,2325.76,2188.41,2312.92,96967.077752,0.0286044650004448,0.0282029952013328,2261.622,2320.891,2468.7228333333333,0,-0.0300961550557934,-63.5442356722956,-69.23234646294435,5.68811079064875,66.91805610284634,0.1618600729286626,0.4787813214781709,0.0182123033904703,45.07986001180581,51436.43448129999,1.885182725627161,0.6,0.0426300952908011,0.0521866631142751
2025-06-23 20:00:00,2313.33,2439.0,2303.51,2411.52,91642.454303,0.0426300952908011,0.0417464585508422,2297.0080000000003,2316.7575,2465.929,0,0.0505194833482172,-48.40061190622737,-65.06599955160095,16.665387645373585,71.81605209550015,0.1516220056168586,0.7697700267122868,0.0205739964933711,56.91557253752841,53315.41666285,1.7188734523546576,0.75,-0.0052456541932059,0.0154307051879168
2025-06-24 00:00:00,2411.52,2418.0,2388.88,2398.87,40836.319946,-0.0052456541932059,-0.0052594609419488,2325.042,2315.9730000000004,2463.429333333333,1,0.059197280113034,-36.99349229570407,-59.45149810042158,22.45800580471751,68.76633408867872,0.1502728970640394,0.7381906243579659,0.0193230460583617,55.26987673092063,50084.9797758,0.815340649607914,0.7,-0.002484503120219,0.0188794875715913
2025-06-24 04:00:00,2398.86,2434.87,2390.91,2392.91,41390.37204,-0.002484503120219,-0.0024875946197179,2352.964,2315.2815,2461.0225,1,0.0538064851391402,-28.11015365730873,-53.183229211799016,25.073075554490288,66.99445308234453,0.1491572002867259,0.7247880241171498,0.0193174321862363,54.47073808901084,50939.26415635,0.8125435796041107,0.7,0.0068285058777806,0.0214826340661914
2025-06-24 08:00:00,2392.81,2450.0,2376.0,2409.25,43105.353626,0.0068285058777806,0.0068052972252293,2385.094,2314.4615000000003,2458.8663333333334,1,0.0599194914322165,-19.52645354281321,-46.451874078001865,26.92542053518865,67.4948492907485,0.1475166297865152,0.7776289228202634,0.0192964616403703,56.33479684000795,52274.70504235,0.824592957360132,0.8,0.0120576943032064,0.0083340499748862
2025-06-24 12:00:00,2409.49,2454.8,2402.74,2438.3,59873.033979,0.0120576943032064,0.0119855794212892,2410.17,2315.0265000000004,2457.5128333333337,1,0.1210523170008412,-10.261429766011132,-39.21378521560372,28.952355449592588,66.39236005569506,0.1488230378276594,0.8578026845634037,0.0194894026970145,59.50880709702501,54740.06892705,1.0937697951895258,0.95,-0.001599475044088,-0.0134102000640948
2025-06-24 16:00:00,2438.4,2483.0,2416.61,2434.4,49250.097171,-0.001599475044088,-0.0016007555699246,2414.746,2314.617,2456.2945000000004,1,0.1147285756805642,-3.1966797441173185,-32.010364121306445,28.813684377189126,66.39219148028826,0.1478297567487254,0.8500694281323724,0.0194416937040148,58.889912200822046,56429.3414162,0.8727746228287728,0.95,0.0058741373644428,-0.0006617856657476
2025-06-24 20:00:00,2434.3,2450.56,2430.57,2448.7,11537.665355,0.0058741373644428,0.0058569518866183,2424.7120000000004,2315.866,2454.926166666666,1,0.0992646728737014,3.515550953880848,-24.905181106268987,28.420732060149835,63.07774923169623,0.150769873163643,0.8804356913681093,0.0193945928181051,60.51157868912434,56037.3980189,0.2058922391633643,1.0,-0.0017968718095314,-0.0122462620738627
2025-06-25 00:00:00,2448.77,2469.0,2436.72,2444.3,22569.281116,-0.0017968718095314,-0.0017984881201736,2434.99,2318.8465,2453.492833333333,1,0.0938471934448825,8.383360749134226,-18.247472735188342,26.63083348432257,60.8779100008608,0.1561927208442285,0.846377753420369,0.0190023915462087,59.73082690149406,55967.42326165,0.4032574630153631,0.95,0.0001186433743811,0.0187045621201651
2025-06-25 04:00:00,2444.31,2450.81,2424.24,2444.59,22116.762336,0.0001186433743811,0.0001186363368126,2442.058,2326.2985,2452.0945,1,0.0822995528401293,12.12476887078128,-12.17302441399442,24.2977932847757,58.42734500079933,0.1622747204566899,0.8133554327400179,0.0166821706556353,59.76767199575994,50013.1835558,0.4422186464359782,0.95,-0.0063200782135246,0.0189233969000997
2025-06-25 08:00:00,2444.59,2448.79,2407.69,2429.14,35322.715798,-0.0063200782135246,-0.0063401344571798,2440.226,2334.5155,2450.641,1,0.0780366573470019,13.685418893487167,-7.001335752498104,20.68675464598527,57.18967750074223,0.1641558752675726,0.7469166663228294,0.0163822014025876,56.78662914251288,48725.33518235,0.7249353065670672,0.75,-0.0096865557357747,0.0094837427559701
2025-06-25 12:00:00,2429.19,2446.45,2389.8,2405.61,53256.417923,-0.0096865557357747,-0.0097337755960829,2434.468,2341.2595,2448.371166666667,1,0.0698256693053456,12.875154166051743,-3.026037768788135,15.90119193483988,57.15112910783204,0.1637169951165723,0.6678837294027747,0.0166512889910448,52.49248024403738,50133.1653774,1.0622991291710449,0.6,0.0111489393542592,0.0121843967921958
2025-06-25 16:00:00,2405.62,2439.59,2401.37,2432.43,22567.544979,0.0111489393542592,0.0110872480349214,2431.214,2349.2285,2446.6358333333333,1,0.0516706154990227,14.233093149786782,0.4257884149268487,13.807304734859931,55.79890560012977,0.16421962188111,0.7156655847806127,0.0167410340563676,56.5276827097896,49844.238604850005,0.4527613543845788,0.75,-0.0057103390436723,0.0021408475502425
2025-06-25 20:00:00,2432.71,2454.96,2407.72,2418.54,17116.203952,-0.0057103390436723,-0.0057267053642345,2426.0620000000004,2361.405,2444.486,1,0.0029110270700636,14.026770779210892,3.1459848877836576,10.880785891427234,55.18755520012052,0.1503329154157267,0.6609450682566699,0.0129029919093566,53.97091704384824,44245.535362350005,0.3868459000852037,0.65,0.0291539523844965,-0.0003048912644066
2025-06-26 00:00:00,2418.55,2520.48,2416.82,2489.05,54454.93293,0.0291539523844965,0.0287370592512912,2434.954,2376.665,2443.162333333333,1,0.0375926998962012,19.3300023033562,6.382788370898165,12.94721393245803,58.64987268582619,0.1396198499214741,0.8386828553129346,0.0139441186932469,63.095991844098826,44582.8063914,1.2214334928118014,1.0,0.0003374781543157,-0.0169027156045387
2025-06-26 04:00:00,2489.19,2500.24,2467.08,2489.89,28591.652461,0.0003374781543157,0.0003374212213721,2447.1040000000003,2389.7805,2440.8458333333333,1,0.0405280599771826,23.33167939716349,9.772566576151233,13.559112821012263,56.82916749398146,0.1322148057920869,0.8168379449916788,0.0136421195111153,63.18961595660547,42201.2176319,0.6775077608042168,1.0,-0.0157597323576542,-0.0191202848206562
2025-06-26 08:00:00,2489.89,2500.35,2439.24,2450.65,34678.250513,-0.0157597323576542,-0.0158852373023306,2456.112,2400.5835,2438.0725,1,0.0171837708830548,23.070751998896867,12.43220366070036,10.638548338196507,57.134941244411365,0.1190408079857446,0.6752001806069791,0.0144567943428469,56.03760548390837,42613.3929301,0.8137875941933033,0.9,-0.006985901699549,-0.0011411420399627
2025-06-26 12:00:00,2450.86,2459.98,2409.94,2433.53,45901.752388,-0.006985901699549,-0.0070104173535099,2456.332,2409.325,2434.7633333333333,1,-0.0019562810154616,21.23770914271745,14.193304757103778,7.044404385613671,56.62815972695341,0.1059843649426132,0.594791173121949,0.0146098090352361,53.20804381694741,43268.14294335,1.0608671707518884,0.6,0.0011053901123059,0.002171638814319
2025-06-26 16:00:00,2433.19,2443.32,2418.13,2436.22,16222.87611,0.0011053901123059,0.0011047796185035,2459.868,2418.471,2431.0303333333336,1,0.0007476174827472,19.77412617399932,15.309469040482888,4.4646571335164325,54.38257688931389,0.0876833242466096,0.583698177001192,0.014552206533764,53.60445787791714,42947.68904185,0.3777357169134702,0.65,-0.0081560778583215,-0.0095303426730831
2025-06-26 20:00:00,2435.84,2458.62,2394.11,2416.35,27255.221752,-0.0081560778583215,-0.0081895206266851,2445.328,2426.8585,2428.899166666667,1,-0.0132110915996243,16.81702696860475,15.61098062610726,1.2060463424974903,55.10596425436288,0.0593736358359892,0.4270706019500314,0.0147480061217345,50.220031288012976,40732.7993215,0.6691222357903075,0.35,0.0125561280443644,0.0030150449983922
2025-06-27 00:00:00,2416.08,2448.55,2382.27,2446.69,25064.423918,0.0125561280443644,0.0124779535676336,2436.688,2433.547,2426.2215,1,0.0009777850509347,16.728849221145992,15.834554345115007,0.894294876030985,55.90410966476554,0.0410421272297429,0.6315906121405803,0.0137229625250286,54.90214999993285,37137.666629800005,0.6749057275959229,0.8,-0.0018800910618018,-0.0105191003531643
2025-06-27 04:00:00,2446.58,2459.32,2434.32,2442.09,26999.237352,-0.0018800910618018,-0.001881860651343,2434.976,2435.0755,2423.882333333333,0,-0.0010226663775929,16.102170368053066,15.88807754970262,0.214092818350446,53.69667326013944,0.0402544988321518,0.571559922962725,0.0100621177002568,54.07175409573724,33905.505782249995,0.7963083496054048,0.65,0.0022194104230393,-0.004053937623801
2025-06-27 08:00:00,2442.09,2464.23,2435.51,2447.51,17927.423174,0.0022194104230393,0.0022169511697823,2437.772,2437.5075,2422.1376666666665,1,0.0075623471681336,15.86004681798795,15.882471403359688,-0.0224245853717377,51.912625170129466,0.0380208198216374,0.6079297378764963,0.0099688494828778,54.93661408259196,32760.060943649994,0.5472341215981449,0.8,-0.0036731208452672,-0.0080702230468402
2025-06-27 12:00:00,2447.51,2457.4,2413.95,2438.52,30294.018992,-0.0036731208452672,-0.003679883318305,2438.232,2439.788,2421.1305,0,0.0136805217803384,14.772456608472568,15.660468444382264,-0.8880118359096976,51.30815194369167,0.0340842416605756,0.4847519774068211,0.0099945464412139,53.14887111355953,32205.24329125,0.9406548715696468,0.55,-0.0105965913750963,-0.0008998641545891
2025-06-27 16:00:00,2438.6,2449.56,2388.0,2412.68,33194.826908,-0.0105965913750963,-0.0106531350510394,2437.4980000000005,2439.9595,2419.202166666667,0,-0.008119452563897,11.690698391803837,14.86651443386658,-3.175816042062744,52.04042680485655,0.0336886240584959,0.1681280747412031,0.0102159918069677,48.28509291064666,31709.716955350003,1.046834538281788,0.1,0.0043893098131539,0.0085596732165993
2025-06-27 20:00:00,2412.66,2429.7,2411.34,2423.27,8264.626163,0.0043893098131539,0.0043797048885727,2432.814,2439.208,2417.7591666666663,0,0.0019557253549662,9.987774451203222,13.890766437333909,-3.902991986130687,49.63468203308106,0.0342225968859448,0.3090709441009664,0.009882858256534,50.29274134431248,29129.29656455,0.2837221333060939,0.25,-0.0009780173071922,0.0051648771396526
2025-06-28 00:00:00,2423.35,2423.97,2405.5,2420.9,9833.670593,-0.0009780173071922,-0.0009784958781781,2428.576,2438.5330000000004,2415.976666666667,0,-0.0273799240674152,8.35069416211445,12.78275198229002,-4.432057820175569,47.4086333164324,0.0348222948326032,0.292346056982266,0.0098794116664812,49.82654404801451,27158.475235650003,0.3620847822889437,0.25,0.0045850716675615,0.0029365161763185
2025-06-28 04:00:00,2420.91,2434.46,2417.53,2432.0,8544.757301,0.0045850716675615,0.0045745922468503,2425.474,2437.698,2414.2833333333333,0,-0.0232500230933896,7.858386879641785,11.797878961760372,-3.939492082118587,45.231588079544366,0.0346897044750064,0.4326183030942248,0.0098416111902183,52.06760114985234,27008.829832950003,0.3163690301967706,0.4,-0.0017968749999999,0.0034627313503853
2025-06-28 08:00:00,2432.07,2432.5,2419.74,2427.63,7230.493325,-0.0017968749999999,-0.0017984913163852,2423.296,2436.8645,2412.842833333333,0,-0.0093934262338563,7.034517790757491,10.845206727559797,-3.810688936802306,42.9121889310055,0.0347866482088243,0.3910645030057896,0.0098416112158187,51.09989816123134,26241.890443400003,0.2755324865255092,0.35,0.0034972380469839,0.0141639937998293
2025-06-28 12:00:00,2427.64,2443.11,2420.0,2436.12,19554.027574,0.0034972380469839,0.0034911369305717,2427.9839999999995,2436.441,2411.6276666666668,0,0.0010642975430752,6.9861358232178645,10.07339254669141,-3.087256723473546,41.49774686450512,0.0346710203604456,0.4962000095055233,0.0098780403869789,52.93022063458826,26113.7537053,0.7488018687267985,0.6,-0.0011370540039078,0.0003097434462778
2025-06-28 16:00:00,2436.12,2448.0,2431.52,2433.35,11200.087459,-0.0011370540039078,-0.0011377009402592,2430.0,2436.6515,2410.6436666666664,0,-0.0011780545270951,6.647646978869943,9.388243433127116,-2.740596454257174,39.7107649456119,0.0345811733738766,0.4608187617137312,0.0097744731529061,52.24314597375962,24907.62228835,0.4496650595283275,0.5,0.0009945137362072,0.002103450162982
2025-06-28 20:00:00,2433.36,2442.22,2427.42,2435.77,8270.538305,0.0009945137362072,0.0009940195350542,2432.974,2438.1595,2409.161333333333,0,0.0080369151819894,6.499740938666946,8.810542934235084,-2.310801995568138,37.931424592353885,0.0325375039812267,0.4698796032865279,0.0094976721767493,52.81936066871632,22658.32830745,0.3650109660685192,0.55,-0.0032063782705263,0.026689282583776
2025-06-29 00:00:00,2435.77,2443.08,2424.6,2427.96,7035.051738,-0.0032063782705263,-0.0032115297159356,2432.166,2437.936,2407.5351666666666,0,-0.0076552403451193,5.686769073110554,8.185788162010178,-2.499019088899624,36.542037121471466,0.0326853590533812,0.3748067597742093,0.0092015449357422,50.693563651822856,21881.7036454,0.3215038395549662,0.35,0.0051112868416283,0.0295237456509686
2025-06-29 04:00:00,2427.96,2440.38,2426.79,2440.37,8481.465471,0.0051112868416283,0.005098268556323,2434.714,2439.0275,2406.2245,0,-0.0007043147467948,5.974990328607873,7.743628595329718,-1.7686382667218448,34.90260589850923,0.031849289252553,0.5172821532639061,0.0091694266905205,53.87052955072712,21449.96672135,0.3954069291192914,0.7,0.0089043874494441,0.016903377501632
2025-06-29 08:00:00,2440.38,2463.63,2438.0,2462.1,22469.800843,0.0089043874494441,0.0088649771683489,2439.9100000000003,2437.6800000000003,2405.063333333333,1,0.0059611605264124,7.866160938143821,7.768135063892539,0.0980258742512818,34.24027690575858,0.0273020902344636,0.8669214218475132,0.006593961411848,58.8681144976736,19850.710117,1.131939397158242,0.95,-0.0103570123065676,-0.0009494836687243
2025-06-29 12:00:00,2462.1,2463.26,2433.13,2436.6,16058.769147,-0.0103570123065676,-0.0104110193834685,2440.56,2435.0155000000004,2404.1235,1,-0.0007873628266326,7.22401641925444,7.65931133496492,-0.4352949157104797,33.946685698204405,0.0189802762486733,0.5342837235444062,0.0069447620929552,51.778877655994926,19224.0659513,0.83534717305285,0.65,0.0006566527127964,0.0159313809645076
2025-06-29 16:00:00,2436.56,2442.76,2429.28,2438.2,7396.161223,0.0006566527127964,0.0006564372107387,2441.046,2434.393,2403.0153333333333,1,0.0105774491436907,6.766222093409851,7.480693486653906,-0.7144713932440547,32.484779576904096,0.0181041636647195,0.5863801033246241,0.006024929183255,52.16810330183901,17859.9614868,0.4141196624901112,0.7,0.0255803461570012,0.0318140399286348
2025-06-29 20:00:00,2438.19,2525.34,2411.05,2500.57,51469.693203,0.0255803461570012,0.0252586437371965,2455.568,2437.745,2402.6796666666664,1,0.0318990455046281,11.305827996598056,8.245720388642736,3.0601076079553184,38.32800960712523,0.0297668833283593,1.3657865956916042,0.0081359517336938,64.27383361993157,18138.35852755,2.8376158253142743,1.0,-0.0003719152033337,-0.005906358064082
2025-06-30 00:00:00,2500.57,2524.6,2495.13,2499.64,30680.465614,-0.0003719152033337,-0.0003719843809456,2467.422,2440.916,2402.3886666666667,1,0.0325250939733157,14.659469909390737,9.528470292792337,5.1309996165984,37.6952946351877,0.0370249266102,1.1497833659493857,0.0081453811839832,64.01367510697688,18861.23800275,1.626641136150593,0.95,-0.0075090813077083,-0.0053976274408457
2025-06-30 04:00:00,2499.65,2505.8,2456.0,2480.87,33363.223678,-0.0075090813077083,-0.0075374163948522,2471.176,2444.1420000000003,2401.2450000000003,1,0.0200945723684209,15.622585711044394,10.747293376442748,4.875292334601646,38.55991644696002,0.0383707286687452,0.8916253528145971,0.0081069721667444,58.837334620906205,19166.638099050004,1.7406925255010504,0.9,-0.0089484737209123,-0.0059233407771442
2025-06-30 08:00:00,2480.87,2486.51,2446.41,2458.67,26606.14413,-0.0089484737209123,-0.0089887517766701,2475.59,2444.741,2399.726333333333,1,0.0127861329774305,14.42818828258487,11.483472357671172,2.944715924913698,38.669922415034335,0.0387041733504054,0.6472072793398705,0.0079672700836853,53.343162980797146,19243.72410965,1.3825881091621983,0.8,0.0065238523266644,-0.0034604458708189
2025-06-30 12:00:00,2458.67,2488.29,2433.47,2474.71,45011.056721,0.0065238523266644,0.0065026641047028,2482.892,2446.372,2399.401666666666,1,0.0158407631807957,14.607527182992726,12.108283322735485,2.499243860257243,39.82349938538904,0.0401001560515513,0.7888687990546538,0.0080686419025617,56.503542190410336,20144.3150781,2.234429740921497,0.85,0.0165393116769236,-0.0205457234795839
2025-06-30 16:00:00,2474.72,2518.68,2461.34,2515.64,31196.298392,0.0165393116769236,0.0164040269015933,2485.906,2449.7785,2401.086333333333,1,0.033817576591941,17.84663854732389,13.255954367653166,4.590684179670726,41.07467800071837,0.0470322612011165,1.0716220059488055,0.008812192200463,63.32948938075086,20807.758839,1.4992627814163604,1.0,-0.0121400518357157,-0.0455517439091533
2025-06-30 20:00:00,2515.64,2522.0,2482.26,2485.1,25890.090185,-0.0121400518357157,-0.0122143441523145,2482.998,2452.1075,2402.3923333333337,1,0.020252322674144,17.744784048753445,14.153720303873222,3.5910637448802234,40.9793438578099,0.0483996716100728,0.7779926443679527,0.0092612024516767,56.23780547764955,20587.562398650003,1.2575597675758692,0.85,0.0001368154199026,-0.0325627850412417
2025-07-01 00:00:00,2485.3,2500.71,2477.34,2485.44,13036.727271,0.0001368154199026,0.0001368060615266,2483.912,2455.7455,2403.3888333333334,1,0.0236741956210151,17.4898862615687,14.82095349541232,2.668932766156381,39.72153358225204,0.047346068204723,0.7553928535983044,0.0088567842314593,56.296480648400085,19579.6574168,0.6658302029234716,0.85,-0.0080347946440068,-0.0222303118987798
2025-07-01 04:00:00,2485.68,2486.07,2444.94,2465.47,43203.361469,-0.0080347946440068,-0.0080672475583896,2485.272,2457.8555,2404.03,1,0.0102853255858741,15.497816641847749,14.956326124699403,0.5414905171483433,39.8221383263769,0.0458134161932769,0.5676226782120858,0.0090781548159373,51.89531930731309,21326.5941821,2.025797513663095,0.65,-0.006485578814587,-0.0073157364860644
2025-07-01 08:00:00,2465.27,2465.28,2442.01,2449.48,18079.159191,-0.006485578814587,-0.0065067015592152,2480.226,2459.2845,2404.1448333333333,1,-0.0051257056983875,12.484909485178832,14.462042796795291,-1.977133311616459,38.65341416020709,0.0438139294435027,0.4090077354178336,0.0092206165056057,48.61786242990259,21738.868612,0.8316513390683166,0.5,-0.0105614252821006,-0.0014186261414184
2025-07-01 12:00:00,2449.47,2456.51,2407.0,2423.61,58111.535283,-0.0105614252821006,-0.0106175929579411,2461.82,2458.865,2404.143,1,-0.0053311992120166,7.918387815593178,13.153311800554867,-5.234923984961691,39.428884577335175,0.0446065450006751,0.1785692307975028,0.009496322670865,43.798389076998255,24217.2075111,2.399596867490377,0.05,-0.0084667087526458,0.0309493979573274
2025-07-01 16:00:00,2423.65,2434.4,2396.9,2403.09,22882.144235,-0.0084667087526458,-0.0085027549370999,2445.418,2457.638,2404.449666666667,0,-0.0143999671889096,2.613467558047887,11.045342952053474,-8.431875394005587,39.29110710752553,0.0476503412372213,0.0342049132162476,0.0096733976565271,40.37917149614111,24999.790056600003,0.9152934557928042,0.05,0.0008489070321959,0.081846436612491
2025-07-01 20:00:00,2402.95,2418.78,2385.69,2405.13,22226.847205,0.0008489070321959,0.0008485469144112,2429.356,2456.0885,2406.276,0,-0.0381672978560888,-1.4098570603487133,8.554302949573037,-9.96416000992175,38.84817088555943,0.050707856397543,0.090836040780194,0.0096343711123438,40.87335622705432,25133.431038150004,0.8843538779588785,0.1,0.0104692885623645,0.0678072572142229
2025-07-02 00:00:00,2405.13,2432.6,2372.67,2430.31,24749.693386,0.0104692885623645,0.0104148650813893,2422.324,2455.9365000000003,2409.0345,0,-0.0277359939831335,-2.537306752137283,6.335981009230973,-8.873287761368257,40.35401582230518,0.0509029090599839,0.2950114708858143,0.0099446264952225,46.741375156959776,25810.9113345,0.9588849097675396,0.25,0.0068797807687086,0.0537240123227667
2025-07-02 04:00:00,2430.3,2454.46,2425.01,2447.03,24387.096112,0.0068797807687086,0.0068562230631763,2421.834,2456.4995,2411.9728333333333,0,-0.0136403761583636,-2.0579319322891934,4.65719842092694,-6.715130353216133,39.57515754928337,0.050454718697862,0.4235973223909394,0.0100624702487064,50.270656157334976,26616.739224850004,0.916231545343903,0.45,-0.000588468469941,0.0619888846599026
2025-07-02 08:00:00,2447.02,2460.45,2441.16,2445.59,18662.096012,-0.000588468469941,-0.000588641685469,2426.2300000000005,2457.381,2414.8485,0,-0.0053199494035393,-1.7737729488490004,3.371004146971752,-5.144777095820753,38.12621772433455,0.049494009280979,0.4030549792637189,0.0100317329009492,49.96356970908364,27198.09143855,0.6861546169209778,0.4,0.0218065988166453,0.0614927752883073
2025-07-02 12:00:00,2445.59,2502.85,2431.5,2498.92,50691.363917,0.0218065988166453,0.0215722359252649,2445.396,2460.3085,2420.2470000000003,0,0.009782964468564,2.723317684317408,3.241466854440884,-0.5181491701234755,40.49934502973922,0.0510977388402044,0.8071322521015232,0.0110831185324018,59.76598768633247,29308.58636085,1.7295738283956543,0.85,0.0424303299025177,0.0293368481384506
2025-07-02 16:00:00,2498.86,2608.37,2495.32,2604.95,114011.635345,0.0424303299025177,0.0415548426278876,2485.36,2467.451,2427.2653333333333,1,0.0355019001128937,14.673877950367114,5.5279490736261305,9.145928876740983,45.68153467047211,0.072183246188751,1.271995188612641,0.0143550824613875,71.65537500140734,33885.67808595,3.3645965429941502,1.0,-0.0131902723660721,-0.0070204733879062
2025-07-02 20:00:00,2604.92,2619.94,2569.18,2570.59,39395.809382,-0.0131902723660721,-0.0132780366192116,2513.416,2474.1505,2432.9821666666667,1,0.0344010301396322,21.12866017647093,8.64809129419509,12.48056888227584,46.04428219400984,0.0795660719261443,0.9898926439043084,0.0145061915657146,64.95655663329197,35052.5300977,1.123907725696097,0.95,-0.0036139563290917,0.0080723511823422
2025-07-03 00:00:00,2570.43,2589.15,2556.37,2561.3,28502.497442,-0.0036139563290917,-0.0036205024456112,2536.27,2480.3055,2438.427333333333,1,0.0305217587228017,25.203960664996885,11.95926516835545,13.244695496641434,45.0968334658663,0.0837880896757969,0.8897337924622569,0.0145703625312806,63.23525899391952,36107.84690865,0.7893712830374259,0.9,0.0151446531058445,0.0067035214740418
2025-07-03 04:00:00,2561.3,2605.5,2559.33,2600.09,32295.263993,0.0151446531058445,0.0150311177146156,2567.17,2485.2815,2444.1171666666664,1,0.0546021651044223,31.20399425953974,15.808210986592307,15.395783272947432,45.17348821830442,0.0934528523377835,0.9943173960923686,0.0138729476448914,67.14963005563379,35149.12544815,0.918807042315751,0.95,-0.0010845778415363,-0.0249926578089703
2025-07-03 08:00:00,2600.09,2616.85,2581.48,2597.27,28605.633176,-0.0010845778415363,-0.001085166421696,2586.84,2490.163,2449.85,1,0.0603352548295965,35.324316941764664,19.711432177626783,15.61288476413788,44.473239059854095,0.1011392875181415,0.9252753291562328,0.0138803913414283,66.5945150666877,35045.38382624999,0.8162453953371618,0.9,-0.0103493283332114,-0.0184965769737528
2025-07-03 12:00:00,2597.27,2636.36,2565.18,2570.39,79687.512562,-0.0103493283332114,-0.0104032550243803,2579.928,2494.639,2455.213166666667,1,0.0605625492550367,36.00566016069615,22.970277774240657,13.035382386455495,46.38086484129311,0.1046769823238826,0.7900878028576805,0.0139969250284686,61.38534130869492,37361.598270450006,2.132872153518828,0.8,0.0060730083761608,-0.0270797178644904
2025-07-03 16:00:00,2570.4,2592.34,2565.0,2586.0,19206.139684,0.0060730083761608,0.0060546419827888,2583.01,2501.0055,2459.7645,1,0.0761145025779308,37.3743973246942,25.85110168433137,11.523295640362832,45.02080306691504,0.1081662771410756,0.8141841660867534,0.0137875502254525,63.18627795054904,36991.59804815,0.5192027567719673,0.85,0.0019025522041764,-0.0403744153001523
2025-07-03 20:00:00,2586.16,2603.83,2585.47,2590.92,8282.464479,0.0019025522041764,0.0019007446440202,2588.934,2506.816,2462.7545,1,0.0772473837173042,38.413329321277615,28.36354721172062,10.049782109556997,43.11645999070684,0.1118078396200956,0.8000695572196656,0.0137573180405936,63.75997368552009,35155.16843605,0.2355973487672645,0.85,-0.0049827860373921,-0.0320745298749353
2025-07-04 00:00:00,2591.07,2603.04,2571.6,2578.01,21176.738508,-0.0049827860373921,-0.004995241508263,2584.518,2509.9345000000003,2465.740166666667,1,0.0607741399245365,37.75969109271728,30.242775987919952,7.516915104797324,42.28242713422779,0.1143635187622285,0.7371597273088725,0.0134297911291662,61.070607409565696,34654.19044185,0.6110873818718903,0.75,-0.0165515261771677,-0.0229770261462509
2025-07-04 04:00:00,2578.01,2584.69,2530.27,2535.34,35736.803131,-0.0165515261771677,-0.0166900331478978,2572.132,2512.4465,2468.114,1,0.036088646236458,33.41339685560888,30.876900161457737,2.536496694151144,43.1493966246401,0.1141950763140391,0.5797935875831444,0.0136959099159671,53.09862734979545,35146.52608915,1.0167947478038868,0.55,0.0054115029936812,-0.0051985255925967
2025-07-04 08:00:00,2535.34,2558.75,2527.4,2549.06,27486.986962,0.0054115029936812,0.0053969134220287,2567.866,2515.6275,2470.4441666666667,1,0.0423088089172754,30.721874056101115,30.84589494038641,-0.1240208842853007,42.30658258002294,0.114277023283562,0.6162956848100875,0.0137273563901026,55.12694403464183,35869.0390737,0.7663151194411029,0.55,-0.018932469223949,-0.0120377615050398
2025-07-04 12:00:00,2549.06,2555.99,2497.34,2500.8,37924.22827,-0.018932469223949,-0.0191139830744785,2550.826,2517.394,2471.485833333333,1,0.0007523250044019,24.41322372536297,29.559360697381727,-5.146136972018759,43.47396953859271,0.1128858160916617,0.4416070365916317,0.0143229563818339,47.36722430403008,35605.082413749995,1.0651352475273137,0.45,-0.0072216890595011,0.0029310557577355
2025-07-04 16:00:00,2500.71,2503.8,2474.4,2482.74,29822.841546,-0.0072216890595011,-0.0072478916836191,2529.19,2519.057,2472.2915,1,-0.0469145281099445,17.751651828341892,27.197818923573763,-9.446167095231871,42.46868600012181,0.1108572761970008,0.3699507751979747,0.0143436158498742,44.824425706036834,36192.266531500005,0.8240114368091215,0.35,0.0102024376293934,0.0092595672583227
2025-07-04 20:00:00,2482.74,2520.99,2481.37,2508.07,13232.067316,0.0102024376293934,0.0101507440655277,2515.202,2523.28,2473.2810000000004,0,-0.0243212647680104,14.35080032123642,24.628415203106297,-10.277614881869876,42.26520842868453,0.1052326366506526,0.4427186405236165,0.0142311947229449,48.962740300153314,33948.29313315,0.3897712107086493,0.45,0.0041147176912923,0.0032675971305059
2025-07-05 00:00:00,2508.07,2524.96,2498.0,2518.39,10055.218232,0.0041147176912923,0.0041062753909842,2511.812,2529.045,2474.515833333333,0,-0.0167532112599072,12.34602150146702,22.171936462778444,-9.825914961311424,41.171979255207056,0.0955851262541619,0.4559235529813306,0.0140296932019683,50.58878095560153,33306.946833,0.3018955259518848,0.45,0.0012269743764865,-0.0014512036858036
2025-07-05 04:00:00,2518.44,2529.8,2512.39,2521.48,10615.528672,0.0012269743764865,0.001226222258583,2506.296,2534.8625,2475.7973333333334,0,-0.0302335688380017,10.881126169722393,19.913774404167235,-9.032648234444842,39.47469502269229,0.0842955548471053,0.437370611432623,0.0140276933360953,51.09123255793498,32726.38090635,0.3243722152589208,0.45,-0.0014277329187619,-0.0014454217384491
2025-07-05 08:00:00,2521.47,2526.0,2508.6,2517.88,7633.387845,-0.0014277329187619,-0.0014287531005526,2509.712,2539.241,2477.2763333333337,0,-0.0305667104305674,9.32223522696222,17.795466568726233,-8.473231341764013,37.89793109249999,0.075585592030749,0.3887042349645673,0.0139219117469762,50.44760018022121,31870.565629300003,0.2395121546880327,0.35,-0.0039636519611736,-0.0006849406556226
2025-07-05 12:00:00,2517.88,2521.9,2501.73,2507.9,7393.058129,-0.0039636519611736,-0.0039715280485432,2514.744,2542.2845,2478.9811666666665,0,-0.0243114858056558,7.198520269221717,15.676077308825333,-8.477557039603614,36.63165030017857,0.0688890250768758,0.303669159777092,0.013927376625615,48.61903452964776,31020.86373015,0.2383253475245594,0.25,-0.0008931775589139,0.0200744793761041
2025-07-05 16:00:00,2507.95,2513.58,2487.9,2505.66,13027.340727,-0.0008931775589139,-0.0008935766796646,2514.262,2545.288,2480.201666666667,0,-0.0310672853828306,5.2739171511148015,13.595645277283223,-8.321728126168424,35.84938956445152,0.0610188039934812,0.2448464980270158,0.0139297410465478,48.19676466179782,30739.1259659,0.4238032252918216,0.2,0.0042104675015766,0.0141781776962841
2025-07-05 20:00:00,2505.53,2522.9,2498.11,2516.21,4806.543601,0.0042104675015766,0.0042016282860859,2513.826,2546.1525,2481.8295,0,-0.0288353171846293,4.547531036915643,11.786022429209709,-7.2384913922940655,35.0594331669907,0.0596485477640212,0.3028468266517972,0.0130975366317135,50.38254912659794,28444.8849501,0.1689774315991073,0.3,-0.0006040831250173,0.0216245382151719
2025-07-06 00:00:00,2516.21,2521.0,2509.32,2514.69,5520.581511,-0.0006040831250173,-0.0006042656567415,2512.468,2541.6395,2482.2568333333334,0,-0.0245615804438307,3.805347830213577,10.189887509410482,-6.384539679196905,33.38947365506279,0.0566974794886105,0.3129864784931602,0.0085943697993889,50.05485214186792,23020.3322584,0.23981328544837,0.3,0.001232756323841,0.0247844249984507
2025-07-06 04:00:00,2514.69,2527.0,2508.69,2517.79,10331.453968,0.001232756323841,0.0012319971036556,2512.45,2538.9995,2482.721833333333,0,-0.0069221485086813,3.427792920914726,8.837468591711332,-5.409675670796606,32.31236839398687,0.0563078208475992,0.3516460565592538,0.0081767869540053,50.75829396968527,21567.1144877,0.4790373776655268,0.4,-0.0006672518359354,0.0239358079891344
2025-07-06 08:00:00,2517.79,2518.4,2503.19,2516.11,8317.034673,-0.0006672518359354,-0.000667474547517,2514.092,2536.74,2483.812833333333,0,-0.012926333628867,2.958907531339719,7.66175637963701,-4.702848848297291,31.090770651559243,0.0562746522191265,0.3554858239058187,0.0081538239698006,50.34446689300909,20557.84134925,0.4045675093850953,0.35,0.0167957680705532,0.0188005169459846
2025-07-06 12:00:00,2516.11,2570.59,2511.54,2558.37,37839.659633,0.0167957680705532,0.0166562788767289,2524.634,2534.6539999999995,2485.8935,0,0.0230206333973126,5.928995530603515,7.315204209830311,-1.3862086792267956,33.08785846216217,0.0521510448536788,0.6794154110924,0.008330812310999,59.327409331609246,20835.061131250004,1.8161530410028512,0.75,-0.0067894792387339,-0.0094769031091816
2025-07-06 16:00:00,2558.36,2560.75,2523.93,2541.0,18665.148063,-0.0067894792387339,-0.0068126326119753,2529.592,2531.8405,2487.639833333333,0,0.0234660093284033,6.802779626543725,7.212719293172994,-0.4099396666292696,33.35444000057917,0.0471352639771936,0.5767519610381542,0.0084389212764603,54.92888723491188,20338.036875600003,0.9177458068921586,0.7,0.0116568280204643,0.0012276598578801
2025-07-06 20:00:00,2541.01,2605.47,2540.0,2570.62,32413.260968,0.0116568280204643,0.0115894106103594,2540.778,2531.852,2490.211,1,0.0249394953091419,9.772692754399486,7.724713985418293,2.047978768981193,35.64840857196636,0.0471585860971868,0.8246940317268283,0.0085972259562248,60.33000294164732,17974.324295899998,1.803309010920292,0.85,0.0025558036582615,-0.010955957773035
2025-07-07 00:00:00,2570.4,2590.73,2550.44,2577.19,17617.068418,0.0025558036582615,0.0025525431463956,2552.6580000000004,2531.4115,2492.386,1,0.0233482502710065,12.512280615204872,8.682227311375609,3.830053303829264,35.9799508168259,0.0459869588241658,0.8932458240427202,0.0085027696001588,61.43396757716972,17894.8707326,0.984475869160993,0.9,0.0003841393145247,-0.015226696708223
2025-07-07 04:00:00,2577.2,2580.6,2559.81,2578.18,12171.152788,0.0003841393145247,0.0003840655519077,2565.072,2530.7745000000004,2494.6541666666667,1,0.0224867934705013,14.595065627343956,9.864794974569278,4.730270652774678,34.894954329909766,0.0441104600714948,0.9246525088179408,0.0084903774768546,61.60734623389429,18089.30514805,0.6728369436187012,1.0,-0.0058025428790852,-0.0095076291795912
2025-07-07 08:00:00,2578.19,2588.19,2552.43,2563.22,15489.122853,-0.0058025428790852,-0.0058194430386611,2566.042,2530.035,2496.582666666667,1,0.0180072124167949,14.867161398935878,10.865268259442598,4.00189313949328,34.956743306344805,0.0424053994522174,0.8093101234160522,0.0085165586499615,57.40743693460685,17804.924365299998,0.8699347739542629,0.85,-0.011481651984613,0.0047969697010604
2025-07-07 12:00:00,2563.21,2569.41,2527.05,2533.79,32054.050115,-0.011481651984613,-0.0115480750714088,2564.6,2529.9574999999995,2498.1705,1,0.0103233781251246,12.56322319834362,11.204859247222805,1.3583639511208183,35.48554735589158,0.042385821598368,0.5357394884493687,0.008069632032907,50.16256814517647,17620.7867145,1.8191043699895075,0.65,0.0039150837283279,0.01219740112502
2025-07-07 16:00:00,2533.74,2557.69,2511.22,2543.71,31506.982349,0.0039150837283279,0.0039074397327873,2559.218,2529.69,2500.3543333333337,1,0.0151856197568704,11.406311808154442,11.24514975940913,0.1611620487453109,36.27015111618506,0.0421281955215984,0.6315551494465665,0.0080236261697512,52.34565476212792,17821.786483850003,1.767891360248954,0.75,-0.0005267896104509,0.0260270828663377
2025-07-07 20:00:00,2543.71,2545.57,2523.06,2542.37,8968.264194,-0.0005267896104509,-0.0005269284128463,2552.254,2531.7685,2502.339333333334,1,0.0103965885200361,10.263018704067235,11.048723548340751,-0.7857048442735177,35.28728317931471,0.0409510245863436,0.6022535873802491,0.0066918401904015,52.01420699042552,16373.98828005,0.5477140963223295,0.7,-0.0017149352769265,0.0284579338358363
2025-07-08 00:00:00,2542.38,2554.52,2523.57,2538.01,16373.727968,-0.0017149352769265,-0.0017164074618038,2544.2200000000003,2534.532,2504.291166666667,1,0.0092735088619273,8.902512497685166,10.619481338209637,-1.7169688405244692,34.977477237935084,0.0368755057855234,0.5372129254594136,0.0064513973847854,50.88521094522554,15701.53260115,1.0428108124171755,0.6,0.0061032068431565,0.0211180430587246
2025-07-08 04:00:00,2538.01,2563.57,2532.1,2553.5,17441.466464,0.0061032068431565,0.0060846577108046,2542.2760000000003,2536.8035,2506.3161666666665,1,0.0141830732507477,8.970805213508811,10.289746113269471,-1.3189408997606602,34.72694314951117,0.036086255171319,0.682388225432816,0.0062082340719811,54.65125441990008,15912.00255855,1.0961201394872937,0.75,0.0085020560015665,0.0278220907013871
2025-07-08 08:00:00,2553.5,2586.0,2543.52,2575.21,23464.109952,0.0085020560015665,0.0084661170828986,2550.56,2539.6445,2508.7758333333336,1,0.0234886392089375,10.653931355951954,10.362583161805969,0.2913481941459857,35.28073292454609,0.0376853757129502,0.871606362298469,0.0064016991884465,59.355285789998,16582.447144550002,1.4149968184708932,0.9,-0.0040812205606534,0.0198686709197171
2025-07-08 12:00:00,2575.21,2600.91,2557.68,2564.7,27001.976658,-0.0040812205606534,-0.0040895714702995,2554.7580000000003,2541.8055,2510.9188333333327,1,0.0024742316396768,11.012803047541638,10.492627138953104,0.5201759085885342,35.84853771564995,0.0379879872552748,0.7371060112204127,0.0065068838263896,56.31006666623541,17401.76954385,1.5516799363397402,0.8,0.0177447654696456,0.0356439051049815
2025-07-08 16:00:00,2564.89,2628.42,2559.56,2610.21,34885.839874,0.0177447654696456,0.0175891651498427,2568.326,2546.422,2513.8665000000005,1,0.027237308146399,14.798895648672897,11.353880840897062,3.4450148077758342,38.20649930738925,0.0434964813238758,1.075909817475193,0.0074887396736571,64.74479650247935,18764.3921453,1.859151077416489,1.0,0.0019040613590477,0.058605392175948
2025-07-08 20:00:00,2610.2,2617.62,2596.71,2615.18,13433.504132,0.0019040613590477,0.0019022509319634,2583.76,2551.786,2516.8566666666666,1,0.0173343395756666,17.993026368662413,12.681709946450134,5.311316422212279,36.97103507114716,0.0470299363485474,1.0282378469699178,0.0073637619973825,65.5274991842639,19066.41444545,0.7045637327581414,1.0,-0.0090548260540382,0.057967158179748
2025-07-09 00:00:00,2615.18,2627.28,2590.0,2591.5,16453.444863,-0.0090548260540382,-0.0090960701523425,2591.36,2556.078,2519.5823333333333,1,0.0055525591826757,18.40149885448136,13.82566772805638,4.57583112642498,36.99310399463666,0.04573714883356,0.802991111497121,0.0077553969283926,58.826264051294665,19237.71965225,0.8552700195459831,0.9,0.012807254485819,0.06969853354406
2025-07-09 04:00:00,2591.5,2647.69,2590.6,2624.69,33335.910438,0.012807254485819,0.012725935184076,2601.2560000000003,2561.502,2522.6543333333334,1,0.0180398575739475,21.159458792322766,15.29242594090966,5.867032851413107,38.42859656644834,0.0489027888284279,1.0044362441056776,0.0081302175259574,64.3320535894137,20664.1879941,1.613221407369987,1.0,0.0005486362198965,0.0622408953988873
2025-07-09 08:00:00,2624.7,2630.89,2604.05,2626.13,16410.120564,0.0005486362198965,0.0005484857740698,2613.542,2567.074,2525.3881666666666,1,0.0245433478203198,23.193991976759207,16.872739148079567,6.32125282867964,37.60083966884487,0.050465404200462,0.9558604172765834,0.0081137803891984,64.55352228131659,21208.664946750003,0.7737460422521633,1.0,0.011694013624611,0.0574460887946855
2025-07-09 12:00:00,2626.14,2674.9,2623.83,2656.84,48459.555715,0.011694013624611,0.0116261670674064,2622.868,2574.0265,2529.058833333333,1,0.0485636141905998,26.97348103035756,18.89288752453517,8.080593505822396,38.56292254964168,0.0556413318467841,1.0782166714642565,0.0083808394522022,68.97750093629799,23115.0700341,2.096448578503596,1.0,0.0407062525406121,0.042405427215848
2025-07-09 16:00:00,2656.87,2796.0,2652.2,2764.99,71828.479174,0.0407062525406121,0.0398995716580536,2652.8300000000004,2586.4705,2534.505333333333,1,0.0869910485078879,38.254579507901326,22.7652259212084,15.489353586692928,46.07985665323872,0.0815821594217438,1.3460244918645892,0.0118766468164953,78.94407116693844,26290.64225915,2.7320929806878853,1.0,0.0012658273628476,0.0184091688982283
2025-07-09 20:00:00,2764.99,2782.99,2731.77,2768.49,51356.104993,0.0012658273628476,0.0012650268788365,2688.228,2596.9765,2538.9706666666666,1,0.0889406341327185,46.936299631243855,27.59944066321549,19.336858968028366,46.447009749435935,0.1008779578295405,1.154687438140617,0.0115539138527687,79.17722032905606,26966.46452715,1.9044433852756029,1.0,0.0026765493102738,0.0651638537731179
2025-07-10 00:00:00,2768.5,2798.34,2755.44,2775.9,29583.414112,0.0026765493102738,0.0026729737308906,2718.4700000000003,2608.7215,2543.575,1,0.0937309151658187,53.794441612423725,32.838440853057136,20.95600075936659,46.193651910190525,0.1146978004994542,1.0587243732438716,0.0112785437654073,79.68996939720603,27512.3778296,1.0752765280859082,1.0,0.0053496163406463,0.0688544218089185
2025-07-10 04:00:00,2775.9,2824.44,2765.8,2790.75,45068.366695,0.0053496163406463,0.0053353579717473,2751.394,2619.728,2548.739666666667,1,0.092911689837478,59.73920308927472,38.218593300300654,21.52060978897407,47.08267677374834,0.1282810020270821,1.0089011536530457,0.0111551109230793,80.71486983689734,28145.13311595,1.601284545691472,1.0,-0.0042461703843053,0.0631074843553691
2025-07-10 08:00:00,2790.74,2797.13,2771.99,2778.9,21784.200477,-0.0042461703843053,-0.00425521096675,2775.806,2629.8135,2554.076833333333,1,0.0790964620361058,62.77069196043431,43.129013032327386,19.64167892810692,45.51534271848063,0.1371718499052251,0.913283791570538,0.0113096867393962,77.36008538075048,28353.4897189,0.7683075590684341,0.95,-0.0033466479542265,0.0725747777190156
2025-07-10 12:00:00,2778.91,2795.24,2758.0,2769.6,46492.44517,-0.0033466479542265,-0.0033522605061467,2776.728,2639.3845,2558.991666666667,1,0.0798923850742776,63.68857421606708,47.240925269075326,16.447648946991755,44.924246810017706,0.1428541543581261,0.8453561118869574,0.0114000010801588,74.73476081792944,30069.554338,1.546163426547556,0.85,0.0167099942229924,0.0650006124596948
2025-07-10 16:00:00,2769.73,2840.62,2768.85,2815.88,62844.115563,0.0167099942229924,0.0165719183116377,2786.206,2652.0175000000004,2563.995666666667,1,0.0787944265020821,67.37376886972697,51.26749398920565,16.10627488052132,46.84180060930216,0.1507770374934429,0.9097962548099534,0.011528447581083,78.62265861068079,32437.3039735,1.937402553995892,1.0,0.0480205122377372,0.067422484804892
2025-07-10 20:00:00,2815.85,3002.99,2813.08,2951.1,119109.149559,0.0480205122377372,0.0469031584532392,2821.246,2672.8830000000003,2571.762333333333,1,0.1284500493273885,80.28001802721292,57.06999879680711,23.21001923040581,57.06095770863771,0.1727899175864624,1.1024004907838296,0.0144262470803395,85.59671272543585,36790.0589457,3.2375362522467883,1.0,0.0063671173460744,0.0029131042154764
2025-07-11 00:00:00,2951.11,2974.99,2914.1,2969.89,45608.267566,0.0063671173460744,0.0063469328869984,2857.074,2694.192,2579.8365,1,0.1460119621840632,90.9757970762148,63.85115845268866,27.124638623526145,57.3344607294493,0.1904423963787514,1.037330429464189,0.0144023503759285,86.26715688320203,37495.12320655,1.2163786558256386,1.0,-0.0003973211129031,-0.0007026095429569
2025-07-11 04:00:00,2969.9,3029.71,2945.23,2968.71,84965.031691,-0.0003973211129031,-0.0003974000658503,2895.036,2715.509,2588.223833333333,1,0.1310707169227603,98.2247886721434,70.72588449657961,27.4989041755638,59.27342782020292,0.2009732435544005,0.9639550735737162,0.0143984054968567,85.99643625281215,41294.9615814,2.057515697732718,0.95,0.0052211229793412,-0.001441257526301
2025-07-11 08:00:00,2968.7,3039.95,2962.85,2984.21,50604.331995,0.0052211229793412,0.0052075401745745,2937.958,2737.819,2597.1359999999995,1,0.1363527319668105,104.02129446756136,77.38496649077595,26.636327976785395,60.546754404474136,0.2074016735980899,0.933918184252442,0.014237824996145,86.5916665695057,43006.49178275,1.1766672866652546,1.0,-0.0109208132135473,-0.0065847632867686
2025-07-11 12:00:00,2984.22,3010.0,2938.65,2951.62,55631.836756,-0.0109208132135473,-0.0109808830353837,2965.106,2757.725,2605.936166666667,1,0.1109513557459236,104.77751645009585,82.86347648263994,21.914039967455903,61.31841480415454,0.2068761462332691,0.8398640562597003,0.0148663484247625,78.98924771239392,44916.01029735,1.2385747618212255,0.85,0.0191318665681896,-0.0116586050239717
2025-07-11 16:00:00,2951.66,3010.95,2936.49,3008.09,53173.549199,0.0191318665681896,0.0189511536877351,2976.504,2779.369,2616.0195000000003,1,0.0879207519737865,108.68068163356202,88.02691751282435,20.653764120737662,62.25709946100065,0.2102502518445269,0.8914022403702188,0.0150970423505485,81.94689109527448,46401.4822597,1.145945056267773,1.0,-0.0164888683516784,-0.0222687867333264
2025-07-11 20:00:00,3008.09,3010.23,2923.41,2958.49,42567.833569,-0.0164888683516784,-0.016626322815122,2974.224,2799.0585,2625.2421666666664,1,0.0686294694942009,106.5434955905962,91.73023312837871,14.813262462217466,64.01159235664348,0.2033823138302127,0.7800586383882427,0.0158515940483914,72.31755173748141,47179.77510525,0.9022474879127436,0.8,0.002751403587641,-0.0049842544102647
2025-07-12 00:00:00,2958.04,2971.35,2931.9,2966.63,13478.057289,0.002751403587641,0.0027476254054061,2973.808,2816.8795,2634.1808333333333,1,0.0687092474512771,104.30423592057332,94.24503368681764,10.05920223375567,62.2571929025975,0.1985891683451844,0.7676975859721268,0.0156845277776153,72.88075989747169,46109.385976000005,0.2923061542397321,0.8,-0.0011359690962472,-0.0037503083199954
2025-07-12 04:00:00,2966.6,2978.87,2941.81,2963.26,21900.014914,-0.0011359690962472,-0.0011366147981856,2969.618,2834.2835000000005,2642.784666666667,1,0.0618149243035026,101.09234602616152,95.61449615468644,5.477849871475087,60.45739340955482,0.1908767049915775,0.7384044565628864,0.0157463776588166,72.22560228295859,46532.7115151,0.4706369820484968,0.75,7.761721887367123e-05,-1.1979164053123586e-05
2025-07-12 08:00:00,2963.26,2980.77,2957.63,2963.49,18145.236798,7.761721887367123e-05,7.761420681319589e-05,2971.992,2852.8830000000003,2651.4163333333336,1,0.0664255640721147,97.4422061256837,95.9800381488859,1.4621679767978009,57.791865308872325,0.1764298799769949,0.7197488005774209,0.0154038298231659,72.2439411844786,46617.30111185,0.3892382520057028,0.75,-0.0159946549507504,0.0004774539427896
2025-07-12 12:00:00,2963.49,2967.99,2904.39,2916.09,50113.543589,-0.0159946549507504,-0.0161239499840172,2953.592,2867.453,2658.3691666666664,1,0.0528921143847487,89.69076083470281,94.7221826860493,-5.03142185134648,58.2067320725243,0.1603782056906681,0.605760895816998,0.0161450567201805,63.0102552985895,47456.1827694,1.055996092911912,0.5,0.0085216848588349,0.0259951794850297
2025-07-12 16:00:00,2916.1,2946.0,2910.55,2940.94,18312.176841,0.0085216848588349,0.0084855802720237,2950.082,2883.1935,2663.969,1,0.0444124039376678,84.57791041202881,92.6933282312452,-8.11541781921639,56.58125121020112,0.1409942747340758,0.642052996344225,0.0161173866396373,65.49984322683653,47551.285583250006,0.3851037173104418,0.5,0.0007956639713833,0.0162838975854845
2025-07-12 20:00:00,2940.95,2948.3,2915.0,2943.28,7745.340758,0.0007956639713833,0.0007953475986121,2945.4120000000003,2897.5155,2670.1805,1,-0.0026498593744704,79.79493175709013,90.1136489364142,-10.318717179324068,54.91830469518677,0.1214672681600544,0.6300300381030653,0.0160917729751034,65.73372007992975,45515.5748354,0.1701690198577041,0.5,0.0039853496779103,0.0097874256650874
2025-07-13 00:00:00,2943.5,2960.77,2936.26,2955.01,13892.480667,0.0039853496779103,0.0039774292088012,2943.762,2907.0165,2676.7423333333336,1,-0.0050102865762703,76.07396635214263,87.30571241955988,-11.231746067417248,52.74628293124484,0.1146185425152431,0.6440389822908433,0.0137596437832912,66.94345568268298,42618.77491005,0.3259709059286918,0.6,0.0026023600596951,0.0278242091563116
2025-07-13 04:00:00,2955.05,2967.94,2949.01,2962.7,16282.208791,0.0026023600596951,0.002598979783948,2943.6040000000003,2916.727,2682.7858333333334,1,-0.0020244483294091,72.90518757217387,84.42560745008268,-11.520419877908807,50.330834150441625,0.1065822884366947,0.6478842837279014,0.0137518886811877,67.74735534585997,40865.08009995,0.3984381959163203,0.65,0.0005670503257164,0.0276449262729414
2025-07-13 08:00:00,2962.71,2966.85,2944.45,2964.38,10074.377871,0.0005670503257164,0.0005668896134322,2953.262,2926.1510000000003,2688.9043333333334,1,-0.0066449747169267,69.72571488049243,81.48562893616463,-11.759914055672198,48.33577456826723,0.0973651384202374,0.6341815235386988,0.0137664898449525,67.9308399402328,39889.6282879,0.2525563236209933,0.75,0.0095230705914897,0.0293440197586816
2025-07-13 12:00:00,2964.37,3020.38,2958.42,2992.61,54145.638651,0.0095230705914897,0.0094780119930156,2963.596,2936.244,2695.9413333333337,1,0.0138872890141685,68.69204579293,78.92691230751771,-10.234866514587708,49.30893352767672,0.0890759339956951,0.7155086414610027,0.0138294266557082,70.92415792788759,40343.4918857,1.3421158189381286,0.95,-0.0011895970407103,0.0069036435166082
2025-07-13 16:00:00,2992.61,3010.75,2962.0,2989.05,34363.442469,-0.0011895970407103,-0.0011903051729203,2972.75,2946.7515,2702.6588333333334,1,-0.006329597851128,66.81538715403758,76.50460727682169,-9.689220122784109,49.269009704271234,0.0751705916291302,0.690956077438398,0.0137549926717288,70.0363630021329,40972.4539853,0.8386962245739256,0.9,-0.0057008079490138,0.0041527299840023
2025-07-13 20:00:00,2989.06,2998.77,2940.0,2972.01,23597.362578,-0.0057008079490138,-0.0057171195771632,2976.15,2956.8720000000003,2709.0103333333336,1,0.0045698988335267,63.22432540386217,73.84855090222979,-10.624225498367622,49.94765186825186,0.0511018907404692,0.6001841475182597,0.0138287040119843,65.79123504589266,39827.6998557,0.592486200897761,0.8,0.0220221331691345,0.0143062330467166
2025-07-14 00:00:00,2972.22,3053.41,2963.28,3037.46,45216.204644,0.0220221331691345,0.021783148268276,2991.1020000000003,2967.951,2716.6678333333334,1,0.0238755759902651,64.91139297390873,72.06111931656558,-7.149726342656848,52.81781959194814,0.0339623841417657,1.1895823610150902,0.0141408009945205,72.64877979245439,38946.30430975,1.1609883259881058,1.0,0.0024230771763249,-0.028218323980749
2025-07-14 04:00:00,3037.46,3066.0,3017.13,3044.82,56589.761319,0.0024230771763249,0.0024201462584291,3007.19,2972.637,2725.159166666667,1,0.0275237407449902,66.08056109318841,70.86500767189014,-4.784446578701733,52.535832478237545,0.0402403712435627,1.1034357972919504,0.0095965699472561,73.29703146493152,35820.33489775,1.579822228924906,1.0,0.0022661438114566,-0.0219794770378329
2025-07-14 08:00:00,3044.83,3083.33,3023.39,3051.72,55118.491172,0.0022661438114566,0.0022635799801791,3019.012,2976.7285,2733.5368333333336,1,0.0297723292469351,66.79394852461064,70.05079584243424,-3.256847317823599,53.06470158693487,0.0463527567196684,1.043497120068789,0.009533135028041,73.92107176756844,36295.84607805,1.5185895116888606,1.0,-0.0129173056505837,-0.0231138254590887
2025-07-14 12:00:00,3051.71,3068.07,2992.83,3012.3,70834.529725,-0.0129173056505837,-0.0130014595229237,3023.6620000000003,2978.9080000000004,2742.061833333333,1,0.0329928088639239,63.44707031817916,68.73005073758323,-5.282980419404069,54.6486514735824,0.0473829738711482,0.7365718283484195,0.0100543934998455,64.62862234916406,35589.32097975,1.9903310255709628,0.85,-0.0039405105733162,0.0095220924413221
2025-07-14 16:00:00,3012.21,3030.14,2983.31,3000.43,42515.871517,-0.0039405105733162,-0.0039482948411611,3029.346,2979.719,2750.69,1,0.0202282263493984,59.15493416991285,66.81502742404916,-7.660093254136314,54.09017636832651,0.0477696712129538,0.6455035221650546,0.0100499649864024,62.09726641484614,35184.89795585001,1.208355686304644,0.75,0.0044526951137005,0.0140185752752412
2025-07-14 20:00:00,3000.46,3019.09,2981.03,3013.79,14413.408973,0.0044526951137005,0.0044428111959996,3024.612,2982.8275000000003,2759.1186666666667,1,0.0239562664782146,56.18377412018936,64.6887767632772,-8.505002643087849,52.9451637705889,0.0478873142350289,0.71676412197024,0.0097278023283518,63.81515674653021,33123.9765667,0.4351352242982204,0.85,-0.0205024238583312,0.0412090982741925
2025-07-15 00:00:00,3013.79,3023.4,2932.73,2952.0,55070.078905,-0.0205024238583312,-0.0207155161879757,3006.048,2980.023,2766.3455000000004,1,-0.001018609074081,48.28655443313937,61.40833229724964,-13.121777864110271,55.63979492983256,0.0480776614783784,0.304407735157174,0.0098940810199057,52.06227282663273,33218.803052,1.657798410701147,0.2,0.0086619241192411,0.0549644343438921
2025-07-15 04:00:00,2952.01,2995.82,2934.93,2977.57,34400.927708,0.0086619241192411,0.0086246248884958,2991.218,2980.977,2773.947,1,0.0050190704425019,43.58877200672532,57.84442023914478,-14.25564823241946,56.01480957770168,0.0476145197090802,0.4759965260473995,0.0093933244559239,55.69838583981456,32810.45775895,1.048474482152452,0.6,0.0011317953902008,0.0609344026160669
2025-07-15 08:00:00,2977.57,2989.68,2958.5,2980.94,15683.963458,0.0011317953902008,0.0011311553926501,2984.9460000000004,2981.6925,2781.6646666666666,1,0.005586328338472,39.68026700589735,54.2115895924953,-14.531322586597952,54.24089460786583,0.0473984325403978,0.4946754897000091,0.0093786240789193,56.17024547556925,32920.7530674,0.4764156951661945,0.6,0.0197186122498271,0.0563112344585738
2025-07-15 12:00:00,2981.0,3067.34,2966.75,3039.72,113292.952149,0.0197186122498271,0.0195267188936501,2992.804,2985.5155,2790.5283333333336,1,0.0157421114010845,40.85485406216094,51.54024248642843,-10.685388424267494,57.55154499301828,0.0498632995517895,0.8641120059014186,0.0103242672652353,63.477274342965,37490.39992915,3.021919007615362,0.9,0.0005559722606029,0.0663351833948948
2025-07-15 16:00:00,3039.72,3098.01,3033.19,3041.41,71705.329121,0.0005559722606029,0.0005558177652864,2998.328,2989.4115,2799.4575,1,0.0175172713738478,41.444347008668046,49.52106339087637,-8.076716382208318,58.07072035065985,0.0518550384728205,0.8354394629177062,0.010321778737744,63.66483456272772,40168.4045453,1.7851176797458852,0.9,0.0316432181126518,0.1085589544743231
2025-07-15 20:00:00,3040.93,3144.36,3028.61,3137.65,39595.164471,0.0316432181126518,0.0311528884017314,3035.458,3000.4895,2809.8148333333334,1,0.0557333252579903,49.11116516324,49.439083745349095,-0.3279185821090919,62.19066889704129,0.0626576046511248,1.2295636041470903,0.0115341632371755,72.36748530477252,39642.4855894,0.9988063029425012,1.0,-0.0067470877886316,0.0733189436250057
2025-07-16 00:00:00,3137.6,3152.7,3103.2,3116.48,39849.512623,-0.0067470877886316,-0.0067699522893425,3063.24,3009.2665,2819.8446666666664,1,0.0260151574012497,52.86948519701264,50.125164035681806,2.7443211613308307,61.28419254725263,0.0681341466201085,1.0229064545556932,0.0117044403697337,68.48195339859105,40719.3523785,0.9786381731365826,0.95,0.0146318923914159,0.06787525013583
2025-07-16 04:00:00,3116.48,3175.0,3101.31,3162.08,48228.546213,0.0146318923914159,0.0145258791192898,3099.468,3020.2065,2830.5828333333334,1,0.0385113077291925,58.84914351182624,51.869959930910696,6.979183580915546,62.1703216510203,0.0778776388378923,1.1031868559061262,0.0119750878157044,71.97269002388055,42743.51265125001,1.1283243519666508,1.0,-0.0034913727672923,0.0887386584680725
2025-07-16 08:00:00,3162.0,3173.53,3143.33,3151.04,48418.096389,-0.0034913727672923,-0.0034974818326869,3121.732,3030.0080000000003,2841.1650000000004,1,0.032545580852765,61.98273172415202,53.89251428955897,8.09021743459305,59.88672724737602,0.0835434267824409,0.9781279692485536,0.012080614630028,69.95269113625044,44469.79343735,1.0887861770082752,0.95,0.0297425611861481,0.0878658275647941
2025-07-16 12:00:00,3151.04,3266.93,3148.0,3244.76,96126.161779,0.0297425611861481,0.0293088304052153,3162.402,3044.111,2852.6048333333333,1,0.0771702685655479,71.20770560304936,57.35555255225705,13.85215305079231,64.10410387256344,0.1008063653217304,1.1538657045795129,0.0134468962375856,76.08812092891067,48461.99108675,1.983537193239299,1.0,0.0427797433400312,0.0543166107018651
2025-07-16 16:00:00,3244.76,3383.58,3234.37,3383.57,93037.084481,0.0427797433400312,0.0418899776296484,3211.586,3065.0705,2866.6476666666667,1,0.1276950303789792,88.69692780898822,63.62382760360329,25.07310020538493,70.18309645309462,0.1361855675955198,1.263022248477207,0.0158683754114187,81.96277491653122,52610.12641725,1.7684254119278195,1.0,-0.0035967927366656,0.0090868543516218
2025-07-16 20:00:00,3383.41,3423.99,3342.39,3371.4,67344.73389,-0.0035967927366656,-0.0036032767480935,3262.5700000000006,3084.01,2879.994,1,0.1186579025081375,100.41769246824016,70.98260057653067,29.43509189170948,70.99858956358786,0.1586418697520993,1.0874055627238275,0.0160183196137181,80.10462527064882,53270.0811792,1.264213089209551,0.95,-0.0121907812778073,0.0316988316862223
2025-07-17 00:00:00,3371.4,3398.72,3310.91,3330.3,50004.666275,-0.0121907812778073,-0.0122656983394963,3296.214,3101.0725,2892.545833333333,1,0.128150406504065,105.17763409622104,77.82160728046875,27.35602681575228,72.19940459476015,0.1694186498343006,0.9363084075876186,0.0164643891698796,74.00295127003325,54052.1423695,0.925119043999561,0.9,0.0354953007236584,0.0782996748296624
2025-07-17 04:00:00,3330.17,3470.19,3320.61,3448.51,71943.349457,0.0354953007236584,0.0348798636719425,3355.708,3124.8975,2907.0513333333333,1,0.1581625285047874,117.13818512559374,85.68492284949374,31.45326227609999,77.72658998084871,0.1893710872382709,1.0468595985717326,0.0175258705076665,78.96564695756501,56469.44171345,1.2740226797720298,1.0,-0.0043642036705707,0.0453040056953415
2025-07-17 08:00:00,3448.52,3482.35,3425.71,3433.46,51533.149464,-0.0043642036705707,-0.0043737546056903,3393.4480000000003,3144.6975,2921.555333333333,1,0.15180446436359,123.97350932096424,93.34264014378785,30.6308691771764,76.22040498221666,0.2045989428645424,0.948805873908188,0.0173761256920726,76.95156102069436,56785.28895445001,0.9075088004806496,0.95,-0.0038066556767809,0.051024463110171
2025-07-17 12:00:00,3433.4,3441.24,3363.02,3420.39,71012.026503,-0.0038066556767809,-0.0038139194300997,3400.8120000000004,3163.476,2936.3320000000003,1,0.1252319292566421,126.87339569259711,100.04879125354972,26.824604439047405,76.3632331977726,0.2146623185815101,0.8783270648031112,0.0175044120825407,75.15871530275008,57506.40221365,1.2348542730802978,0.9,-0.0024500130102121,0.04196554396304
2025-07-17 16:00:00,3420.0,3456.0,3365.63,3412.01,58574.485011,-0.0024500130102121,-0.0024530192032324,3408.934,3181.4905000000003,2950.8036666666667,1,0.12185137814369,127.03104574794908,105.4452421524296,21.58580359551948,77.36371654078884,0.2212272090146093,0.8275205071566089,0.0175885851818932,73.96877000947245,57679.201905600006,1.0155217665262644,0.85,0.0190151845979349,0.0408240464063546
2025-07-17 20:00:00,3412.18,3524.12,3372.3,3476.89,72702.423857,0.0190151845979349,0.0188366555995668,3438.2520000000004,3204.7200000000003,2966.379,1,0.1081191337465936,130.88252603920273,110.53269892978422,20.34982710941852,82.68202250216105,0.2279502001414955,0.8725719756292173,0.0172519084340837,77.00436952369425,57772.5966122,1.2584240300815426,1.0,0.0344100618656328,0.0206824693056883
2025-07-18 00:00:00,3476.88,3626.74,3459.06,3596.53,95533.581956,0.0344100618656328,0.0338312756764929,3467.856,3234.525,2984.021,1,0.1540359636512989,141.9524604435842,116.81665123254422,25.13580921103997,88.75330660914955,0.2412404889795657,0.9639314952143668,0.0180455159521592,81.32834196028912,60423.48213414999,1.5810671378372376,1.0,0.0024996315893375,-0.000804578092032
2025-07-18 04:00:00,3596.53,3674.19,3576.03,3605.52,77288.921638,0.0024996315893375,0.002496512706587,3502.268,3264.1115,3001.5546666666664,1,0.140236806152912,149.7249451143266,123.3983100089007,26.326635105425908,89.42521327992458,0.2500167047782099,0.9183505237625992,0.0180781234408109,81.60819493115987,63567.25776739999,1.215860560177209,1.0,0.0013562537442588,-0.0093659964890511
2025-07-18 08:00:00,3605.51,3628.57,3582.82,3610.41,48059.652808,0.0013562537442588,0.0013553348628798,3540.272,3297.032,3018.808,1,0.1457836142987711,154.49831692058524,129.61831139123765,24.880005529347613,86.30555518850139,0.2476442511205861,0.8838107120698427,0.0168067029687094,81.76826454529647,63216.736462550005,0.7602362206165267,1.0,-0.0128655748239119,-0.0159893578323936
2025-07-18 12:00:00,3610.42,3671.83,3530.23,3563.96,102481.975885,-0.0128655748239119,-0.0129490531019966,3570.662,3326.3515,3035.462333333334,1,0.0983739937622505,152.7720604506103,134.24906120311218,18.52299924749812,90.2551583893227,0.2382875015247694,0.7997730379936807,0.0175850803175144,75.08343668850222,66620.78887140001,1.5382882373672255,0.85,-0.0035915105668975,-0.0031857127969915
2025-07-18 16:00:00,3563.91,3624.52,3537.33,3551.16,50232.105425,-0.0035915105668975,-0.0035979755249254,3585.5160000000005,3354.8625,3051.1448333333333,1,0.049530525450929,148.65750554734677,137.1307500719591,11.52675547538766,90.03621850437109,0.2231059382477876,0.7622581018822674,0.0177298824196888,73.30496173316368,68348.19596975,0.7349441300137909,0.8,-0.0011263925027314,0.0076745531011241
2025-07-18 20:00:00,3551.52,3577.09,3476.34,3547.16,55178.223774,-0.0011263925027314,-0.0011270273595433,3575.642,3380.2345,3066.6778333333336,1,0.0521326451919084,143.42066047444996,138.3887321524573,5.031928321992666,90.80148861120172,0.2092028823835948,0.7360522757878604,0.0176753443071524,72.72523483878335,65442.459551,0.8431563262227182,0.75,0.0129230144679124,0.0127416836118542
2025-07-19 00:00:00,3546.91,3599.0,3507.18,3593.0,30557.213032,0.0129230144679124,0.0128402248148264,3573.138,3407.814,3083.3695,1,0.078881782422004,141.3400478335825,138.97899528868234,2.3610525449001614,90.87423942468732,0.1929311889910206,0.7816630174384026,0.0176213256634104,75.15059058752149,63385.05374655,0.4820886190959995,0.85,-0.0060617868076816,0.0181087549152573
2025-07-19 04:00:00,3593.0,3608.58,3566.74,3571.22,18931.278214,-0.0060617868076816,-0.0060802340238406,3565.3,3429.4925000000003,3099.145,1,0.0355834838814443,136.36178952140926,138.45555413522774,-2.093764613818479,87.37179375149539,0.1815643945136557,0.7276111763544904,0.0170233117527702,71.88004130752472,62351.8594337,0.3036201066967379,0.8,-0.0052671075990837,0.0269590955297248
2025-07-19 08:00:00,3571.22,3577.94,3537.73,3552.41,19940.270958,-0.0052671075990837,-0.0052810277109801,3562.99,3451.289,3114.583,1,0.0346443529267852,129.40695136205522,136.64583358059323,-7.238882218538009,84.00309419781715,0.1623168502288656,0.6805079865290679,0.0169652285170613,69.08376612540123,61356.39735045,0.324990902645521,0.7,-6.192978850971809e-05,0.0562010559781735
2025-07-19 12:00:00,3552.53,3572.71,3526.42,3552.19,25039.746244,-6.192978850971809e-05,-6.193170623824727e-05,3563.196,3470.7945,3129.5055,1,0.0385336175114534,122.46573113621298,133.8098130917172,-11.344081955504208,81.30930175511592,0.1437623352094013,0.6631271978623737,0.0169218557845149,69.04993211996047,60196.957352,0.4159636524082238,0.65,0.0072687553312182,0.064231675445726
2025-07-19 16:00:00,3552.22,3582.23,3532.75,3578.01,21357.429685,0.0072687553312182,0.0072424652497615,3569.3660000000004,3492.143,3143.0558333333333,1,0.0486516745261591,117.69154741355942,130.58615995608565,-12.894612542526232,79.03578020117908,0.1177482313406049,0.7088237440627929,0.0167757208395797,70.8540850316746,58843.9240168,0.3629504667109289,0.8,0.0039407380079987,0.0475410683917908
2025-07-19 20:00:00,3578.01,3598.75,3539.08,3592.11,17903.040129,0.0039407380079987,0.0039329936389937,3569.188,3509.5104999999994,3156.782833333333,1,0.0331388108338199,113.73466219024294,127.21586040291712,-13.481198212674173,77.65251018680915,0.1000501426737394,0.7352410775226,0.0158618972247946,71.82013201793089,54932.76793429999,0.3259082111138505,0.8,0.0182900857713155,0.0453895635200697
2025-07-20 00:00:00,3592.11,3694.0,3579.49,3657.81,45140.742978,0.0182900857713155,0.0181248340892786,3586.506,3523.2225,3171.4813333333336,1,0.0170386455833817,114.5794425743652,124.68857683720674,-10.109134262841536,80.28518803060851,0.1004245780435278,0.8803861008784603,0.0135923182296806,75.83870376738297,52537.95085915,0.8592025809879545,1.0,0.0027885538067859,0.0272804770779918
2025-07-20 04:00:00,3657.45,3689.89,3633.01,3668.01,32633.233814,0.0027885538067859,0.0027846730034978,3609.626,3538.053,3186.1023333333333,1,0.0173317579711109,114.74923412802993,122.70070829537138,-7.951474167341473,78.61338888556502,0.0979093592516633,0.8751553416385415,0.0134792358928505,76.40135506417727,50802.37585535,0.6423564501573088,1.0,0.023974852849365,0.0325795323834052
2025-07-20 08:00:00,3668.01,3767.91,3668.01,3755.95,68075.148402,0.023974852849365,0.0236919685514772,3650.378,3559.3355,3202.3865,1,0.0403112111920807,120.58973481391511,122.27851359908014,-1.6887787851650131,80.13386110802463,0.0957734850317974,1.0767682245089305,0.0135746151076743,80.59668404842346,51705.8999617,1.3165837641821372,1.0,0.0079686896790427,0.0139558024250723
2025-07-20 12:00:00,3755.94,3790.0,3724.38,3785.88,48753.328551,0.0079686896790427,0.0079371073404018,3691.952,3576.204,3219.3245,1,0.0622678144535853,126.1789620200766,123.05860328327944,3.120358736797158,79.09715674316573,0.1056991575206751,1.0546958447764547,0.0117061990987979,81.78366795162842,50546.3989164,0.9645262490733394,1.0,-0.009421851722717,0.0065201645859773
2025-07-20 16:00:00,3785.89,3824.15,3730.57,3750.21,67981.302186,-0.009421851722717,-0.0094665181493554,3723.572,3592.0415000000003,3234.8966666666665,1,0.0560521069171764,126.27457920986036,123.70179846859564,2.5727807412647223,80.13164554722532,0.106662717919303,0.9128250141752297,0.0119650366462566,75.82991869652543,51368.806552500006,1.3233965659007805,0.9,0.0017892331362776,-0.0033714742655138
2025-07-20 20:00:00,3750.27,3773.32,3681.93,3756.92,57608.520368,0.0017892331362776,0.0017876343654347,3743.394,3608.868,3248.327,1,0.0591346316489811,125.44573707410792,124.0505861896981,1.3951508844098155,80.93581372242355,0.103842452830067,0.895064806567611,0.0118254484683702,76.18119433429571,50698.63124575,1.1362934058072671,0.95,0.0001809993292376,0.0018160367842551
2025-07-21 00:00:00,3757.0,3766.31,3701.17,3757.6,42054.946175,0.0001809993292376,0.0001809829508353,3761.312,3626.1475,3261.4555,1,0.0458112997495128,123.42102329738918,123.92467361123632,-0.503650313847146,79.807541313679,0.096465033728276,0.8757971340848637,0.011755341855519,76.21891442004576,49872.65430395,0.843246600004387,0.95,0.0080876091121993,-0.006518530262382
2025-07-21 04:00:00,3757.44,3812.98,3748.02,3787.99,46902.143384,0.0080876091121993,0.0080550796741762,3767.72,3641.7025,3275.110166666667,1,0.060699144830058,122.85247520112944,123.71023392921497,-0.8577587280855283,78.74700264841621,0.0957624252790214,0.9194764821992614,0.0113103022894107,77.9031020420305,48582.6402803,0.9654095189844708,1.0,0.0053511228910321,-0.0293137160943282
2025-07-21 08:00:00,3788.0,3837.58,3755.96,3808.26,46754.422125,0.0053511228910321,0.0053368565044294,3772.196,3652.289,3288.844333333333,1,0.0720215290464785,122.62398338552885,123.49298382047776,-0.8690004349489016,78.95221674495791,0.1025879999595985,0.9162767530221446,0.0088435194173134,78.97276907614653,46143.68228875,1.0132356111596863,1.0,0.0005330518399477,-0.0269116572166233
2025-07-21 12:00:00,3808.26,3858.88,3775.76,3810.29,61022.711797,0.0005330518399477,0.0005329098182834,3784.212,3662.5274999999992,3303.1555,1,0.0726594016648884,121.20947859113494,123.0362827746092,-1.826804183474252,79.24991554888948,0.10816142456408,0.8730018084813715,0.0088591381722959,79.08197969153639,45330.371796700005,1.3461771738973998,1.0,-0.0193134905742082,-0.0241497939121047
2025-07-21 16:00:00,3810.29,3818.26,3719.0,3736.7,65440.686991,-0.0193134905742082,-0.0195024327447656,3780.168,3668.842000000001,3315.299,1,0.0443514691127189,112.84951638936036,120.99892949755944,-8.14941310819907,80.67920729539739,0.1085209852839756,0.6704348168030649,0.0101485799277429,65.75022122473791,46199.42350585,1.4164827615806417,0.6,0.0069767441860466,-0.0178059207583897
2025-07-21 20:00:00,3736.0,3781.8,3719.39,3762.77,20389.887559,0.0069767441860466,0.0069525193148818,3781.202,3678.7825,3328.703666666667,1,0.0475096809396149,107.09331219834758,118.21780603771708,-11.124493839369492,79.37426391715475,0.1070872953702726,0.7131928288111323,0.0095975044513239,67.81990563838993,42094.81908955,0.4843799783442178,0.8,-0.0081535677173996,-0.0038844988818155
2025-07-22 00:00:00,3762.77,3798.94,3695.55,3732.09,54654.017646,-0.0081535677173996,-0.0081869898477091,3770.022,3687.829,3341.461333333333,1,0.020307233016477,98.9156215962912,114.35736914943188,-15.441747553140686,81.08967363735798,0.1025879604203335,0.616991430446554,0.0098083390982239,62.995385703302006,42315.914700600006,1.291571221671478,0.5,-0.0147075767197469,-0.0003700637694035
2025-07-22 04:00:00,3732.1,3734.75,3650.41,3677.2,69765.008311,-0.0147075767197469,-0.0148168054424818,3743.81,3694.3310000000006,3353.360333333333,1,0.0025054457321542,87.00266603517775,108.88642852658108,-21.88376249140332,81.32183980611813,0.0963558620463088,0.4518752186111645,0.0105194072571638,55.40185444706554,43045.25392745,1.6207363633766552,0.45,0.007753181768737,-0.0006476976015189
2025-07-22 08:00:00,3677.17,3720.0,3617.1,3705.71,62491.617717,0.007753181768737,0.0077232803098185,3722.894,3699.9665,3365.730666666667,1,-0.0133761099056163,78.95197246410407,102.89953731408568,-23.947564849981603,82.86313696282399,0.0928794960663612,0.5167131758649841,0.0102942107684244,58.21895903911916,44641.9741617,1.3998399239837802,0.45,0.0032949151444663,-0.0087656908525611
2025-07-22 12:00:00,3705.96,3729.4,3625.01,3717.92,84635.856889,0.0032949151444663,0.0032894988058846,3719.138,3707.3015,3379.0945,1,-0.0179509123374221,72.71872852706201,96.86337555668096,-24.144647029618937,84.40077003690799,0.087085073097342,0.5328898235667877,0.0101393330194096,59.40171987842105,47927.20309545,1.7659252245628112,0.45,-0.0129696174204932,-0.01941396770889
2025-07-22 16:00:00,3718.0,3749.66,3655.0,3669.7,49896.177884,-0.0129696174204932,-0.0130544572671088,3700.524,3713.166,3391.2405,0,-0.0214681311179907,63.15981970428538,90.12266438620183,-26.962844681916465,85.13357217712884,0.0788032018357742,0.3514538340399918,0.0105695892060274,53.01847982178497,49424.99844175,1.0095332211857388,0.3,0.0208981660626208,-0.0220227512387944
2025-07-22 20:00:00,3669.5,3750.83,3661.42,3746.39,25693.365396,0.0208981660626208,0.0206827947984489,3703.384,3722.876,3404.625666666667,0,-0.0028028278483439,61.0685968977873,84.31185088851895,-23.243253990731645,85.43903130733392,0.0680935227172818,0.5927560274367379,0.0113948447364387,60.32137386312777,49457.67939935,0.519502041099358,0.55,-0.0046391326049876,-0.0315469244753083
2025-07-23 00:00:00,3746.59,3764.12,3712.09,3729.01,36255.374867,-0.0046391326049876,-0.0046499267773201,3713.746,3730.426,3417.5256666666664,0,-0.0076085799446454,57.347797298419664,78.9190401704991,-21.57124287207944,83.05267192823862,0.0578633027708393,0.4934400337509816,0.0114559534590019,58.11660098300813,50202.57665845,0.7221815548166204,0.4,-0.0149852105518623,-0.023606443222551
2025-07-23 04:00:00,3729.01,3738.33,3663.0,3673.13,33300.026779,-0.0149852105518623,-0.015098623254607,3707.230000000001,3734.477,3429.3661666666667,0,-0.0303221497416834,49.321440947936026,72.99952032598648,-23.67807937805045,82.501052504793,0.0491219006997492,0.1655829759805308,0.0120641347147982,51.58783309671442,50972.42599095,0.6532949164497747,0.2,-0.0003648114823052,-0.0220248802206777
2025-07-23 08:00:00,3673.13,3697.97,3640.0,3671.79,40727.887756,-0.0003648114823052,-0.0003648780422024,3698.004,3735.176,3441.1563333333334,0,-0.0358352633486159,42.36402282777999,66.87242082634519,-24.5083979985652,80.74883446873633,0.0479560958744448,0.1461343103060795,0.0113734113553603,51.43860407870736,50751.78322985,0.8024917582018205,0.15,-0.0073533617118626,-0.0041210932372591
2025-07-23 12:00:00,3671.79,3681.0,3579.11,3644.79,97432.985845,-0.0073533617118626,-0.0073805309481813,3693.022,3734.015,3452.026,0,-0.0434350141327825,34.276427174349465,60.353222095946045,-26.07679492159658,82.25891772096944,0.0500956712281626,0.0230088752215786,0.0114799633636023,48.40052076969178,53991.77083139999,1.8045895577171165,0.05,-0.0155784009503976,0.0239518307181055
2025-07-23 16:00:00,3644.76,3644.76,3552.58,3588.01,57019.153272,-0.0155784009503976,-0.0157010193715245,3661.346,3725.618,3462.0086666666666,0,-0.0397917948992425,23.01991858919064,52.88656139459496,-29.866642805404325,82.96970931232876,0.060336922815404,-0.112156129298513,0.0104466042214919,42.69026382660985,53438.97107489999,1.0669957172656268,0.05,0.0113739928261069,0.0402137440105916
2025-07-23 20:00:00,3588.01,3636.6,3527.0,3628.82,49835.461714,0.0113739928261069,0.0113097952992276,3641.308,3717.765,3472.9555,0,-0.0355987743072258,17.193880027152318,45.74802512110644,-28.55414509395412,84.8718729328767,0.062583427916236,0.1177211616714229,0.0106474433642687,47.48581101406587,53493.07773305,0.9316244984574856,0.1,0.0033013486477697,0.0218512584917319
2025-07-24 00:00:00,3628.83,3665.08,3612.63,3640.8,25759.8752,0.0033013486477697,0.0032959111603971,3634.842,3712.2945,3483.0111666666667,0,-0.024460824899721,13.389047763138024,39.27622964951276,-25.887181886374734,82.55602486624264,0.064623928744227,0.2019858712228084,0.0105643572519488,48.83919804273531,51382.00638375,0.5013403915684145,0.15,-0.013403647549989,-0.0115456611950187
2025-07-24 04:00:00,3640.81,3657.93,3507.02,3592.0,73244.792559,-0.013403647549989,-0.0134942872803419,3618.884,3704.0485,3492.1308333333336,0,-0.0231698031110627,6.362594590327717,32.69350263767575,-26.330908047348032,87.43845166151101,0.0695933191258958,0.0653278327540752,0.0108629865876473,43.87847932567884,52163.8199933,1.4041301532059514,0.1,0.0175389755011134,0.0118924171346409
2025-07-24 08:00:00,3591.98,3660.79,3580.44,3655.0,52367.511724,0.0175389755011134,0.0173869427617885,3620.926,3698.9185,3502.1855,0,-0.013684287221612,5.810671510884731,27.316936412317546,-21.50626490143281,86.9321336856888,0.0692739770490629,0.3286032372545112,0.0117215233040349,50.82301745002634,52679.44827075,0.9940785912345405,0.3,0.0207195622435021,0.01886262466076
2025-07-24 12:00:00,3655.0,3770.74,3611.79,3730.73,78116.167704,0.0207195622435021,0.0205078317609536,3649.47,3696.0555,3514.159333333333,0,0.0034454748891852,11.353174266183489,24.12418398309073,-12.771009716907248,92.07626699385386,0.0662674243091256,0.6415701305893567,0.0125649848690632,57.6128658990088,54240.14948674999,1.4401908631000833,0.7,0.0006835123420885,-0.0251266898612049
2025-07-24 16:00:00,3730.74,3754.35,3666.57,3733.28,43249.894244,0.0006835123420885,0.0006832788539162,3670.362,3692.3065,3526.3735,0,0.0173256669482519,15.769628854908206,22.453272957454228,-6.683644102546023,91.76939078000714,0.0610436747351807,0.6817877644961299,0.0124900672367641,57.82403004951141,54064.9230927,0.7999621893449013,0.8,-0.0069884926927528,-0.0239528113009316
2025-07-24 20:00:00,3733.06,3743.5,3695.16,3707.19,36486.117151,-0.0069884926927528,-0.0070130265778789,3683.64,3687.151500000001,3537.9301666666665,0,-0.0104634061056109,16.968849642599707,21.356388294483324,-4.387538651883617,88.66729143857808,0.0538459996339726,0.6009301183389557,0.012557077809672,54.815147044686455,52838.0933604,0.6905267550464804,0.6,-0.030095571038981,0.0060603347723225
2025-07-25 00:00:00,3707.37,3708.5,3573.72,3595.62,70649.617181,-0.030095571038981,-0.0305577391831073,3684.364,3680.0975,3548.6571666666664,1,-0.0357708882518417,8.814861944721542,18.84808302453097,-10.033221079809426,91.96105633582252,0.0565827226916661,0.0943066520951339,0.0135625254829475,44.21868660745286,53098.5398699,1.3305378519654771,0.15,0.0100344307796707,0.0400622501978463
2025-07-25 04:00:00,3595.62,3667.44,3579.42,3631.7,53398.847421,0.0100344307796707,0.0099844201529833,3679.704,3673.544,3559.559333333333,1,-0.0112792087402298,5.204132415674849,16.119292902759746,-10.915160487084895,91.6795523118352,0.0538126295646682,0.2883278441816538,0.0136837756847168,47.73718088509777,54748.987863,0.9753394447148778,0.25,0.0245091830272325,0.0307926766359137
2025-07-25 08:00:00,3631.78,3746.69,3628.61,3720.71,52143.73308,0.0245091830272325,0.0242136520800064,3677.7,3672.975,3571.888833333333,1,0.0133232020349747,9.416419737182878,14.778718269644374,-5.362298532461496,93.56529857527552,0.053150488732091,0.7445184827094864,0.0147762736578725,55.238382532547945,54623.4736347,0.9546030233946028,0.8,-0.0232697522784629,0.0056501627694778
2025-07-25 12:00:00,3720.96,3734.72,3601.86,3634.13,55583.578392,-0.0232697522784629,-0.0235447677018691,3657.87,3670.8215,3581.7956666666664,0,-0.002924722686355,5.702668553325566,12.963508326380614,-7.260839773055048,96.37206296275583,0.053956540653972,0.3147500487948653,0.0153367329280386,48.01879004290209,53914.40213875,1.0309597470626557,0.3,0.0018573909023618,0.0279251961496187
2025-07-25 16:00:00,3634.21,3659.76,3616.18,3640.88,27054.585802,0.0018573909023618,0.0018556680848469,3644.608,3667.58,3591.786833333333,0,0.0147351874716068,3.266508297559085,11.024108320616309,-7.757600023057224,92.60120132255902,0.0537111168149932,0.3644599995215042,0.0152264783264629,48.58301104270424,52142.550543000005,0.5188581210596728,0.4,0.0230246533805014,0.0299301939325726
2025-07-25 20:00:00,3641.04,3730.54,3639.53,3724.71,24703.138475,0.0230246533805014,0.0227635857802851,3670.426,3667.919500000001,3601.5711666666666,1,0.0264245677658301,8.007904014009,10.420867459294849,-2.412963445285847,92.48754408523337,0.054107344680654,0.7861539039491198,0.0161169053492788,55.10108239131079,49145.9146223,0.5026488705083725,0.8,0.0039063443865428,0.0045618280474718
2025-07-26 00:00:00,3724.94,3767.79,3697.04,3739.26,30352.517545,0.0039063443865428,0.0038987344349328,3691.938,3671.3975,3611.950833333334,1,0.0270435069215557,12.79209833300547,10.89511363403697,1.8969846989684989,90.93486236485955,0.0566531380851001,0.8262679963149102,0.0158295219721387,56.14034637765447,48168.73160535,0.6301290595251798,0.95,0.0007648572177381,0.0093441173458877
2025-07-26 04:00:00,3739.26,3757.0,3730.87,3742.12,14557.717325,0.0007648572177381,0.0007645648635196,3696.22,3671.184,3621.618166666666,1,0.0417928730512249,16.622767975147326,12.040644502259042,4.582123472888284,86.30594362451247,0.0563290748012137,0.8430267001248979,0.0151259732515951,56.35420175277096,47611.9492018,0.3057576421267297,1.0,-0.0006333308392034,0.0069868612494529
2025-07-26 08:00:00,3742.12,3783.75,3730.07,3739.75,30073.21665,-0.0006333308392034,-0.0006335314778976,3717.344,3671.721,3631.43,1,0.023187414500684,19.2455117919244,13.481617960192114,5.763893831732286,83.97551907990442,0.0570284670021042,0.8248872860749424,0.0150870606017948,56.11004844479823,47302.84129095,0.6357592023917941,0.95,-0.000994718898322,0.0201514738514217
2025-07-26 12:00:00,3739.75,3754.98,3716.31,3736.03,26283.740978,-0.000994718898322,-0.0009952139594904,3736.3740000000007,3674.866,3639.617833333333,1,0.0014206334953212,20.78429385017444,14.94215313818858,5.842140711985856,80.73941057419697,0.0589901409033716,0.7821466762046021,0.0146617318657938,55.70211690190402,46952.0270009,0.559799920405911,0.85,0.0038623886853157,0.0220949817333076
2025-07-26 16:00:00,3736.04,3757.21,3709.15,3750.46,19712.762559,0.0038623886853157,0.003854948813103,3741.524,3678.7995,3645.7326666666654,1,0.0046018514550207,22.90414539039739,16.534551588630343,6.369593801767046,78.40516696175433,0.061573874591529,0.8163568426291322,0.0146722212756201,57.00781927557804,45901.27074105,0.4294600615788761,1.0,-0.0023437125045994,0.0209139162181327
2025-07-26 20:00:00,3750.46,3795.0,3733.56,3741.67,23227.614088,-0.0023437125045994,-0.0023464632976373,3742.006,3683.6435,3651.903833333333,1,0.0093008451144938,23.60278525364447,17.94819832163317,5.6545869320112985,77.19336932162904,0.0625983734501026,0.751643510048821,0.0145615238705183,55.92642148073688,42191.0021532,0.5505347799907211,0.9,0.0086886336849587,0.0346802310600044
2025-07-27 00:00:00,3741.83,3788.43,3730.72,3774.18,14874.867344,0.0086886336849587,0.0086511047341685,3748.418,3692.952,3659.301833333333,1,0.0496604201778829,26.4745653715313,19.6534717316128,6.821093639918502,75.80170008436983,0.0611678682550244,0.8595909491064216,0.0140740193444105,59.02248224931575,40083.7878568,0.3710943535860611,1.0,-0.0015923988786967,0.0277783306224849
2025-07-27 04:00:00,3774.19,3811.87,3762.86,3768.17,26184.686678,-0.0015923988786967,-0.0015936680933675,3754.102,3699.919500000001,3664.629500000001,1,0.0375774430707382,27.943400901254336,21.311457565541104,6.631943335713231,73.88800722120054,0.0613267384257568,0.8007902081576282,0.0139479565430085,58.20841714671232,38901.249105,0.6731065783343823,0.95,0.0125312817627654,0.0327883345487214
2025-07-27 08:00:00,3768.17,3841.48,3750.74,3815.39,36245.430877,0.0125312817627654,0.0124534150894622,3769.974,3708.649,3670.995,1,0.0254467561298783,32.542592260424954,23.55768450451788,8.984907755907077,75.09172099111481,0.0650144479428305,0.9426960591325324,0.0141453290622562,62.575882150764485,39425.52688885,0.9193391626492284,1.0,0.0009487889835639,0.0166815603209468
2025-07-27 12:00:00,3815.33,3837.05,3792.0,3819.01,23094.448741,0.0009487889835639,0.000948339167794,3783.684,3719.9995,3677.638666666666,1,0.0508732488931327,36.06386649042497,26.05892090169929,10.004945588725676,72.94588377746376,0.0630051188139983,0.922437571499685,0.0136548041704752,62.89601368476311,36918.00969795,0.6255605036661118,1.0,0.0026813231701408,-0.0027295602988868
2025-07-27 16:00:00,3819.16,3868.99,3808.75,3829.25,33099.655901,0.0026813231701408,0.0026777348360604,3801.2,3728.712,3684.5926666666655,1,0.0517374920348925,39.22858143996473,28.692853009352383,10.535728430612345,72.03832065050204,0.0656310826786829,0.9108297001260224,0.0132287272863274,63.83833998371834,35954.6169068,0.9205954269183144,1.0,0.0114226023372723,-0.0080214312375871
2025-07-27 20:00:00,3828.8,3880.18,3816.06,3872.99,20167.651128,0.0114226023372723,0.0113578569889605,3820.962,3735.825,3691.194333333333,1,0.0398098106966715,44.750240372624376,31.904330482006785,12.845909890617593,71.47272631832332,0.073661563842912,0.998443399141588,0.0127046164081266,67.62108086696131,33057.191078,0.6100836299252855,1.0,0.0017867332474392,-0.0192781432573242
2025-07-28 00:00:00,3872.9,3907.0,3843.0,3879.91,41821.975035,0.0017867332474392,0.001785138938378,3843.31,3743.1565,3695.917333333333,1,0.0376143942919187,49.1183749737379,35.34713938035301,13.771235593384889,70.9389601527288,0.0807985447591049,0.9521649829315976,0.0127012232710633,68.18805142267132,32985.79511755,1.2678783362947872,1.0,0.0034176050475398,-0.0228261815027624
2025-07-28 04:00:00,3879.76,3941.79,3868.3,3893.17,42681.712926,0.0034176050475398,0.0034117783072998,3858.866,3752.455499999999,3700.7115,1,0.0403648199416373,53.03872686949626,38.885456878181664,14.153269991314597,71.12117728467673,0.0871945702753533,0.9300647620450776,0.0125253383556453,69.29746753888767,33295.5749063,1.2819034675362826,1.0,-0.0035754924650092,-0.0036730188329881
2025-07-28 08:00:00,3893.17,3903.86,3858.48,3879.25,28599.101471,-0.0035754924650092,-0.0035818998157083,3870.914,3766.637,3705.192166666666,1,0.0373019586870779,54.39537035626472,41.98743957379828,12.407930782466444,69.2825217643427,0.0826951785951842,0.8615385155566027,0.010049165162477,66.66896555060875,31193.0491208,0.9168421259571476,0.9,-0.0184623316362698,-0.0134421736788029
2025-07-28 12:00:00,3879.25,3890.02,3773.0,3807.63,68336.313045,-0.0184623316362698,-0.0186348876385978,3866.5899999999992,3775.4335,3709.253333333333,1,0.0191647283346225,49.12510106121135,43.4149718712809,5.710129189930456,72.69234163831823,0.0761064798536967,0.6120521523603693,0.0110924222031236,55.09057893106969,31939.922402,2.139526583218028,0.65,-0.0026105477685595,-0.0117228827669407
2025-07-28 16:00:00,3807.62,3822.6,3753.27,3797.69,34005.508291,-0.0026105477685595,-0.0026139611902799,3851.53,3779.2825,3713.3621666666654,1,0.0125931219103789,43.64320801168287,43.460619099361296,0.1825889123215773,72.45217437843834,0.0749921346590277,0.5649485914123268,0.0098374897258333,53.69675122692447,31033.01116255,1.0957850049703572,0.6,0.0001658903175352,-0.0078947097398354
2025-07-28 20:00:00,3797.46,3804.02,3765.81,3798.32,26058.971924,0.0001658903175352,0.000165876559258,3835.212,3787.4920000000006,3717.5481666666665,1,0.0151402983159925,38.90117547416958,42.54873037432296,-3.6475549001533807,70.00630477997848,0.0661023010995554,0.5432493858579847,0.0080120176325688,53.77657508710181,29556.780839150004,0.8816579879187346,0.6,-0.001761304997999,-0.0006256558194524
2025-07-29 00:00:00,3798.32,3822.21,3730.59,3791.63,52483.994402,-0.001761304997999,-0.0017628579193604,3814.904,3795.0295,3720.8586666666665,1,0.0046235208707587,34.20891436387683,40.88076717223374,-6.67185280835691,71.55014015283716,0.0556419292147133,0.4839010441291172,0.008061872708804,52.73688010580635,30828.25126915,1.702464208682541,0.5,0.0225707677173141,0.0072980108021626
2025-07-29 04:00:00,3791.81,3881.72,3774.82,3877.21,40733.254238,0.0225707677173141,0.0223198170213657,3814.496,3802.6545,3725.9585,1,0.0289371233251154,36.969690823175824,40.09855190242216,-3.1288610792463345,74.0751301419202,0.0558512268907278,0.8510428251832763,0.0080001574910482,62.677516535702445,31629.7570573,1.2878143251055718,0.85,-0.013344647310824,-0.0169047663037896
2025-07-29 08:00:00,3877.21,3886.19,3811.71,3825.47,34214.41261,-0.013344647310824,-0.0134344872669641,3818.064,3806.965,3730.5095,1,0.0026419317553383,34.58397789729179,38.995637101396085,-4.411659204104296,74.10404941749734,0.0538394207821044,0.5902837992391282,0.008688547358825,55.12824882756585,31822.851810550004,1.075152309217527,0.7,-0.0167430407244076,-0.0172987543130134
2025-07-29 12:00:00,3825.73,3874.99,3747.0,3761.42,59600.601962,-0.0167430407244076,-0.0168847898660339,3810.81,3807.93,3733.996666666667,1,-0.0150798243523845,27.211308477897543,36.638771376696376,-9.42746289879883,77.95304588767608,0.0527128360662532,0.2682920150485945,0.0095694884794649,47.500920144484255,34074.9960424,1.749100774299082,0.25,0.0012176252585458,0.0097986823739246
2025-07-29 16:00:00,3761.42,3797.0,3716.51,3766.0,51881.996115,0.0012176252585458,0.0012168845541167,3804.346,3809.2425,3737.129833333333,0,-0.0165175948292746,21.49025627207084,33.60906835577127,-12.118812083700432,78.13425689569921,0.0511416949451279,0.2780285824311117,0.0095689300708409,48.05437003946131,35165.43501565,1.475369097294274,0.25,0.0074349442379182,-0.0011669225881793
2025-07-29 20:00:00,3765.52,3802.75,3741.0,3794.0,30601.353958,0.0074349442379182,0.0074074412778618,3804.82,3812.141000000001,3740.4946666666665,0,-0.0203950952623166,18.99666544104366,30.68658777282576,-11.689922331782093,76.9639528317207,0.0481660566272697,0.4012013123521044,0.009689467138727,51.42576638433792,35381.31566465,0.8649015273497664,0.4,0.0061623616236161,0.0046244294120927
2025-07-30 00:00:00,3794.0,3829.02,3755.27,3817.38,24605.138196,0.0061623616236161,0.0061434519190877,3792.854,3815.487,3743.154166666666,0,-0.0161163532143786,18.69158242025605,28.287586702311813,-9.59600428205576,76.73438477231208,0.0457824728725127,0.5108368082537537,0.0097410526424711,54.10433991818387,35625.9344465,0.6906524299860795,0.6,-0.0016320093886382,0.0124237466541164
2025-07-30 04:00:00,3817.38,3834.26,3786.01,3811.15,25693.671272,-0.0016320093886382,-0.001633342566664,3789.99,3818.961,3745.5398333333337,0,-0.0210676646537397,17.74256771826822,26.17858290550309,-8.436015187234876,74.69978586000408,0.0422033675037951,0.4515365520645642,0.0097297583343235,53.261511202207394,35749.2373057,0.7187194247610788,0.5,-0.0137386353200478,0.0141748150623813
2025-07-30 08:00:00,3811.05,3826.0,3744.55,3758.79,34080.46907,-0.0137386353200478,-0.0138338837655517,3789.464,3818.1915,3745.587166666666,0,-0.0310523941483534,12.61997708032004,23.466861740466484,-10.846884660146443,75.18194401286092,0.0432414972424739,0.140218372234372,0.0100789102830077,46.67988420523789,36709.517392,0.9283823785007608,0.05,0.0103543959625305,0.0212857579632567
2025-07-30 12:00:00,3758.7,3832.1,3749.52,3797.71,41688.191459,0.0103543959625305,0.0103011563983037,3795.806,3819.6685,3745.7843333333335,0,-0.002605295157355,11.567463308932474,21.086982054159684,-9.51951874522721,75.71037658337086,0.0418544070757202,0.3626477422042669,0.0103399421833155,51.47946431805545,37484.69263105,1.1121390768579515,0.35,-0.0097479797035582,-0.0021284950260134
2025-07-30 16:00:00,3797.72,3822.86,3675.98,3760.69,75792.62936,-0.0097479797035582,-0.0097958022939147,3789.144,3816.9335,3745.959,0,-0.0097427646806348,7.657858920421404,18.40115742741203,-10.743298506990628,80.7939211131301,0.0440010132270446,0.1651154837632178,0.0101675693436205,47.13346370308083,39462.0525552,1.920645897827549,0.1,0.0132262962381903,-0.0057055776846973
2025-07-30 20:00:00,3760.49,3812.03,3742.4,3810.43,23129.521541,0.0132262962381903,0.0131395924586032,3787.754,3816.5045,3746.850833333333,0,0.0031882516480969,8.475372759389302,16.416000493807484,-7.940627734418182,79.99649817647796,0.0440273605906371,0.4638488508427489,0.0106307017743063,52.888366316005865,39463.8061952,0.5860945451281193,0.55,0.0139616788656398,-0.0294271559952978
2025-07-31 00:00:00,3810.43,3868.32,3801.17,3863.63,35547.234763,0.0139616788656398,0.0138651124091339,3798.25,3818.2235,3748.618,0,0.0189891946207831,13.263164254200548,15.785433245886098,-2.522268991685552,79.0788911638724,0.0452368364732692,0.7628841819414912,0.0110737413172443,58.1373408716803,39586.1851383,0.8979707097011407,0.75,0.0001190590196267,-0.0417449873926791
2025-07-31 04:00:00,3863.64,3883.06,3854.37,3864.09,24626.277754,0.0001190590196267,0.0001190519326641,3819.31,3817.7785,3749.886333333333,1,-0.003383876550406,16.89983093242381,16.00831278319364,0.8915181492301691,75.47968465216724,0.044693092691312,0.7714174160934817,0.0107715491367695,58.18072727624359,39809.116469600005,0.6186090005992901,0.8,-0.0066276924191724,-0.0564022571272855
2025-07-31 08:00:00,3864.11,3874.66,3826.3,3838.48,23864.52307,-0.0066276924191724,-0.0066497531008762,3827.464,3815.707,3750.39,1,0.003400889302491,17.513517578525352,16.309353742259987,1.2041638362653655,73.54256431986956,0.0425013237324435,0.6404244626658648,0.0108595927243848,54.77695005401258,38911.24387135,0.6133066100097415,0.75,-0.0130598570267397,-0.0519493947481584
2025-07-31 12:00:00,3838.48,3845.64,3762.85,3788.35,45039.790505,-0.0130598570267397,-0.0131458868048259,3832.996,3810.466,3750.024333333333,1,0.0071595301774329,13.795767599505323,15.806636513709057,-2.01086891420373,74.20309543987888,0.0386223629341505,0.3497239919783255,0.0111689158715741,48.763180087650895,39029.1477503,1.1540039457985294,0.25,-0.0133250623622421,-0.0462792141348452
2025-07-31 16:00:00,3788.35,3821.02,3735.09,3737.87,34294.280131,-0.0133250623622421,-0.0134146376263048,3818.484,3803.397,3750.0438333333336,1,-0.00746946362188,6.698889210249945,13.985087053017232,-7.286197842767288,75.04073147988753,0.0383636737499556,0.050915116539831,0.0114816380954413,43.57523866370637,39313.9066833,0.8723193145688504,0.05,-0.0104952820724102,-0.0599453022150808
2025-07-31 20:00:00,3737.87,3758.78,3685.0,3698.64,33804.30212,-0.0104952820724102,-0.0105507459593829,3785.486,3797.9475,3748.975,0,-0.0251344227727992,-2.0671424532438323,10.77464115176502,-12.841783605008851,74.95067923132414,0.0452846567459715,-0.0774069562607385,0.0110009707538389,40.012511983946055,37587.30613704999,0.8993542127425549,0.05,0.0016438474682585,-0.0581244175960585
2025-08-01 00:00:00,3698.24,3724.67,3615.85,3704.72,64605.689483,0.0016438474682585,0.001642497829873,3753.612,3793.299,3748.5188333333335,0,-0.0295123880776868,-8.426544554804423,6.934404010451132,-15.360948565255557,77.36991642908671,0.0501489464419376,0.0343582819107615,0.0110173221665604,40.82009458334173,39117.31519665,1.6515880284271869,0.1,-0.0145382107149797,-0.0480964185558362
2025-08-01 04:00:00,3704.71,3704.71,3625.0,3650.86,43696.411621,-0.0145382107149797,-0.0146449260634052,3716.088,3785.926,3748.0798333333337,0,-0.0420581714180758,-17.609477317510937,2.0256277448587188,-19.635105062369654,77.5377795412948,0.0599586676828895,-0.0950068196352609,0.0114064589156207,36.174168584025615,39999.1871815,1.0924324892584318,0.05,-0.0021748300400453,-0.0361314736495789
2025-08-01 08:00:00,3650.85,3650.85,3586.0,3642.92,50032.965024,-0.0021748300400453,-0.0021771984173987,3687.002,3778.4905,3747.033333333333,0,-0.0308264095626518,-25.236795267579964,-3.4268568576290184,-21.809938409950945,76.63222385977375,0.0684935225864126,-0.0238384356853817,0.0114065382765639,35.53213401913706,39876.6357126,1.25469373556483,0.05,-0.0073896764134265,-0.0370763960750756
2025-08-01 12:00:00,3642.8,3675.87,3564.44,3616.0,68337.513943,-0.0073896764134265,-0.0074171153322337,3662.628,3765.43,3745.334666666666,0,-0.0478472553196531,-33.07247975532528,-9.355981437168271,-23.716498318157004,79.11777929836133,0.0739686112902317,-0.0365074448704386,0.009884341571586,33.36966013470689,41256.84869785,1.6563919955079176,0.05,-0.0269911504424777,-0.0437182371347789
2025-08-01 16:00:00,3616.0,3634.19,3515.0,3518.4,63073.412458,-0.0269911504424777,-0.0273621017115702,3626.58,3750.0765,3742.813,0,-0.0644270067461024,-46.62040942799968,-16.808867035334554,-29.81154239266512,81.9800807770498,0.0922736267912796,-0.1695210956137308,0.0110112100830029,26.962695432990216,42699.79869025,1.4771360613557665,0.05,-0.0086743974533879,-0.0387980258996553
2025-08-01 20:00:00,3518.27,3552.93,3430.02,3487.88,59625.340322,-0.0086743974533879,-0.0087122390331711,3583.2120000000004,3736.3995,3738.5045,0,-0.0846492390622579,-59.13824140028828,-25.274741908325304,-33.863499491962976,84.90364643583196,0.1108809057023827,-0.0998606878545025,0.0106666934050826,25.3252257491296,42701.03560825,1.3963441277869186,0.05,0.0116718465084808,-0.0267685685133686
2025-08-02 00:00:00,3487.88,3532.26,3477.84,3528.59,33485.428576,0.0116718465084808,0.011604255937474,3558.7580000000003,3724.529,3735.164166666667,0,-0.0867163781210933,-65.02419817173632,-33.2246331610075,-31.799565010728813,82.72624311898683,0.121039114347754,0.0653659068377932,0.0111655526462104,31.317063864133644,41781.2072313,0.8014471288640675,0.15,-0.0025732658087224,-0.0239307959545897
2025-08-02 04:00:00,3528.6,3537.76,3453.88,3519.51,33497.676518,-0.0025732658087224,-0.0025765823479633,3534.076,3710.8045,3732.6038333333336,0,-0.0891749415774476,-69.61901674570026,-40.50350987794606,-29.11550686775421,82.8086543247735,0.1292353020909632,0.1011099101672508,0.0108850068042781,30.724894436704304,41926.0233593,0.7989709930495845,0.15,-0.003119752465542,-0.017704323426058
2025-08-02 08:00:00,3519.5,3524.52,3474.21,3508.53,19274.573111,-0.003119752465542,-0.0031246290383731,3512.582,3695.362,3729.8828333333336,0,-0.0859585044079948,-73.3014641555501,-47.06310073346687,-26.238363422083225,80.48732187300396,0.1352544600424908,0.1261970888360884,0.0106378318108847,29.98649422350869,41659.49510505,0.4626693881526068,0.1,-0.0140315174731298,-0.0062862719960674
2025-08-02 12:00:00,3508.3,3517.66,3451.01,3459.3,22802.676442,-0.0140315174731298,-0.0141308898732828,3500.762,3677.7695,3726.791333333333,0,-0.0868583948156849,-79.27840769140948,-53.5061621250554,-25.772245566354087,79.49894173921794,0.1435480291883617,0.0861822895206567,0.0108423762523962,26.86861766725201,41514.94536355,0.5492642768120004,0.05,-0.0220709392073541,0.0052831313302366
2025-08-02 16:00:00,3459.15,3480.93,3371.9,3382.95,54494.07768,-0.0220709392073541,-0.022318146554953,3479.7760000000003,3658.9775,3723.373666666667,0,-0.0949524729324454,-89.14833886404631,-60.63459747285359,-28.513741391192724,81.6083030435595,0.1587379331303673,0.0247611985902451,0.0113529690915646,22.89303738136988,42535.62579405001,1.2811396720445754,0.05,0.0033550599328988,0.0333116740333318
2025-08-02 20:00:00,3382.95,3441.57,3368.0,3394.3,30843.035114,0.0033550599328988,0.0033494442763927,3452.918,3638.807,3719.465,0,-0.0822842990937208,-94.95984233133731,-67.49964644455034,-27.460195886786977,81.03413854044813,0.1674991190509963,0.0988380364795477,0.0109492099330533,24.67727516062827,41993.3679768,0.7344739562456575,0.1,0.0145096190672597,0.0299680526724416
2025-08-03 00:00:00,3394.31,3452.28,3355.27,3443.55,37313.743061,0.0145096190672597,0.01440536182307,3437.726,3622.95,3716.1775,0,-0.0704965557451035,-94.50207618939884,-72.90013239352004,-21.60194379587881,82.1752715018447,0.1715046586265849,0.2112751416873886,0.0117714614762357,32.02729856652037,40069.42366185,0.931227346215272,0.15,0.0036532067198093,0.0325989376972844
2025-08-03 04:00:00,3443.56,3459.65,3433.84,3456.13,17385.874375,0.0036532067198093,0.0036465499675426,3427.246,3605.2350000000006,3713.913,0,-0.0533381175942107,-92.0629480019611,-76.73269551520825,-15.330252486752856,78.14918068028436,0.1699022635756961,0.2565782033456149,0.0112008452454821,33.80415571943296,39782.24130355,0.4370260147572067,0.2,0.0082982989644486,0.0276187402101819
2025-08-03 08:00:00,3456.13,3516.61,3453.73,3484.81,20830.737295,0.0082982989644486,0.0082640573824336,3432.3479999999995,3586.2940000000003,3711.0765,0,-0.0434019962008499,-86.81493648186643,-78.74914370853989,-8.065792773326535,77.05852491740693,0.1596095411527205,0.3227064900751767,0.0107644439173698,37.79639642714394,39046.41643015,0.5334865321703474,0.3,-0.0024621141468257,0.0203367128520618
2025-08-03 12:00:00,3484.82,3504.39,3454.54,3476.23,22141.737258,-0.0024621141468257,-0.0024651501341838,3451.004,3566.9010000000003,3706.834833333333,0,-0.0386532079646018,-82.39834698342338,-79.47898436351659,-2.919362619906792,75.11505885187786,0.1455654420025733,0.325369914544746,0.0107140459396531,37.07599977134211,38922.18940535,0.5688718336835527,0.3,0.0059576034957411,0.0489363315337191
2025-08-03 16:00:00,3476.11,3514.97,3467.37,3496.94,13884.728713,0.0059576034957411,0.0059399271470747,3471.532,3549.8240000000005,3702.8958333333335,0,-0.0060993633469759,-76.34696379252455,-78.85258024931818,2.505616456793632,73.14969750531515,0.1290415030107285,0.3845515617217,0.0109929760314134,40.046394027242286,38423.1996875,0.3613631562682439,0.45,1.1438572008692915e-05,0.0487807150198211
2025-08-03 20:00:00,3496.94,3522.0,3483.27,3496.98,13698.364297,1.1438572008692915e-05,1.143850658872699e-05,3482.218,3535.2555,3699.3923333333337,0,0.0026090347144971,-70.73260985330171,-77.2285861701149,6.495976316813184,70.69114768350693,0.11425601752748,0.4052408876761758,0.010850608526805,40.05228022727445,36856.1283771,0.3716712769405066,0.5,0.0171405040921024,0.0627423330811995
2025-08-04 00:00:00,3497.0,3576.46,3491.25,3556.92,31681.702607,0.0171405040921024,0.0169952629732992,3502.376,3526.208,3698.747333333333,0,0.0080287026829413,-60.74629141256219,-73.93212721860435,13.185835806042164,71.72820856325643,0.1020053632175501,0.5853841316630517,0.0115774563355697,48.25127797487679,36725.4995009,0.8626622656615904,0.75,-0.0013269907672931,0.0270594233135086
2025-08-04 04:00:00,3556.88,3565.69,3520.24,3552.2,23318.616234,-0.0013269907672931,-0.0013278719992187,3515.8540000000003,3518.886,3697.422333333333,0,0.0092882247812904,-52.606511535486334,-69.66700408198075,17.060492546494416,69.851193665881,0.0922055711723869,0.6026749314486904,0.0114210879174003,47.69805688341827,36201.215206600005,0.644139046187286,0.75,0.0010162716063284,0.0177736327435257
2025-08-04 08:00:00,3552.26,3574.47,3542.27,3555.81,15037.062606,0.0010162716063284,0.0010157555519442,3531.7699999999995,3511.4405000000006,3694.674,1,0.0134757291515248,-45.34170950603402,-64.80194516679141,19.46023566075739,67.16182268974663,0.0794597712924838,0.6590200589492222,0.0114115363551418,48.187357248455065,33722.78386275,0.4459021730590236,0.8,0.0261375045348317,0.0334755022990817
2025-08-04 12:00:00,3555.84,3666.0,3551.05,3648.75,62308.332573,0.0261375045348317,0.0258017577831538,3562.132,3511.3350000000005,3694.917666666666,1,0.054765414968346,-31.71918131195025,-58.18539239582318,26.466211083872928,70.57526392619329,0.0792233165690394,0.9939794215079872,0.0126177927174004,58.8586376969984,34653.379910350006,1.7980448872287411,1.0,0.005801986981843,-0.0207551470293588
2025-08-04 16:00:00,3648.76,3718.98,3648.61,3669.92,50147.269013,0.005801986981843,0.005785220277581,3596.72,3512.6850000000004,3695.401666666666,1,0.0848283303034334,-18.996013281690463,-50.34751657299664,31.351503291306173,70.56060221717948,0.0823231763289345,1.0437357647388967,0.0126698349821938,60.837233249096336,34659.0951098,1.4468718486196326,1.0,0.0139730566333871,-0.0264143024739984
2025-08-04 20:00:00,3669.61,3737.11,3660.93,3721.2,35416.664969,0.0139730566333871,0.013876333448498,3629.576,3517.9450000000006,3695.3431666666665,1,0.0963085172200453,-4.720528206339623,-41.22211889966524,36.50159069332562,70.96198777309525,0.0940298902137299,1.1144495966694452,0.0128733682204055,65.20274523405087,33013.0526611,1.0728079385016165,1.0,-0.0185424056755885,-0.0289036633791189
2025-08-05 00:00:00,3721.2,3723.16,3647.7,3652.2,25982.358249,-0.0185424056755885,-0.0187164711664698,3649.576,3524.635,3693.8921666666665,1,0.0605915407065382,1.0134903365287755,-32.77499705242644,33.78848738895522,71.2832743607313,0.0995547044533953,0.8635428407209317,0.0119975841248608,56.13532366961906,31158.499950649995,0.8338770573086586,0.9,-0.010612781337276,-0.0182429683697245
2025-08-05 04:00:00,3652.01,3680.5,3601.54,3613.44,44404.380958,-0.010612781337276,-0.0106694985429185,3661.102,3530.9130000000005,3691.7475,1,0.0455162276881946,2.402439447475899,-25.739509752445976,28.141949199921875,71.83161190639335,0.1012161356479471,0.7309187983600727,0.0120952425533962,51.77927010471191,30397.45198245,1.4607928646005237,0.8,0.0167181411618844,0.0081217334740684
2025-08-05 08:00:00,3613.43,3694.26,3608.41,3673.85,27167.874616,0.0167181411618844,0.0165799313205562,3666.122,3538.1759999999995,3690.649166666667,1,0.0542468599435836,8.282300552093602,-18.935147691538063,27.217448243631665,72.83292534165099,0.1069605302586289,0.8585037061448404,0.0123608684907051,57.336102053798456,30081.57428445,0.9031400537452532,0.95,-0.0280931447936089,-0.0142033348939123
2025-08-05 12:00:00,3673.92,3682.1,3557.08,3570.64,67978.336929,-0.0280931447936089,-0.0284953070904558,3646.266,3540.7325000000005,3687.892666666666,1,0.0271587323048243,4.561367793009595,-14.235844594628531,18.79721238763813,76.56057353153305,0.1070547434349414,0.5789007404825691,0.0140671833888253,47.30596218696929,31805.607305,2.137306679200352,0.7,0.0001428315372034,0.0263437774608128
2025-08-05 16:00:00,3570.61,3612.79,3559.33,3571.15,23453.406807,0.0001428315372034,0.0001428213377505,3616.256,3543.8635000000004,3684.904166666666,1,0.0212214107190857,1.6348094456584477,-11.061713786571136,12.696523232229584,74.91053256499498,0.106868455225693,0.572047898115838,0.0140380317555512,47.35497044656508,32014.5489898,0.73258588819953,0.7,0.0114836957282666,0.0313799320102005
2025-08-05 20:00:00,3571.15,3624.78,3545.0,3612.16,19247.531719,0.0114836957282666,0.0114182585914186,3608.248,3551.5065000000004,3682.745666666666,1,0.0329369913468191,2.594744535960217,-8.330422122064865,10.925166658025082,75.25835166749535,0.1055459614284945,0.6618086120633558,0.0137587354424491,51.27896656730318,31836.791753650003,0.604568823012555,0.7,-0.0078817106661941,0.0197116437834474
2025-08-06 00:00:00,3612.16,3614.29,3564.41,3583.69,15729.984234,-0.0078817106661941,-0.0079129355261328,3602.298,3561.5435000000007,3679.570833333333,1,0.0075261743306005,1.046149583507031,-6.455107780950486,7.501257364457517,73.44561226267426,0.0960397889989921,0.564746403639396,0.0127685903395917,48.57225580169784,29898.58708135,0.5261112905168678,0.65,0.015751920506517,0.0205585387639845
2025-08-06 04:00:00,3583.61,3662.7,3569.47,3640.14,27263.796347,0.015751920506517,0.0156291466114696,3595.556,3573.8355,3677.437,1,0.0247564889364337,4.32407491040567,-4.299271242679255,8.623346153084926,74.85878281534039,0.0872124448145026,0.7127306096590693,0.0130855381655096,53.78155258839137,29719.625143,0.9173667640764832,0.75,-0.0056069272060964,0.0171111134997292
2025-08-06 08:00:00,3640.19,3644.99,3609.38,3619.73,22081.479391,-0.0056069272060964,-0.005622705026811,3605.374,3582.6445,3674.176,1,0.0179762135772159,5.214824668968504,-2.396452060349704,7.611276729318208,72.05529832853034,0.0809025985907325,0.6279493109366604,0.0129741827050603,51.74085356466301,28958.0119595,0.762534369482361,0.7,0.0124539675611163,0.0564817487713002
2025-08-06 12:00:00,3619.59,3669.75,3573.06,3664.81,38947.558629,0.0124539675611163,0.0123770548278629,3624.106,3593.0785,3671.606,1,0.0044015073655361,9.449402688708687,-0.0272811105380257,9.476683799246713,73.81491987649247,0.0761502753893532,0.7621631995753648,0.0131604762691216,55.73590855595124,30036.0961722,1.2966917673225469,0.85,0.0051789860865911,0.0465361424141974
2025-08-06 16:00:00,3664.81,3698.79,3638.37,3683.79,21564.943412,0.0051789860865911,0.0051656212624473,3638.432,3603.0274999999992,3669.1816666666655,1,0.0037793739373064,14.17348059376218,2.812871230322016,11.360609363440163,72.85813988531444,0.0736858406655307,0.8041992468826039,0.0131130042580489,57.337267812153065,30072.806478049995,0.7170911510284268,0.95,-0.0001845924984865,0.0495019645010841
2025-08-06 20:00:00,3683.79,3686.08,3652.12,3683.11,11077.650504,-0.0001845924984865,-0.0001846095377787,3658.316,3613.3715,3666.017,1,-0.0102359453939588,17.658915071011506,5.782079998459913,11.876835072551591,70.07970132207771,0.0683760144336565,0.7822644632935872,0.0130741659575895,57.257345908271205,29519.60214035,0.3752642210871158,0.9,-0.007034815685657,0.0605576677659773
2025-08-07 00:00:00,3683.11,3716.92,3647.84,3657.2,17519.61644,-0.007034815685657,-0.0070596766650708,3661.728,3621.3845,3662.3051666666665,1,0.0013690378402058,18.121532794543327,8.249970557676598,9.87156223686673,70.00829408478644,0.0621812020710043,0.6590513159126373,0.0132399474884278,54.15958875714183,29701.346526700003,0.5898593326147943,0.7,0.0123044952422617,0.0750884554216605
2025-08-07 04:00:00,3657.21,3711.0,3655.6,3702.2,19883.10858,0.0123044952422617,0.0122294102353131,3678.222,3631.6455,3659.122333333333,1,0.0245638505136378,21.867212973440928,10.973419040829464,10.893793932611464,68.9648445073017,0.056341404695702,0.8448209144934107,0.0134110650781751,58.3720063600041,30010.58374085,0.6625365488287848,0.95,0.0337637080654746,0.0567551386045945
2025-08-07 08:00:00,3702.2,3843.62,3702.2,3827.2,67982.777026,0.0337637080654746,0.0332062277906732,3710.7,3645.1595,3658.254833333333,1,0.0417409529512635,34.52417364951816,15.683569962567203,18.84060368695096,74.14021275678016,0.0699800706590405,1.213636585633537,0.0147824105045346,67.34787595136795,31825.6374618,2.1361010319934377,1.0,0.0025083612040135,0.0236069078788276
2025-08-07 12:00:00,3827.2,3866.0,3802.89,3836.8,52723.469745,0.0025083612040135,0.0025052205169373,3741.302,3659.3895,3658.741,1,0.0745412587099232,44.812969921093554,21.50944995427248,23.30351996682108,73.35234041701015,0.0793414047684909,1.11104162602552,0.014737588712154,67.9199755572213,33295.880137349995,1.5834832876472578,1.0,0.0081448081734778,0.0303939395595762
2025-08-07 16:00:00,3836.91,3877.3,3780.55,3868.05,31777.336568,0.0081448081734778,0.0081118182334847,3778.29,3675.0015,3659.913666666667,1,0.0831384848018146,54.85618101795672,28.178796167009324,26.67738485094739,75.02360181579515,0.0888619788074724,1.0911435165601395,0.014748745150734,69.77637018965264,34132.89383545,0.9309886445958606,1.0,0.0108711107664067,0.0490642200574569
2025-08-07 20:00:00,3868.01,3927.5,3851.65,3910.1,36348.639429,0.0108711107664067,0.0108124450332556,3828.87,3688.069,3661.776666666666,1,0.0824825035435861,65.45406799107786,35.63385053182304,29.820217459254827,75.08263025752406,0.1041633580574478,1.077962425366639,0.0139326489210776,72.11472896232242,32834.90917825,1.107012028925529,1.0,0.0074959719700262,0.025736607307319
2025-08-08 00:00:00,3910.08,3969.99,3879.34,3939.41,62335.294061,0.0074959719700262,0.0074680167860698,3876.312,3701.5435,3664.239666666667,1,0.0992608177604648,75.34946014391016,43.57697245424046,31.772487689669703,76.19458523912947,0.1192829074971834,1.0387312998323512,0.0139521500897092,73.64531203001022,33444.31043065,1.8638534703909724,1.0,-0.0060288215748043,0.0284253009815029
2025-08-08 04:00:00,3939.42,3939.74,3895.15,3915.66,29734.55284,-0.0060288215748043,-0.0060470682940349,3894.004,3711.2665,3664.8805,1,0.0756893965616707,80.34899006258047,50.93137597590847,29.417614086672003,73.93711486490591,0.1291686564144325,0.9263711362682374,0.0138893503412051,70.27910564432197,33160.2048242,0.8966938834557502,0.95,0.0006154773397077,0.0638829500195922
2025-08-08 08:00:00,3915.66,3927.4,3884.63,3918.07,19169.835203,0.0006154773397077,0.0006152880112108,3910.258,3724.56,3666.423833333333,1,0.0824205120271401,83.54259338846032,57.45361945841884,26.08897393004148,71.71089237455548,0.1364807424878126,0.8806773712053971,0.0129824929236124,70.42682306866126,32819.5786719,0.5840975411245343,0.95,0.0092953928847621,0.0681331801139372
2025-08-08 12:00:00,3918.0,4013.0,3891.43,3954.49,85192.312493,0.0092953928847621,0.0092524565883946,3927.546,3741.6125,3669.641666666667,1,0.0790436611993528,87.99795105530666,63.56248577779641,24.435465277510247,75.2722572049444,0.142971150282854,0.897944532503824,0.0125927996463316,72.63989341836684,34858.97524864999,2.443913278727243,1.0,0.0268150886713585,0.0633052584543171
2025-08-08 16:00:00,3954.63,4066.0,3950.27,4060.53,56593.2766,0.0268150886713585,0.0264618647562747,3957.632,3760.9465,3674.5505,1,0.1022696733527155,98.94482157998344,70.63895293823383,28.305868641749623,78.1620959760198,0.1590630011145953,1.0007852888550006,0.0132876257878718,77.83970140677418,36330.24534785,1.557745510885991,1.0,-0.0124565019837312,0.0482601584501273
2025-08-08 20:00:00,4060.71,4071.38,4006.53,4009.95,20349.846071,-0.0124565019837312,-0.0125347345529026,3971.74,3782.912,3678.149666666666,1,0.0887402222578199,102.35898143173928,76.98295863693491,25.37602279480436,77.21123197773267,0.1609663154308307,0.8728527157589543,0.0115823963873482,70.91644715469815,33948.82080495,0.59942718446447,0.95,0.0101846656442101,0.0612849289759678
2025-08-09 00:00:00,4009.99,4051.99,4006.52,4050.79,19687.458978,0.0101846656442101,0.0101331514119664,3998.766000000001,3806.894,3682.039833333333,1,0.1076205840533741,107.1253006155166,83.01142703265126,24.113873582865352,74.94400112218032,0.1625900879394051,0.8940395617797993,0.0115380988041406,73.00427955832328,33760.5234135,0.5831502887815854,0.95,0.029428827463285,0.0467984259567
2025-08-09 04:00:00,4050.8,4214.96,4044.59,4170.0,84541.948932,0.029428827463285,0.0290041119859326,4049.152000000001,3834.786,3688.0206666666654,1,0.126357301064232,119.14842475533624,90.23882657718826,28.909598178147974,81.76014389916745,0.1741135955487432,1.002051571861771,0.0126040778888055,77.97459279174308,37025.24427415,2.2833596533764084,1.0,0.0048657074340527,0.003689437084481
2025-08-09 08:00:00,4169.99,4247.28,4165.75,4190.29,44452.679085,0.0048657074340527,0.0048539081387691,4096.312,3865.116,3695.212333333333,1,0.0948709239130434,128.82901005285476,97.95686327232156,30.872146780533186,81.7437050492269,0.1795771968755518,0.9684919066483132,0.0121095755254598,78.69363156889034,38461.3790167,1.155774447549022,1.0,0.004467471225142,-0.0022062373715092
2025-08-09 12:00:00,4190.29,4227.0,4153.4,4209.01,40092.452496,0.004467471225142,0.0044575216973818,4126.008,3893.5595,3702.067333333333,1,0.0970105296080066,136.43871066996644,105.65323275185057,30.785477918115888,81.162011831425,0.1857271298769429,0.9362234988973088,0.0119876497293225,79.36302714721636,39102.81182415,1.02530868307631,1.0,0.0117699886671687,0.0022323720819621
2025-08-09 16:00:00,4209.01,4271.0,4193.2,4258.55,27906.679116,0.0117699886671687,0.0117012611066454,4175.728,3925.5005,3710.365,1,0.1009552616951694,144.79777855323118,113.48214191212668,31.31563664110449,80.92186812918037,0.1894716974722012,0.9477848573220828,0.0116229910525881,81.05897224323141,39394.0718104,0.7083979348545703,1.0,0.0005682685421093,-0.0020260932255071
2025-08-09 20:00:00,4258.54,4326.69,4242.14,4260.97,48507.896919,0.0005682685421093,0.0005681071386854,4217.764,3955.3085,3717.874,1,0.0897342778957059,149.88983711073752,120.76368095184884,29.126156158888666,81.18102040566744,0.1916544560310975,0.9032194345406686,0.0116988843334917,81.14050645343258,39872.0887249,1.2165878054115324,1.0,-0.0043018373750577,-0.0021401586234952
2025-08-10 00:00:00,4260.98,4332.52,4206.31,4242.64,55128.844401,-0.0043018373750577,-0.0043111168996912,4232.292,3983.251,3724.190833333333,1,0.0769734554159127,150.70897316450282,126.75273939437966,23.956233770123163,84.3973760909769,0.1894099030558403,0.8438042169318644,0.011991786531165,78.3880652165771,41550.28377435,1.3267982644930183,0.9,-0.013680161408934,0.0159133165513945
2025-08-10 04:00:00,4242.67,4264.54,4175.56,4184.6,31757.664199,-0.013680161408934,-0.0137745970694867,4231.154,4008.3255,3729.5326666666665,1,0.0686831849547715,145.00329374036392,130.4028502635765,14.600443476787405,84.72470637019282,0.179821188946415,0.7445601235173074,0.0127802767497263,70.26082311395132,42584.2844591,0.7457601930473104,0.75,-0.0010299670219376,0.0213769190765369
2025-08-10 08:00:00,4184.6,4232.4,4160.07,4180.29,30313.711484,-0.0010299670219376,-0.0010304978024597,4225.410000000001,4034.48,3735.2295,1,0.0669258078594818,138.53675523153288,132.02963125716778,6.507123974365101,83.83937020089333,0.1632153214910328,0.7214312023684413,0.0125138284176637,69.68305313441678,43223.9892113,0.7013168390314868,0.7,0.0089060806786134,0.0015537633942365
2025-08-10 12:00:00,4180.29,4237.82,4160.51,4217.52,27316.084428,0.0089060806786134,0.0088666554520094,4217.204,4060.246,3742.3823333333335,1,0.0665142660621218,134.86152699547984,132.5960104048302,2.26551659064964,83.37298661511521,0.1480737345149171,0.7615932632986104,0.0124578141615084,71.83739680333,43595.6380037,0.6265783844173047,0.85,0.0075115233596994,0.0272159674434041
2025-08-10 16:00:00,4217.4,4259.71,4214.01,4249.2,15761.770919,0.0075115233596994,0.0074834523511578,4214.85,4081.346,3750.9045,1,0.0464643778028974,132.9723706624418,132.67128245635251,0.3010882060892754,80.68205899974983,0.1427530904668104,0.7880996707184007,0.0107060856198012,73.55919041012174,40984.587698350006,0.3845780036878241,0.9,0.0004542031441212,0.0034909245027619
2025-08-10 20:00:00,4249.18,4254.94,4185.85,4251.13,22257.482472,0.0004542031441212,0.0004541000250966,4216.548000000001,4102.0625,3760.112666666667,1,0.0601453883464881,130.1308678868431,132.16319954245066,-2.0323316556075213,79.85405478548194,0.1352492294994083,0.7686865304080401,0.0107440379217744,73.66482383045562,39461.2883347,0.5640333453692145,0.9,0.0137516377998321,-0.0053750245657828
2025-08-11 00:00:00,4250.91,4342.99,4238.1,4309.59,60621.007728,0.0137516377998321,0.0136579420317116,4241.546,4124.139499999999,3770.193833333333,1,0.0638887723135488,131.08512220354623,131.94758407466978,-0.8624618711235428,81.6423365865189,0.1307230030295121,0.8439874875305108,0.0108971194586622,76.70114283460478,40903.4718927,1.482050420732597,1.0,-0.0082165588837916,-0.0044025703986381
2025-08-11 04:00:00,4309.59,4350.0,4266.66,4274.18,29953.084347,-0.0082165588837916,-0.0082505008557434,4260.324,4142.343500000001,3780.5825,1,0.0249832134292566,127.51418046075196,131.06090335188622,-3.546722891134266,81.76359825891042,0.1246727383407925,0.7552807439319164,0.0112304303007637,71.3361099072804,40583.6941386,0.7380571183270128,0.95,-0.020853122704238,0.0107927186409207
2025-08-11 08:00:00,4274.17,4285.22,4171.1,4185.05,33117.536659,-0.020853122704238,-0.0210736198234151,4253.83,4154.6255,3789.618,1,-0.0012505101078922,116.15319555730048,128.07936179296908,-11.926166235668603,84.07476981184539,0.116135905775583,0.5630558023014097,0.0125470289440295,59.96614002047785,39122.8062685,0.8465020743070982,0.5,0.034568284727781,0.0258995005825173
2025-08-11 12:00:00,4185.05,4332.0,4166.07,4329.72,66521.641623,0.034568284727781,0.0339842234951273,4269.934,4175.3285,3801.513333333334,1,0.028678953007952,117.4690826493852,125.95730596425231,-8.488223314867113,89.92157196814217,0.1083842821243197,0.8411665402062419,0.0141707047881276,68.68942708425375,40962.16070765,1.6239778486728258,1.0,-0.0162135195809428,0.0335615636299582
2025-08-11 16:00:00,4329.72,4367.05,4234.0,4259.52,58323.815003,-0.0162135195809428,-0.0163463969199809,4271.612,4192.401,3813.8653333333336,1,0.0002277770602669,111.56136931527,123.07811863445586,-11.516749319185877,93.00217397041774,0.0932557218566465,0.6716750463452686,0.0149322703522094,61.66755748805668,42919.85969765,1.35890041146135,0.8,-0.0084117459244236,0.0598283008666409
2025-08-11 20:00:00,4259.5,4259.5,4189.0,4223.69,24334.240448,-0.0084117459244236,-0.0084473243172612,4254.432000000001,4205.861,3826.1288333333337,1,-0.0087491815243948,102.8032307279691,119.02314105315853,-16.219910325189417,91.3963044011022,0.0772116680707721,0.554902122496344,0.0151434323482065,58.38681580643665,39876.9560954,0.6102331479309443,0.55,0.0147240919669768,0.0844094983933987
2025-08-12 00:00:00,4223.68,4311.91,4218.24,4285.88,29597.597993,0.0147240919669768,0.0146167449667163,4256.772,4217.128500000001,3838.750333333334,1,0.0101917673901155,99.73092008859749,115.16469686024632,-15.433776771648835,91.55871122959492,0.0717881104492186,0.7270977445558637,0.0143819359660241,62.15066311062391,38527.17216505,0.7682265873603233,0.9,0.0069787301557673,0.082005131057157
2025-08-12 04:00:00,4285.88,4322.0,4266.13,4315.79,31071.741695,0.0069787301557673,0.0069544915230522,4282.92,4232.4205,3852.0216666666665,1,0.0313506667303922,98.57328730745304,111.84641494968768,-13.27312764223464,89.00951757033813,0.0585260675194444,0.8365650718319401,0.013946709700762,63.84444177584721,39063.26694625,0.7954209702366645,0.95,-0.0057463407626414,0.0704124233902261
2025-08-12 08:00:00,4315.79,4332.82,4257.88,4290.99,26394.356985,-0.0057463407626414,-0.0057629145014531,4275.174000000001,4244.4305,3865.062666666666,1,0.0264814163610658,94.56462017342346,108.39005599443485,-13.825435821011368,88.00455202959968,0.0443305931836772,0.7474487923061619,0.0140160473517796,61.39128633546632,39398.6118466,0.669931140918554,0.85,0.0422303477752219,0.0900843172509301
2025-08-12 12:00:00,4290.96,4481.35,4277.94,4472.2,112470.285383,0.0422303477752219,0.0413629820243366,4317.71,4259.5405,3881.944333333333,1,0.060386198524251,104.80176563623807,107.67239792279548,-2.870632286557395,96.24779831319977,0.0615885550487151,1.3106287854112637,0.0155012262236841,70.35469280858432,40795.02866915,2.7569605673068747,1.0,0.0100532176557399,0.0424527941390144
2025-08-12 16:00:00,4472.2,4519.35,4440.56,4517.16,68375.367693,0.0100532176557399,0.0100030202133167,4376.404,4275.884,3900.847833333333,1,0.0630612821236937,115.21455178931228,109.18082869609884,6.033723093213439,95.00081271939978,0.0788962018355598,1.215207587733779,0.015566480165247,72.08624222381889,41991.16309955,1.6283275490821725,1.0,0.0161694516023342,0.0485517421469516
2025-08-12 20:00:00,4517.23,4640.42,4504.15,4590.2,70107.945838,0.0161694516023342,0.0160401183227033,4437.268,4294.9435,3920.7795,1,0.0797599697021731,127.88628394013358,112.9219197449058,14.964364195227787,97.94861181087126,0.0997247744333266,1.1893486819781738,0.0158079105647456,74.67422198823026,43491.93776665,1.6119756772888465,1.0,0.0123197246307351,0.0345364216871087
2025-08-13 00:00:00,4590.2,4656.76,4564.66,4646.75,54266.684362,0.0123197246307351,0.012244454398397,4503.46,4314.3535,3940.832833333333,1,0.0782348204817626,140.86799677692852,118.51113515131034,22.35686162561818,97.53085382438049,0.1216323137537788,1.1334199643615686,0.0158217590476726,76.49151027771023,44809.93802895,1.2110412722941135,1.0,-0.0046139775111636,0.0273430776001278
2025-08-13 04:00:00,4646.76,4683.36,4608.0,4625.31,46918.260128,-0.0046139775111636,-0.0046246547611204,4570.324,4332.5705,3960.319166666666,1,0.0821514302158543,147.72320772567764,124.3535496661838,23.36965805949383,95.94722140835329,0.135598322052879,0.9982890837245008,0.0159314049415866,74.31425176731658,44730.45618940001,1.048910834473413,0.95,0.0139255530980626,0.0265112191859497
2025-08-13 08:00:00,4625.32,4716.42,4608.86,4689.72,42707.783908,0.0139255530980626,0.0138294834382409,4613.828,4354.9245,3980.401,1,0.1205887623803778,156.54876379406323,130.7925924917597,25.756171302303528,96.77670559347092,0.1510512731792624,1.0089493823042677,0.0159390006685909,76.48017951497468,44109.40316475,0.9682240258043184,1.0,-0.0054011753366938,0.0063307827509385
2025-08-13 12:00:00,4689.72,4737.0,4615.51,4664.39,80074.033595,-0.0054011753366938,-0.0054158144201679,4643.274,4378.914,4000.203666666667,1,0.0772959914266973,159.65871497249557,136.56581698790689,23.09289798458866,98.54194090822298,0.1577092669357134,0.9133766809706456,0.0155266344970973,73.84307060958778,46525.22163455,1.7210887080554258,0.95,0.0161521656636771,-0.0093951158899754
2025-08-13 16:00:00,4664.5,4751.46,4660.66,4739.73,52206.494429,0.0161521656636771,0.0160231072959931,4673.18,4406.886,4020.9168333333337,1,0.1127380549921115,166.2858423633188,142.50982206298926,23.77602030032955,97.9889451290642,0.1662846733628691,0.9542100034554384,0.0156181692087242,76.4446864367128,47619.8607818,1.096317661830565,1.0,0.0021541311424913,-0.0431748552183778
2025-08-13 20:00:00,4739.29,4784.69,4698.0,4749.94,41881.203566,0.0021541311424913,0.0021518143285525,4693.818,4433.507,4041.7995,1,0.124594844792113,170.39751376794356,148.08736040398014,22.310153363963423,97.18187761984532,0.173415731693138,0.9115720533103472,0.0156344413027481,76.78171855258896,48348.1167387,0.8662427079083393,1.0,0.0051263805437542,-0.0432970214816851
2025-08-14 00:00:00,4750.0,4779.25,4709.0,4774.29,45696.123896,0.0051263805437542,0.0051132853897762,4723.614,4459.7615000000005,4062.089,1,0.1139579269601576,173.61950687677472,153.19378969853906,20.42571717823565,95.25817207557064,0.1801951710572081,0.8913859410433592,0.0156320182742514,77.60471305689876,49844.83438755,0.9167674937127236,1.0,-0.0054458359253417,-0.0290928985833823
2025-08-14 04:00:00,4774.29,4790.66,4716.53,4748.29,40344.215125,-0.0054458359253417,-0.005460718546606,4735.328,4484.6195,4082.023833333333,1,0.1002134024129997,172.09121649905774,156.9732750586428,15.117941440414938,93.7490169273156,0.1822080613906274,0.8226772553997166,0.0157961521877466,74.56548172656264,50749.1710202,0.7949728894870333,0.9,-0.0062548833369486,-0.0222639845432561
2025-08-14 08:00:00,4748.29,4766.01,4673.84,4718.59,42073.762398,-0.0062548833369486,-0.006274527075429,4746.168,4505.0695,4101.403499999999,1,0.0996506633667289,166.56345376439094,158.89131079979242,7.672142964598521,93.63623000393592,0.1830835650603624,0.7588741714794649,0.01589013226882,71.13822626435643,49821.8087537,0.8444848440970223,0.8,-0.0211270739776078,-0.0174527555911383
2025-08-14 12:00:00,4718.58,4736.36,4451.16,4618.9,199542.177364,-0.0211270739776078,-0.0213534446491836,4722.002,4522.3055,4117.572666666667,1,0.0328026474665712,152.381947875243,157.5894382148825,-5.207490339639548,107.3193564322262,0.1773518020666255,0.6204361588357319,0.0166833057201201,61.00287544198851,58301.26340455,3.422604686615199,0.55,-0.0176275736647253,-0.0401402814452202
2025-08-14 16:00:00,4619.16,4623.91,4479.37,4537.48,60560.793141,-0.0176275736647253,-0.0177847896386245,4679.51,4539.927000000001,4132.032,1,0.0044984016505944,133.0394922883006,152.67944902956614,-19.639956741265536,109.97797382992432,0.1629817726566326,0.496692909630185,0.0164441115165262,54.209642846006936,59673.42622865,1.0148703865092292,0.45,0.002031964879184,-0.0333245554532734
2025-08-14 20:00:00,4537.49,4573.31,4454.0,4546.7,33947.898524,0.002031964879184,0.0020299032308744,4633.992,4550.776,4145.790333333333,1,-0.0094767112544115,117.10452574823648,145.5644643733002,-28.459938625063728,110.6445471277869,0.1569728439532737,0.4942940995588872,0.0148073107301436,54.823159755368266,58044.7390737,0.584857457639632,0.45,0.019330503442057,-0.0225671861717491
2025-08-15 00:00:00,4546.7,4650.0,4537.36,4634.59,36591.265122,0.019330503442057,0.0191460426171736,4611.252,4569.5295,4162.1635,1,-0.0026168827675256,110.2965089348163,138.51087328560345,-28.21436435078715,110.78707947580214,0.1455616347302938,0.5978135422573762,0.014567691936306,60.285677834415125,56958.11157965,0.6424241272611525,0.6,0.0013830781147845,-0.043393387230601
2025-08-15 04:00:00,4634.6,4663.0,4605.49,4641.0,26350.195658,0.0013830781147845,0.001382122543234,4595.734,4590.395,4179.2895,1,0.0033922050630119,104.21699138658369,131.6520969057995,-27.435105519215824,106.98157379895916,0.1277438276230844,0.586298539614791,0.0142786228317075,60.65929125080196,57058.90934015,0.4618068582579522,0.6,-0.0014436543848308,-0.0405150119845
2025-08-15 08:00:00,4641.0,4666.48,4612.5,4634.3,23771.046671,-0.0014436543848308,-0.0014446974578344,4598.814,4607.816,4195.297,0,-0.0118173366426993,97.7317056563552,124.86801865591065,-27.136312999555457,103.19574709903348,0.1120058031430377,0.5513154245398008,0.0141453250520927,60.02366869299309,56767.58177405,0.4187433378017591,0.5,-0.0438145998316897,-0.0533941367939003
2025-08-15 12:00:00,4634.3,4670.68,4395.26,4431.25,97073.368747,-0.0438145998316897,-0.0448034515029037,4577.568,4613.589,4209.6405,0,-0.0499829559706629,75.33916890866749,114.96224870646202,-39.62307979779453,115.49747944910251,0.1022516383795631,0.1134814066963783,0.0176978564249976,44.72732141921999,60067.66312665,1.6160670100037873,0.1,-0.0108118476727785,-0.0065940473533099
2025-08-15 16:00:00,4431.24,4461.66,4372.61,4383.34,48400.430453,-0.0108118476727785,-0.0108707204312457,4544.896,4618.206499999999,4223.177000000001,0,-0.0751920468043537,53.114712266933566,102.59274141855632,-49.47802915162276,113.60837377416664,0.0922140426254619,-0.0515065389243023,0.0178422241210103,42.00714998038328,61167.96680005,0.7912708724031096,0.05,0.0127893341607083,0.0081896339296335
2025-08-15 20:00:00,4383.36,4493.57,4367.66,4439.4,28719.333367,0.0127893341607083,0.0127082413103682,4505.858,4616.5665,4236.964333333333,0,-0.065377667928437,39.56911561296056,89.98801625743718,-50.41890064447662,114.48706136172616,0.0943788120608168,0.0933806861479166,0.0153160180139038,46.13515667389632,56980.41919925,0.5040210965555342,0.15,-0.0014956976167949,-0.003710252073681
2025-08-16 00:00:00,4439.4,4490.0,4425.27,4432.76,24686.199851,-0.0014956976167949,-0.0014968172890753,4464.21,4612.3465,4251.1155,0,-0.0715352439839221,27.975851959699867,77.58558339788972,-49.609731438189854,110.93298555017424,0.0990411698754215,0.1068701697083143,0.015123409783544,45.72003807377862,54795.96080715,0.4505113057124978,0.15,0.0042614533608855,0.004598488234865
2025-08-16 04:00:00,4432.76,4464.76,4408.05,4451.65,23593.651845,0.0042614533608855,0.0042523990823218,4427.68,4605.419,4264.640666666667,0,-0.0624730166017661,20.08089209506852,66.08464513732548,-46.00375304225696,107.05991515373324,0.1037207608465595,0.1780903856322134,0.014645674997123,47.17622846561744,52470.2461075,0.449657731672571,0.25,-0.0143227791942311,0.0036205613184951
2025-08-16 08:00:00,4451.7,4459.25,4373.61,4387.89,28522.679389,-0.0143227791942311,-0.0144263402401796,4419.008,4592.476,4277.443333333334,0,-0.0700844955802474,8.580272348191102,54.58377057949861,-46.00349823130751,105.5299212141809,0.11145267419395,0.100295974218945,0.0145406851440828,42.98451408726275,51183.04585885,0.5572681131103138,0.1,0.0029854896089007,0.0368927825507147
2025-08-16 12:00:00,4387.9,4428.27,4375.5,4400.99,19193.677119,0.0029854896089007,0.0029810418850217,4422.538,4581.26,4289.713,0,-0.0471778994998809,0.5170486451024772,43.77042619261939,-43.25337754751691,101.76135541316802,0.1172315534869455,0.1643443215801488,0.0145889075265937,44.08380775015742,49796.8167084,0.3854398410925392,0.15,0.003971833610165,0.0360471057631154
2025-08-16 16:00:00,4400.32,4442.15,4391.0,4418.47,9835.625326,0.003971833610165,0.0039639667028694,4418.352000000001,4567.6975,4301.957666666666,0,-0.0262282147800099,-4.411768200850929,34.133987313925324,-38.54575551477625,98.14625859794172,0.1193691110238963,0.2263095969558285,0.014167056099291,45.59126275194696,48153.2087793,0.2042569036485086,0.2,0.0008894481573937,0.0097056338290511
2025-08-16 20:00:00,4418.47,4437.84,4402.82,4422.4,7711.386347,0.0008894481573937,0.0008890528327779,4416.280000000001,4555.598,4314.279166666666,0,-0.0273385092484659,-7.909596006645188,25.725270649811225,-33.63486665645641,93.6372401266602,0.1211003896596611,0.2585613635717975,0.0141779145952054,45.94410908038446,44535.0764169,0.1731530956590817,0.25,0.0068130426917512,0.0118210068399496
2025-08-17 00:00:00,4422.48,4459.22,4394.56,4452.53,16482.614581,0.0068130426917512,0.0067899387955816,4416.456,4541.238,4327.534666666667,0,-0.0392828707609519,-8.156388777490974,18.948938764350785,-27.10532754184176,91.56743726047016,0.1170259599910533,0.3330807932674431,0.0136739016676256,48.69136238128024,42748.8824245,0.385568315384862,0.5,0.0032835264445156,-0.0289498708134593
2025-08-17 04:00:00,4452.54,4491.14,4443.96,4467.15,24905.976532,0.0032835264445156,0.0032781474430724,4432.307999999999,4527.0985,4340.283833333333,0,-0.0374595992243051,-7.090526831259012,13.741045645228828,-20.83157247648784,88.39690602757946,0.1101758852480989,0.3798090332901129,0.0136987486868864,50.018743895215,41900.1210728,0.5944129967721749,0.55,0.0189494420379885,-0.0469290355462454
2025-08-17 08:00:00,4467.15,4575.82,4458.85,4551.8,32313.579678,0.0189494420379885,0.018772137737863,4462.469999999999,4515.974,4352.3605,0,-0.0178020413007358,0.5780604694209615,11.108448610067253,-10.530388140646291,90.43784131132374,0.0986332816572709,0.5804309884166603,0.014456692084836,56.96142804416657,41230.9938619,0.7837206104279663,0.7,0.0021398128213014,-0.0619559970733251
2025-08-17 12:00:00,4551.81,4565.63,4518.32,4561.54,16285.367506,0.0021398128213014,0.0021375266825381,4491.084,4506.6365,4364.4395,0,0.029402538787024,7.356605386255978,10.358079965305,-3.0014745790490203,87.35728121765779,0.0874989984133694,0.6392337176424185,0.0144688407330883,57.68968258746149,40028.05148095,0.40684886981697,0.75,-0.0223696383238993,-0.0473699120094034
2025-08-17 16:00:00,4561.42,4566.43,4425.76,4459.5,33081.916712,-0.0223696383238993,-0.0226236336860893,4498.503999999999,4493.682,4374.2970000000005,1,0.0173748785172949,4.443652197040137,9.175194411652026,-4.731542214611888,91.16533255925368,0.0766521541823497,0.4007636528999157,0.0151562823979633,48.44180909383647,39578.45919665,0.8358566094659925,0.55,0.0030048211682922,-0.022814204697769
2025-08-17 20:00:00,4459.51,4534.37,4456.97,4472.9,16427.265618,0.0030048211682922,0.0030003157162942,4502.578,4486.382,4383.677,1,0.0075460647835292,3.1797298727587986,7.97610150387338,-4.796371631114582,90.18209451930694,0.0724312666028094,0.4585110930204866,0.0145617729694371,49.58475234471061,30422.71360935,0.539967138662848,0.65,-0.0339578349616578,-0.0353019428388753
2025-08-18 00:00:00,4472.89,4482.96,4278.1,4321.01,80581.251067,-0.0339578349616578,-0.0345477966141989,4473.35,4475.5585,4390.036999999999,0,-0.0252100271614073,-9.963340094957855,4.3882131841071335,-14.35155327906499,98.37337348221357,0.078524401130943,0.0602428359872895,0.0159090390917755,39.024516924928925,31423.73650565,2.564343392215992,0.05,-0.0146956382882705,-0.0233195825057437
2025-08-18 04:00:00,4321.0,4349.32,4230.0,4257.51,55768.856103,-0.0146956382882705,-0.0148046888780304,4414.492,4461.099,4395.7345000000005,0,-0.0436107959969898,-25.21260186345353,-1.5319498254049997,-23.680652038048528,99.86956109062686,0.0880102716483429,-0.0185362070032156,0.0161067308035196,35.610018781714246,32514.784384600003,1.715184558610016,0.05,0.0039224805109088,-0.0049241030191135
2025-08-18 08:00:00,4257.5,4319.89,4226.03,4274.21,49532.079621,0.0039224805109088,0.0039148076421368,4357.026,4443.08,4401.670166666667,0,-0.0259076686060955,-35.54051234460076,-8.33366232924415,-27.206850015356608,99.44030672701072,0.0879845164994723,0.0680215134484593,0.0153240712126127,37.16707415537732,33161.82510955,1.4936475739007398,0.1,0.0167258978852231,0.0086988918390112
2025-08-18 12:00:00,4274.21,4369.86,4270.72,4345.7,68003.36816,0.0167258978852231,0.0165875604691237,4334.2660000000005,4428.3150000000005,4408.190333333333,0,-0.0125630823973696,-37.52425403387952,-14.171780670171223,-23.35247336370829,99.4188562465099,0.0800244471353364,0.2668702388449318,0.0159740864202919,43.46916512619563,35244.48373465,1.9294755080535813,0.2,0.0021860689877351,-0.0352258289776971
2025-08-18 16:00:00,4345.71,4385.77,4300.11,4355.2,28357.365654,0.0021860689877351,0.0021836830155593,4310.726,4414.36,4413.1015,0,-0.0143194363659819,-37.89300602366984,-18.916025740870943,-18.97698028279889,98.43608080033069,0.069008137069555,0.3057951310355557,0.016015164086914,44.26910327243705,35473.7996838,0.7993890112355262,0.25,-0.0094829169728141,-0.0493279914906636
2025-08-18 20:00:00,4354.93,4388.18,4305.36,4313.9,28174.70177,-0.0094829169728141,-0.0095281661197826,4309.304,4408.4925,4418.167333333334,0,-0.0245341895803183,-41.044672043891296,-23.34175500147502,-17.702917042416278,97.32064645744995,0.0717645480118077,0.2010100135801209,0.0129552403395071,41.51852472792549,32028.86633495,0.8796659074772084,0.15,-0.0219754746285262,-0.0558161599722104
2025-08-19 00:00:00,4313.83,4356.23,4214.24,4219.1,60747.307366,-0.0219754746285262,-0.0222205321947975,4301.622,4400.2805,4420.9725,0,-0.0524263733203368,-50.60857366037271,-28.79511873325456,-21.813454927118155,100.5113145676321,0.0810527524136908,-0.007999546547631,0.0136122492508465,35.990674353139525,32646.2101806,1.8607767036340124,0.05,0.0036998411983597,-0.0177526908592877
2025-08-19 04:00:00,4219.09,4250.37,4194.0,4234.71,44698.394543,0.0036998411983597,0.0036930136213648,4293.722,4390.046,4422.051,0,-0.0520331755145897,-56.27968092501942,-34.29203117160753,-21.987649753411887,97.35836352708696,0.0871072220111827,0.0937916157837461,0.0132456525717998,37.46706879478939,33445.163239400004,1.3364681231498117,0.1,0.0175454753690336,-0.0107746740040987
2025-08-19 08:00:00,4234.7,4317.13,4218.66,4309.01,24007.738959,0.0175454753690336,0.0173933305732795,4286.384,4383.8585,4424.029666666666,0,-0.0533393382837559,-54.154426720113406,-38.26451028130871,-15.889916438804695,97.43776613229504,0.08817391112419,0.3063638369743106,0.0139690473085645,44.07867797020177,33411.240194800004,0.7185527630529701,0.25,-0.0271988229314853,-0.0259811217778631
2025-08-19 12:00:00,4309.01,4340.0,4170.0,4191.81,62762.290862,-0.0271988229314853,-0.0275755577909966,4253.706,4370.8665,4423.743,0,-0.0810537669295894,-61.22148480208034,-42.85590518546304,-18.365579616617303,102.62078283713112,0.0950346175769472,0.068937029146413,0.0150377491421916,37.36727525071981,35369.67214565,1.7744662886200635,0.05,-0.0119160935252314,0.0154956175789467
2025-08-19 16:00:00,4191.82,4206.41,4114.18,4141.86,44866.233803,-0.0119160935252314,-0.0119876592584927,4219.298000000001,4358.5650000000005,4421.7981666666665,0,-0.0712277161116717,-70.04528831584776,-48.29378181153998,-21.751506504307777,101.8785840630503,0.1056005711931962,0.0291754093723435,0.0149508617650475,34.926475944443695,36186.84986635,1.23984911559602,0.05,-0.0159710854543609,0.0488913630116137
2025-08-19 20:00:00,4142.08,4164.85,4067.41,4075.71,38091.645006,-0.0159710854543609,-0.0160999976607528,4190.62,4342.301,4418.7105,0,-0.0887992130385207,-81.4372108600719,-54.92246762124637,-26.51474323882553,101.56154234426104,0.1197032395308175,-0.0128845954997656,0.0151658589605095,31.9500741992014,37131.7482607,1.0258511055973076,0.05,0.0160879944843965,0.0624835721514384
2025-08-20 00:00:00,4075.61,4158.88,4062.66,4141.28,44141.756039,0.0160879944843965,0.0159599541504541,4171.933999999999,4328.4415,4417.021166666667,0,-0.0415944420401712,-84.20379164702717,-60.77873242640253,-23.425059220624647,101.18000360538524,0.1254371518471052,0.1552861123065064,0.0157211857540396,37.624367298721936,38847.05479635,1.1362960788251952,0.1,0.0106778580535487,0.0368366269607866
2025-08-20 04:00:00,4141.29,4212.35,4139.52,4185.5,39056.247932,0.0106778580535487,0.0106212523226882,4147.232,4316.596500000001,4417.036166666667,0,-0.0169136420114104,-81.8842319599189,-64.99983233310581,-16.884399626813092,99.15500334785771,0.1272740673925365,0.2613784186627321,0.0160022923786382,41.18610774923104,40414.2978756,0.9663967948229548,0.2,0.0023390275952692,0.0299307722601297
2025-08-20 08:00:00,4185.5,4241.91,4150.08,4195.29,35743.649236,0.0023390275952692,0.0023362963284001,4147.928,4303.7345,4417.286166666667,0,-0.0184642308169229,-78.35279081520548,-67.67042402952575,-10.682366785679733,98.63178882301077,0.1264525023168574,0.3007333446684995,0.0158942955130366,41.976064156355584,41377.34960835,0.8638457894071322,0.3,0.0142779164253246,0.0201665532939489
2025-08-20 12:00:00,4195.4,4309.65,4106.8,4255.19,67163.947533,0.0142779164253246,0.0141769469310332,4170.593999999999,4293.1365,4417.914000000001,0,-0.0208274846399889,-69.91473532216514,-68.11928628805363,-1.7954490341115132,106.07594676422424,0.1221267659301992,0.4276254008768367,0.016302488173938,46.69376130401551,43490.2481584,1.5443450055372356,0.45,0.0214796519074356,-0.0025082044420585
2025-08-20 16:00:00,4254.9,4365.11,4254.31,4346.59,44951.032521,0.0214796519074356,0.021252215260628,4224.77,4282.875999999999,4419.537166666666,0,-0.0019769470977222,-55.21580597209413,-65.53859022486174,10.322784252767605,106.41337913820816,0.1100057009547331,0.6352334656230028,0.0164848686637348,52.97640918785647,44122.12080055,1.0187867605955985,0.8,-0.0023788763145362,-0.0285011085778388
2025-08-20 20:00:00,4346.19,4377.6,4321.09,4336.25,35257.293873,-0.0023788763145362,-0.002381710336213,4263.764,4271.6115,4420.9558333333325,0,0.0051809267715987,-43.89515413403751,-61.20990300669689,17.31474887265938,102.8488520569076,0.0936705970360986,0.6615460093884626,0.0164535690743218,52.226489863870746,45070.7171189,0.7822660948568572,0.75,-0.0095589507062553,-0.0256440023767755
2025-08-21 00:00:00,4336.24,4340.12,4277.78,4294.8,26590.080925,-0.0095589507062553,-0.0096049307239789,4285.624000000001,4263.3765,4420.709333333333,1,0.0179422151643715,-37.83202059557152,-56.534326524471815,18.70230592890029,99.95536262427136,0.0849607177103415,0.5867526392997533,0.0158744023832113,49.21867811246023,44746.12532955,0.5942432049516501,0.6,0.0037720033528918,-0.0034535125773503
2025-08-21 04:00:00,4294.85,4321.29,4271.0,4311.0,14299.457901,0.0037720033528918,0.0037649071871541,4308.7660000000005,4255.2815,4421.323,1,0.0180154012907614,-31.35826046605416,-51.49911331278829,20.140852846734127,96.4078367225377,0.0731339315835915,0.6790408783626573,0.0158874422627531,50.4204919227981,44639.7349437,0.3203302600034385,0.7,-0.0074251913709116,0.0041524865982026
2025-08-21 08:00:00,4311.0,4315.15,4256.46,4278.99,21397.181684,-0.0074251913709116,-0.0074528953276735,4313.526,4253.1805,4422.888666666667,1,-0.006966797477843,-28.48237135642012,-46.89576492151466,18.413393565094545,93.71370552807068,0.0719982735081841,0.5842837198284399,0.0140561556940429,48.0030430339477,41680.53147455,0.5133615365980889,0.6,-0.0083968413106829,-0.0007605845077802
2025-08-21 12:00:00,4278.99,4328.45,4226.26,4243.06,40314.197154,-0.0083968413106829,-0.0084322933791026,4292.820000000001,4252.4580000000005,4421.444333333333,1,0.0122262220854476,-28.77080728070723,-43.27077339335317,14.499966112645945,94.31915513320848,0.0720329999764598,0.4693193959831535,0.0137868457114949,45.37333719126455,40907.79852709999,0.985489285797016,0.45,-0.0045132522283447,0.0875431486758263
2025-08-21 16:00:00,4243.07,4274.88,4208.2,4223.91,25089.066472,-0.0045132522283447,-0.0045234676994362,4270.352000000001,4249.943,4420.850833333333,1,0.0198099404615317,-30.19655272246382,-40.6559292591753,10.45937653671148,92.34492976655072,0.0721417603089857,0.4150908725798567,0.0137870064279869,43.99012180560983,39685.64786965,0.6321949575928963,0.4,0.0004782298865271,0.1389112611021273
2025-08-21 20:00:00,4223.83,4261.59,4204.02,4225.93,16506.108308,0.0004782298865271,0.0004781155710595,4256.578,4243.9545,4420.888166666667,1,0.0368573819040118,-30.80832988939528,-38.68640938521931,7.878079495824025,89.8610062117971,0.0693224996450838,0.438734174035971,0.0131839885908536,44.18341635779598,37110.78487705,0.4447792835070886,0.45,0.0126315390931699,0.13825506802501
2025-08-22 00:00:00,4225.7,4315.4,4222.5,4279.31,24332.876559,0.0126315390931699,0.0125524267140624,4250.24,4240.16,4420.778666666666,1,0.0333302746976782,-26.67831678782477,-36.284790865740405,9.606474077915635,90.07807719666872,0.0656228070674437,0.6407002010153299,0.0135322205735611,49.17506178667763,36909.5604223,0.6592567421718352,0.7,0.0113780025284448,0.0973409724288182
2025-08-22 04:00:00,4279.29,4345.4,4272.06,4328.0,26539.107357,0.0113780025284448,0.0113137599002733,4260.042,4240.865,4420.982166666667,1,0.0340461115756778,-19.254422571062605,-32.87871720680485,13.624294635742244,88.88250025404948,0.0663763556922846,0.8095457056930108,0.0136306384861719,53.2793273410596,36827.78070165,0.7206273864830244,0.9,-0.0123382624768945,0.0898437354037335
2025-08-22 08:00:00,4328.0,4354.12,4273.35,4274.6,26013.0293,-0.0123382624768945,-0.012415010784607,4266.35,4243.64,4420.709,1,0.018904533417237,-17.47838667392898,-29.79865110022968,12.320264426300696,88.30303595018877,0.0665036141271517,0.6097026629935792,0.0129572350975861,48.64016277218826,35091.06679835,0.7413006121895144,0.6,0.0799068918729237,0.1003933927592342
2025-08-22 12:00:00,4274.61,4668.14,4207.74,4616.17,166836.505467,0.0799068918729237,0.0768748261909524,4344.802000000001,4262.713,4423.1085,1,0.0848328746777467,11.360027623527458,-21.56691535547825,32.92694297900571,114.88139052517532,0.1008434247933491,1.3222481537954136,0.0219558872472663,67.89602584051426,41197.97234455,4.049629046587544,1.0,0.0468548601979563,0.0302149874764304
2025-08-22 16:00:00,4616.16,4858.62,4616.16,4832.46,123076.972776,0.0468548601979563,0.0457902978263785,4466.108,4288.8855,4428.3635,1,0.1117818795883669,51.07867098907264,-7.037798086568074,58.11646907564071,123.99414834480568,0.1532134170551344,1.3272139018522575,0.0237723694137219,74.43280530525114,46151.4340354,2.666807117663885,1.0,-0.0001779631905902,-0.0149979437496891
2025-08-22 20:00:00,4832.59,4887.5,4795.44,4831.6,50685.780054,-0.0001779631905902,-0.0001779790279178,4576.566000000001,4320.875,4432.386833333334,1,0.1142346497549726,81.54656911320035,10.679075353385612,70.86749375981474,121.71313774874815,0.1856559856504521,1.1366583784356137,0.0225206107221146,74.36796610729701,45547.608495,1.112808811017247,0.95,-0.0282825565030219,-0.0105222361918762
2025-08-23 00:00:00,4831.7,4831.7,4662.85,4694.95,58385.175063,-0.0282825565030219,-0.0286902127727309,4649.956,4348.529500000001,4433.190166666666,1,0.0931708112135605,93.5872691350869,27.260714109725868,66.32655502536103,125.0800564809804,0.1948032148437618,0.9089451329214876,0.0235325345259116,64.72054413510924,46223.555558,1.2631043708816374,0.9,0.0038807655033601,0.0198801170785078
2025-08-23 04:00:00,4694.96,4765.42,4693.72,4713.17,32298.771039,0.0038807655033601,0.0038732547582699,4737.67,4380.4025,4434.654500000001,1,0.093289260032475,103.40779172619295,42.490129633019286,60.91766209317367,121.26719530376752,0.1974622197381937,0.8847183230938378,0.0229442801256117,65.36568622649119,45933.911859650005,0.7031574218561689,0.9,-0.0017886051213938,0.00981837853129
2025-08-23 08:00:00,4713.25,4745.4,4690.91,4704.74,20591.038428,-0.0017886051213938,-0.00179020658541,4755.384,4408.5755,4434.904833333333,1,0.0994977786814177,109.2510183519762,55.842307376810666,53.40871097516553,116.49739563921268,0.1995433443518897,0.8366646136648528,0.0229417388970814,64.77547429254784,44756.3759791,0.4600693862616457,0.85,0.0097284865901199,0.0092053649238398
2025-08-23 12:00:00,4704.8,4768.29,4693.0,4750.51,35033.51784,0.0097284865901199,0.009681469554911,4738.994000000001,4436.826,4436.340166666667,1,0.1195952920769445,116.23518715163937,67.92088333177641,48.31430381986296,113.55401023641176,0.20345174877736,0.8475029877359369,0.0229339270832372,66.54190804042229,44555.2394745,0.7862940083634945,0.9,0.0016419289718367,0.01012588651846
2025-08-23 16:00:00,4750.51,4761.59,4727.15,4758.31,12261.8011,0.0016419289718367,0.0016405824801568,4724.336,4464.977000000001,4436.649833333333,1,0.1265178472079189,121.0047189787083,78.5376504611628,42.4670685175455,107.90300950523954,0.2050428364226031,0.8204033858832346,0.0229412616351239,66.84702968578807,43381.1470677,0.2826527634427095,0.9,0.0042977443672227,0.0113557361737545
2025-08-23 20:00:00,4758.3,4798.83,4737.86,4778.76,10994.457487,0.0042977443672227,0.0042885354395496,4741.098,4491.1555,4437.130166666667,1,0.1308185417174443,124.993899538621,87.82890027665444,37.16499926196657,104.55065168343674,0.2077734621174044,0.8082105555690964,0.0228729551110504,67.67924693173366,40572.6725654,0.2709818405301693,0.9,0.0021197967673622,0.0004310851941718
2025-08-24 00:00:00,4778.76,4817.69,4753.62,4788.89,22510.654804,0.0021197967673622,0.0021175531682847,4756.242,4513.2705000000005,4437.3735,1,0.1190799451313413,127.50298516774184,95.76371725487192,31.739267912869902,101.65917656319124,0.2121893498226125,0.7878027868654168,0.0225939775944971,68.10633701139899,39450.65367955,0.5706028342863386,0.9,-0.0061809730438577,-0.0128030535300927
2025-08-24 04:00:00,4789.08,4800.54,4757.69,4759.29,17587.254651,-0.0061809730438577,-0.0062001543379632,4767.152,4534.422500000001,4437.556833333334,1,0.0996511090573013,125.65451396357456,101.74187659661246,23.91263736696212,97.4585210943919,0.2130558653859953,0.7327615353711474,0.0226759876259725,65.38740069717407,38567.15171845,0.4560164250497787,0.8,-0.002401618728844,-0.0352607191672244
2025-08-24 08:00:00,4759.29,4786.8,4720.14,4747.86,36468.589098,-0.002401618728844,-0.0024045072407663,4766.622,4557.075500000001,4438.044666666667,1,0.1107144528142982,121.862526393772,105.76600655604436,16.096519837727612,95.25862673050676,0.2099768006310941,0.6993818172997619,0.022491494415301,64.31959068939743,39061.0771271,0.9336298888874888,0.65,0.0106490081847401,-0.0311212198686694
2025-08-24 12:00:00,4747.86,4830.0,4738.49,4798.42,40268.343463,0.0106490081847401,0.0105927068466522,4774.644,4581.4465,4441.036666666667,1,0.0394807816869828,121.5361255753378,108.92003035990304,12.61609521543474,94.99086767832772,0.2075615206287026,0.7281693112585143,0.0225201103586759,66.89496017866728,40359.5214052,0.9977408567043052,0.9,0.0028717786271312,-0.039052706780653
2025-08-24 16:00:00,4798.42,4957.98,4743.33,4812.2,111132.525634,0.0028717786271312,0.002867662948552,4781.332,4608.107,4445.615333333333,1,-0.0041924816759993,120.99463062556332,111.33495041303512,9.659680212528215,103.53794855844716,0.2015161696540705,0.7197837883977114,0.0223234292922075,67.58175351717621,44846.288602700006,2.47807631571343,0.9,-0.00662690661236,-0.083476602798749
2025-08-24 20:00:00,4812.21,4824.87,4708.43,4780.31,65880.165232,-0.00662690661236,-0.0066489620515429,4779.616,4634.9695,4449.508833333332,1,-0.0106155310870105,116.6475946321434,112.39747925685676,4.25011537528664,104.4595236614152,0.1890604439817616,0.6658590203280151,0.0222662950252012,64.25930712000078,46124.587006600006,1.4283090539666654,0.75,-0.0111143419569024,-0.0867826695408656
2025-08-25 00:00:00,4780.35,4797.92,4670.03,4727.18,51543.670495,-0.0111143419569024,-0.0111765677508917,4773.194,4660.133,4451.052,1,0.0068648228415639,107.67418928536608,111.45282126255864,-3.7786319771925454,106.13312911417128,0.1702383976691217,0.5845129994820908,0.0224814414903392,59.05067843293135,47447.31720775,1.0863347714542837,0.45,-0.0286386386809894,-0.0697300907307946
2025-08-25 04:00:00,4727.21,4739.54,4582.63,4591.8,52205.882595,-0.0286386386809894,-0.0290567261442638,4741.982,4678.4265,4450.232,1,-0.0257512459766993,88.61714305315672,106.88568562067826,-18.268542567521536,109.76004846315904,0.1476145205944663,0.3745640924167892,0.0237560479868316,48.306113500766536,49232.30592210001,1.060398890874725,0.2,0.001737880569711,-0.0349838501409808
2025-08-25 08:00:00,4591.81,4616.0,4520.74,4599.78,58373.824572,0.001737880569711,0.0017363722025954,4702.254,4694.450000000001,4449.656666666666,1,-0.0223094156106394,73.31310805010799,100.17117010656422,-26.85806205645624,108.72433071579054,0.1260837680292419,0.3400558058960862,0.0236826487865427,48.89638072268835,50934.35332275,1.146059992204262,0.2,0.0027175212727565,-0.0371416331849559
2025-08-25 12:00:00,4599.78,4684.2,4586.0,4612.28,52083.983793,0.0027175212727565,0.0027138354877787,4662.27,4708.664000000001,4452.673833333333,0,-0.0290979284329473,61.48444121808825,92.43382432886904,-30.949383110780783,107.9725928075198,0.1051369185777984,0.3053062544046255,0.0236173427514328,49.86213605494334,52211.59714455,0.9975558427910814,0.2,-0.0415521173909648,-0.0192956163999222
2025-08-25 16:00:00,4612.54,4645.64,4416.09,4420.63,45392.326529,-0.0415521173909648,-0.0424400918829056,4590.334000000001,4715.9655,4453.2953333333335,0,-0.0709663725146113,36.22797072328012,81.19265360775125,-44.96468288447113,116.6566933212684,0.0847831392319382,-0.2386446234781182,0.0254750953859205,38.0037538018929,53180.562006,0.8535510874044296,0.05,-0.0099329733544766,0.0394757123285909
2025-08-25 20:00:00,4420.67,4446.8,4333.34,4376.72,60273.212772,-0.0099329733544766,-0.0099826344629454,4520.242,4703.993,4452.250666666666,0,-0.084130611288284,12.524491324518747,67.45902115110475,-54.934529826586,116.42835808403495,0.1045082981254592,-0.1657217332649178,0.017765687491844,35.89728300774159,47852.39737125,1.2595651646120556,0.05,0.0059382368531686,0.0502375591982743
2025-08-26 00:00:00,4376.78,4452.2,4311.48,4402.71,48618.227858,0.0059382368531686,0.0059206750146485,4482.424,4682.5055,4451.749833333333,0,-0.0806408165566551,-4.116063661115732,53.14400418866065,-57.260067849776384,118.16347536374676,0.1157380767539831,-0.0162810300950127,0.0136643230372062,38.084811271376985,44129.46012535,1.1017181655950383,0.1,0.0061076019088244,0.0448731842400237
2025-08-26 04:00:00,4403.0,4454.44,4394.12,4429.6,28795.204218,0.0061076019088244,0.0060890261056555,4448.388000000001,4662.4055,4451.382333333333,0,-0.0692729377701294,-14.961557582497337,39.52289183442905,-54.48444941692639,114.03179855205056,0.1214475105252216,0.0888554129158684,0.0138414451710085,40.35277792050508,43034.931333550005,0.6691123542133149,0.2,-0.0004199024742641,0.0338210346943063
2025-08-26 08:00:00,4429.6,4466.38,4405.32,4427.74,26492.031126,-0.0004199024742641,-0.0004199906579946,4411.4800000000005,4649.045,4452.0465,0,-0.0674240605241097,-23.436613417396984,26.930990784063848,-50.36760420146084,110.24809865547556,0.1292335750226909,0.1316572571338911,0.0126448173200753,40.24296933281151,41440.2741367,0.639282236372523,0.2,0.0205635380577902,0.040413035441824
2025-08-26 12:00:00,4427.75,4578.59,4405.79,4518.79,65812.235667,0.0205635380577902,0.0203549630226656,4431.112,4639.325999999999,4454.0098333333335,0,-0.0582754323298085,-22.5462826508101,17.03553609708906,-39.58181874789916,114.71609160865589,0.1310684161582667,0.3017725323538413,0.0136243853908524,47.73991962341533,43115.9473681,1.526401243259987,0.3,0.0172192113375484,0.0305100941865055
2025-08-26 16:00:00,4519.0,4598.0,4497.99,4596.6,33067.978166,0.0172192113375484,0.0170726408774018,4475.088,4633.919,4456.978666666666,0,-0.0448027929013755,-15.3847268348145,10.551483510708348,-25.93621034552285,113.66565649375192,0.1307893451251889,0.4384243231308751,0.0142877556823507,53.14934838875754,43739.794355000005,0.7560158581820108,0.4,0.0008288735152068,-0.0065064845155517
2025-08-26 20:00:00,4596.52,4634.0,4562.62,4600.41,27935.295073,0.0008288735152068,0.0008285301892575,4514.628,4626.414,4459.945500000001,0,-0.037633542594518,-9.294565134705408,6.582273781625597,-15.876838916331003,110.64525245848394,0.129047205189477,0.4564440931336975,0.0140708901008198,53.40368399150245,43384.88321665001,0.6438946702587677,0.5,0.000573861894918,-0.0201160514080155
2025-08-27 00:00:00,4600.4,4626.66,4540.15,4603.05,25839.051173,0.000573861894918,0.0005736972991479,4549.318000000001,4618.651,4462.454166666666,0,-0.0262587843069229,-4.206551664423387,4.424508692415801,-8.631060356839187,108.92130585430652,0.1266177967671808,0.4733226591437745,0.0140603259330829,53.5916810243756,44063.7457203,0.5864016040991278,0.55,-0.004944547636893,-0.0129954381047475
2025-08-27 04:00:00,4603.01,4645.22,4559.96,4580.29,25594.531155,-0.004944547636893,-0.0049568123582617,4579.828,4608.7275,4464.339833333333,0,-0.0025066422753604,-1.987890949366374,3.142028764059366,-5.12991971342574,107.23121257899894,0.1229508456438054,0.4498144297293592,0.0140093846972829,51.656689798718965,44793.7494037,0.5713862200802032,0.35,0.0061720982732536,0.0040500120357727
2025-08-27 08:00:00,4580.3,4620.33,4555.92,4608.56,18407.176202,0.0061720982732536,0.0061531288886288,4597.782,4599.711,4465.285833333332,0,0.0019087869419842,2.028186715699121,2.919260354387317,-0.8910736386881957,104.17255453764186,0.1178449620403857,0.5163249788936968,0.0141014746507861,53.88395488676994,44588.5754736,0.4128227019250372,0.65,0.0106605968024717,-0.0025093146609174
2025-08-27 12:00:00,4608.56,4664.0,4575.38,4657.69,44663.532213,0.0106605968024717,0.0106041732916769,4610.0,4594.630999999999,4466.888333333333,1,0.0098454560434317,9.070775351113298,4.149563353732513,4.921211997380785,103.06165778495316,0.1142845654835295,0.6200905570916679,0.0143284774021453,57.544727835186855,45942.3893517,0.972163895767152,0.75,-0.0197973673645089,-0.0328630990437755
2025-08-27 16:00:00,4657.7,4658.29,4533.11,4565.48,26993.839457,-0.0197973673645089,-0.0199959606956762,4603.014,4585.512,4468.654666666667,1,0.0327668228284203,7.129318864886045,4.745514455963219,2.383804408922826,104.64153937174224,0.1104025292568432,0.4604307832001271,0.0149345196654421,49.58833518520522,45468.651869650006,0.5936802246608545,0.35,-0.012780693377257,-0.027631166244701
2025-08-27 20:00:00,4565.29,4613.71,4481.94,4507.13,38250.591354,-0.012780693377257,-0.0128630690705233,4583.83,4570.9475,4469.225166666666,1,0.0297962858030671,0.8722880695249842,3.970869178675573,-3.0985811091505884,106.57928655947497,0.1029741062083987,0.3644169114567975,0.0148210312961748,45.31829689720968,45367.7642642,0.8431226879783403,0.3,0.007694475198186,0.0015477708376263
2025-08-28 00:00:00,4507.14,4548.99,4466.99,4541.81,22565.897531,0.007694475198186,0.0076650237032877,4576.134,4557.428,4472.905166666667,1,0.0315941772226651,-1.273388913387862,2.9220175602628857,-4.195406473650747,104.8236232337982,0.091196417540419,0.4624225051506462,0.0149605239569756,48.17468430099554,40939.43285905,0.5512020063563636,0.4,0.0121009025036273,-0.0109520097013639
2025-08-28 04:00:00,4541.8,4600.74,4534.92,4596.77,20795.019412,0.0121009025036273,0.0120282719262102,4573.776,4548.251,4478.5595,1,0.0377392992595269,1.444310190181568,2.626476086246622,-1.182165896065054,102.03765014566972,0.0801498345705779,0.6330959337069304,0.0152895256420219,52.416786828621866,38685.17556805,0.537544914987398,0.65,-0.0003872284234366,-0.047204359866461
2025-08-28 08:00:00,4596.7,4634.58,4581.04,4594.99,21186.292773,-0.0003872284234366,-0.0003873034157226,4561.236,4541.6415,4483.905833333333,1,0.0377732206498122,3.415107947220349,2.784202458441368,0.6309054887789811,98.57353227812187,0.07246945451635,0.6620893090036346,0.0151345482056279,52.26756600167181,37167.30668195,0.5700249672190789,0.6,-0.0196931875803864,-0.0548165654345708
2025-08-28 12:00:00,4594.99,4614.95,4485.02,4504.5,45693.089305,-0.0196931875803864,-0.0198896824173609,4549.04,4537.2765,4486.5525,1,-0.0031623509833385,-2.298313843672986,1.7676991980184975,-4.066013041691484,100.81327997254172,0.0721315736928083,0.399852082482007,0.0143985884086643,45.21977925442783,36841.66701745,1.2402557485620165,0.3,-0.0145654345654344,-0.0420760824378619
2025-08-28 16:00:00,4504.49,4530.6,4437.0,4438.89,39529.471284,-0.0145654345654344,-0.0146725519204334,4535.392,4529.232,4487.9473333333335,1,-0.0343101422790758,-11.982296000712267,-0.9822998417276554,-10.999996158984612,100.29804568878876,0.0734583662136416,0.228466217916186,0.0147020920792628,40.91225233186235,35899.44935305,1.1011163679768698,0.3,0.0163982437050704,-0.0218298432925685
2025-08-28 20:00:00,4439.16,4516.32,4429.88,4511.68,15132.900268,0.0163982437050704,0.0162652445059352,4529.366,4524.201999999999,4491.243666666666,1,-0.019287411339424,-13.626301439979216,-3.511100161377968,-10.115201278601248,99.30818528244669,0.0716298464384304,0.4613599489122987,0.0152261267221612,46.949954527963946,34051.8951768,0.4444069908423259,0.45,-0.0048053053408043,-0.0336436891548401
2025-08-29 00:00:00,4511.69,4517.68,4434.9,4490.0,23766.626548,-0.0048053053408043,-0.0048168879406963,4508.012,4527.6705,4495.758666666667,0,-0.0245598027394879,-16.488513092510402,-6.106582747604455,-10.381930344905946,98.12760061941484,0.0688521051475309,0.3791603809037815,0.0119355211703086,45.45999032907026,32970.61017775,0.72084278755747,0.3,-0.0241514476614698,-0.0307440367925646
2025-08-29 04:00:00,4490.0,4498.2,4368.35,4381.56,41344.64561,-0.0241514476614698,-0.0244478763937243,4465.326,4527.9125,4498.206166666667,0,-0.0433880824139955,-27.19356765683005,-10.323979729449576,-16.86958792738048,100.3934862894566,0.0684394411516174,0.0277242295813987,0.0129883959529614,38.82334612325245,32024.181819650003,1.2910445563555657,0.05,-0.0079994339915464,0.004853969089657
2025-08-29 08:00:00,4381.56,4399.13,4319.07,4346.51,41301.054231,-0.0079994339915464,-0.0080316011243891,4433.728000000001,4525.1025,4498.831166666667,0,-0.0568615793219574,-38.06683185785732,-15.872550155131126,-22.1942817027262,98.9410944116383,0.0731902551216007,-0.0392392980495262,0.0130345010643856,36.94589522498075,31658.3231383,1.3045875503442033,0.05,-0.0069527045836775,0.0105659208563258
2025-08-29 12:00:00,4346.51,4455.25,4263.85,4316.29,82372.673223,-0.0069527045836775,-0.0069769872531318,4409.2080000000005,4519.437,4500.905833333333,0,-0.0732981370593577,-48.56267324774672,-22.410574773654247,-26.15209847409247,105.54530195366412,0.0818270473111628,-0.0493247873371097,0.0130099445322674,35.3582358466587,34337.19658855,2.3989341415969814,0.05,0.005680804579859,0.0140624593254582
2025-08-29 16:00:00,4316.3,4367.0,4296.16,4340.81,28329.41007,0.005680804579859,0.0056647296597751,4375.034,4515.0905,4504.221666666667,0,-0.0492105977903745,-54.27647863016409,-28.78375554495621,-25.49272308520788,103.0663518141167,0.0872691612533275,0.0576953190502353,0.0131007525132125,37.69764555197823,34429.06553575,0.8228341266068834,0.1,0.0045843978427988,0.0032708132273801
2025-08-29 20:00:00,4340.81,4380.14,4305.45,4360.71,14576.736205,0.0045843978427988,0.0045739214972964,4349.176,4507.1865,4508.971666666666,0,-0.0324863050322489,-56.54710702231296,-34.336425840427566,-22.21068118188539,101.03946954167984,0.0923659119861525,0.1481555517995756,0.0121769798204325,39.6078969845361,31867.29056265,0.4574200048900498,0.2,-0.0019056529785288,0.0032700740443893
2025-08-30 00:00:00,4360.6,4382.53,4257.36,4352.4,30130.652195,-0.0019056529785288,-0.0019074710452695,4343.344,4494.9765,4512.490333333334,0,-0.0417036379769301,-58.34458388770236,-39.13805744988253,-19.206526437819832,102.76307886013127,0.0953514862463158,0.1673457648445394,0.0113341640036233,39.06918938027313,31720.424264099995,0.9498817526567814,0.2,0.0114465582207519,0.0310914762639845
2025-08-30 04:00:00,4352.42,4415.88,4347.5,4402.22,28247.072678,0.0114465582207519,0.0113815420437804,4354.486,4485.067,4516.102333333333,0,-0.0423231965053723,-55.11372292596752,-42.33319054509953,-12.780532380867996,100.3071446558362,0.0946261098854898,0.3047923356876443,0.0117475247463473,43.987788471791056,31736.01314435,0.8900636809519616,0.35,-0.0022874822248776,0.0113849852902707
2025-08-30 08:00:00,4402.21,4407.41,4376.82,4392.15,12255.192041,-0.0022874822248776,-0.002290102509007,4369.657999999999,4474.522,4519.383333333333,0,-0.0441437304542556,-52.75764983143472,-44.418082402366565,-8.339567429068154,95.3273486089908,0.0932537406632057,0.3025911122840853,0.0117302278181684,43.22819366233185,31056.82018775,0.3946054994333875,0.35,-0.0034561661145451,0.0194196714263024
2025-08-30 12:00:00,4392.0,4393.65,4331.93,4376.97,15525.166459,-0.0034561661145451,-0.0034621524538194,4376.89,4464.356000000001,4521.413,0,-0.0283116883116882,-51.52143701000477,-45.83875332389421,-5.682683686110565,92.92682370834854,0.0926600882312191,0.2887531061308029,0.0117171250675415,42.04940302084681,30553.35195295,0.5081330023268039,0.3,-0.0051108415182191,0.0247657321892735
2025-08-30 16:00:00,4376.97,4376.97,4336.0,4354.6,6824.8215,-0.0051108415182191,-0.0051239465395922,4375.668,4451.658,4521.5465,0,-0.0189889814796041,-51.750256742388046,-47.02105400759298,-4.7292027347950665,89.21562201489509,0.0902862042971912,0.2585161170831083,0.0115633163927097,40.30515175265968,29974.23421785,0.2276896033572641,0.25,0.004583658659808,0.0233680673862815
2025-08-30 20:00:00,4354.61,4379.32,4333.18,4374.56,5043.984592,0.004583658659808,0.0045731856872795,4380.1,4437.5015,4522.185,0,-0.0303922263990353,-49.74753423365837,-47.56635005280606,-2.1811841808523127,86.13879187097398,0.0809800501619133,0.3248458086028565,0.011268000154362,42.59333482318182,27993.2568368,0.180185700485167,0.35,0.0259157492410664,0.0044657030656473
2025-08-31 00:00:00,4374.56,4488.77,4372.55,4487.93,25144.900797,0.0259157492410664,0.0255856276274471,4397.242,4433.624000000001,4525.403833333334,0,-0.0004610244988862,-38.56776549623646,-45.76663314149214,7.198867645255682,88.28744959447586,0.0774204846935204,0.6582096865185423,0.0122866871937905,53.49668827674042,27900.8099038,0.901224763141207,0.65,-0.0082599327529619,-0.0186949806116892
2025-08-31 04:00:00,4487.93,4491.23,4432.36,4450.86,16812.889838,-0.0082599327529619,-0.0082942350176975,4408.984,4430.8105000000005,4527.734833333334,0,0.0158162846109604,-32.32631972764375,-43.07857045872247,10.752250731078718,86.18620319487044,0.076072498018493,0.5594829765639728,0.0120944591351236,50.14303969547563,26828.924828,0.6266702801467926,0.65,0.0057472039111541,0.0029913521721536
2025-08-31 08:00:00,4450.86,4483.57,4440.6,4476.44,12945.067833,0.0057472039111541,0.0057307517406438,4428.878,4427.542,4531.025666666666,1,0.0298929485955397,-25.027337205497133,-39.4683238080774,14.440986602580267,83.09933153809394,0.0732735132740912,0.6507236460348463,0.0120322015248597,52.36227964944128,26347.8833431,0.4913133880407156,0.7,0.001889894648426,-0.0184241928620663
2025-08-31 12:00:00,4476.44,4498.8,4450.54,4484.9,21803.451908,0.001889894648426,0.0018881110443972,4454.938,4421.9485,4535.056333333333,1,0.0390636403022039,-18.34867754050356,-35.24439455456263,16.895717014059073,80.61080785680153,0.0657261370105686,0.7165979265030928,0.0116737134737673,53.10573131633056,26398.3049679,0.8259413600423481,0.75,-0.0065085063212111,-0.027388641196749
2025-08-31 16:00:00,4484.91,4490.79,4455.0,4455.71,10105.302814,-0.0065085063212111,-0.0065297790009618,4471.168,4414.9845000000005,4538.919666666667,1,0.0264697141777685,-15.23555469709845,-31.2426265830698,16.00707188597135,77.40932158131571,0.0557816506617651,0.6653658700668732,0.011732306814614,50.19494599914766,25844.25546995,0.3910076970779747,0.7,-0.0143187056608262,-0.0195298770886311
2025-08-31 20:00:00,4455.72,4477.25,4378.22,4391.91,21446.243097,-0.0143187056608262,-0.0144222075231993,4451.964,4409.355,4541.686000000001,1,0.0071547981865338,-17.712332472811795,-28.5365677610182,10.824235288206406,78.95365575407885,0.0527793296566499,0.4250395753395063,0.0113482679149039,44.45906217807151,24631.91315955,0.8706689958707129,0.5,0.0027550655637298,-0.0174432582772241
2025-09-01 00:00:00,4391.92,4432.09,4360.0,4404.01,26882.939286,0.0027550655637298,0.0027512773268983,4442.594,4407.611,4543.764333333334,1,0.011857825567503,-18.48573577318166,-26.52640136345089,8.040665590269235,78.46339462878751,0.0524462797182787,0.48442223398653,0.0109280380743694,45.7257898039471,23999.58655965,1.1201417665751676,0.65,0.013426400030881,-0.0080140838552311
2025-09-01 04:00:00,4404.0,4463.26,4357.76,4463.14,21485.385722,0.013426400030881,0.0133370646685277,4439.934,4405.184,4546.016666666666,1,0.0138384724071036,-14.16409179742368,-24.05393945024545,9.889847652821777,80.39458072673126,0.0492891575108105,0.7669211305688487,0.0107064544552057,51.54203130058698,24317.21083235,0.88354646715557,0.8,-0.0156683411230659,-0.0191186088002439
2025-09-01 08:00:00,4463.0,4491.56,4382.54,4393.21,31693.997495,-0.0156683411230659,-0.0157923870148477,4421.596,4400.3445,4547.9935,1,0.0002413396628075,-16.195235784537545,-22.48219871710388,6.2869629325663325,82.43925353196477,0.0460882033534702,0.4648207087629012,0.0112012099352428,45.35208967193488,24713.5793797,1.282452736127483,0.6,-0.0070745536862567,-0.01021014248585
2025-09-01 12:00:00,4393.21,4424.99,4345.99,4362.13,16779.177076,-0.0070745536862567,-0.0070996969964951,4402.88,4399.3730000000005,4543.7595,1,-0.0033904733183001,-20.081343058948733,-22.00202758547285,1.9206845265241164,82.19359256539585,0.0465838770929573,0.3182735090475742,0.009923951057088,42.886891925854805,23485.305953,0.7144542681104241,0.35,0.0013502577869068,-0.0150545070347101
2025-09-01 16:00:00,4361.83,4372.0,4310.0,4368.02,19539.680524,0.0013502577869068,0.0013493470086261,4398.102000000001,4400.4485,4536.0188333333335,0,0.0030817985578468,-22.42730923623457,-22.0870839156252,-0.340225320609381,80.75119309643901,0.0457515210958608,0.3389263944163037,0.0097547744421559,43.51353154664748,22397.23726765,0.8724147666293921,0.35,-0.0122320868494192,-0.0213816147875145
2025-09-01 20:00:00,4368.16,4368.16,4211.11,4314.59,39276.185516,-0.0122320868494192,-0.0123075145469745,4380.218,4400.3635,4527.402,0,-0.0137088072857614,-28.271957275575005,-23.32405858761516,-4.947898687959846,86.20110787526481,0.045882654131518,0.0751691503821819,0.0100287186247119,39.301025815009055,20242.4128823,1.9402916907372816,0.05,0.0121842399857228,0.003060058657795
2025-09-02 00:00:00,4314.6,4396.41,4291.01,4367.16,27119.627694,0.0121842399857228,0.0121106096170752,4361.022,4401.6810000000005,4521.938833333334,0,-0.0269099562604586,-28.33529169641952,-24.326305209376034,-4.008986487043483,87.57245731274587,0.0447392863833617,0.3247024888011943,0.0103227787649055,44.948129227293,20181.9237635,1.3437583062843186,0.3,0.0023218750858682,-0.0072104826661302
2025-09-02 04:00:00,4367.17,4416.94,4361.05,4377.3,17539.819331,0.0023218750858682,0.0023191836991484,4357.84,4402.5105,4516.341,0,-0.0165271430689798,-27.25311448544108,-24.911667064589047,-2.3414474208520275,85.30942464754969,0.0442213907663798,0.3705062935671288,0.0102863003419985,45.99185948896228,20330.0779198,0.8627521940738606,0.45,-0.006759874808672,-0.0150917836317024
2025-09-02 08:00:00,4377.23,4407.77,4340.74,4347.71,18641.698944,-0.006759874808672,-0.006782826253459,4354.956,4402.276,4510.3905,0,-0.0287572267248079,-28.45513388441213,-25.620360428553667,-2.834773455858468,84.00375145843905,0.044452280578993,0.2211627411628985,0.0103962723679188,43.40570366812016,19755.63025725,0.9436144886928522,0.1,-0.0119189182351168,0.0057580217711869
2025-09-02 12:00:00,4347.7,4397.5,4270.37,4295.89,64818.424664,-0.0119189182351168,-0.0119905180378984,4340.530000000001,4396.9595,4502.8135,0,-0.0421436375392983,-33.20640111854209,-27.13756856655135,-6.068832551990738,87.08419778283627,0.049251667382876,0.0332904217388635,0.0103547010993174,39.24388771259608,21584.19785655,3.003049967146684,0.05,-0.0049768499658976,0.0424114777749111
2025-09-02 16:00:00,4295.99,4331.68,4258.0,4274.51,32156.965458,-0.0049768499658976,-0.0049892757282699,4332.514,4391.0775,4494.750166666667,0,-0.040666919525732,-38.25601047726468,-29.36125694869402,-8.89475352857066,86.12675508406227,0.0549969337478458,0.0173104426791484,0.0103873731608665,37.64033045092528,22579.2865274,1.4241798747262218,0.05,0.0122095865958904,0.0465132789099588
2025-09-02 20:00:00,4274.51,4337.69,4266.4,4326.7,19701.054011,0.0122095865958904,0.0121356508020819,4324.4220000000005,4388.564,4487.215833333334,0,-0.0148477541661827,-37.61298635116691,-31.0116028291886,-6.60138352197831,85.06698686377212,0.056451443504691,0.2502873696461031,0.0107991592996138,43.68912713644695,22788.080905,0.8645332660143985,0.2,0.0019136986617975,0.0285952538791859
2025-09-03 00:00:00,4326.71,4356.23,4283.33,4334.98,21467.111685,0.0019136986617975,0.0019118698733085,4315.9580000000005,4387.5830000000005,4479.650666666666,0,-0.0156743513298109,-36.020041678570124,-32.0132905990649,-4.0067510795052215,84.19791637350265,0.0570856560533255,0.2899812005930213,0.0107562129667043,44.60713569027828,23520.19541425,0.9127097503617632,0.25,-0.005559425879704,0.0149631914290427
2025-09-03 04:00:00,4334.97,4342.93,4289.51,4310.88,16960.945902,-0.005559425879704,-0.0055749370031001,4308.592,4384.399,4472.177166666666,0,-0.0341149952723867,-36.28403042022728,-32.86743856329738,-3.416591856929905,81.99949377539532,0.0591004021363882,0.216274032778776,0.0107593541563743,42.43850341048335,24116.04347975,0.7033054952086952,0.15,0.0140899305942174,0.0144564028039458
2025-09-03 08:00:00,4310.87,4386.0,4303.19,4371.62,22624.57978,0.0140899305942174,0.0139915901852915,4323.738,4378.5835,4465.9065,0,-0.0049144019976281,-31.23200985690709,-32.54035282201932,1.3083429651122245,82.05738707715284,0.0550769281740039,0.4711248510233534,0.0094684470438317,49.14857476713114,23990.0274289,0.9430826974689036,0.55,0.0247345377686074,0.0084210078901091
2025-09-03 12:00:00,4371.63,4486.4,4341.33,4479.75,43095.925486,0.0247345377686074,0.0244335915044842,4364.786,4380.028,4460.595333333333,0,0.0269638914933758,-18.29219876191928,-29.69072200999932,11.398523248080036,86.55828800021334,0.0569093702482413,0.900064774291485,0.0109455283238438,58.43727896185274,25304.1792113,1.703114933155184,0.95,-0.0008750488308499,-0.0393355011674109
2025-09-03 16:00:00,4479.73,4490.49,4455.06,4475.83,16400.719361,-0.0008750488308499,-0.0008754319095695,4394.611999999999,4379.9975,4454.989166666667,1,0.0246816635454965,-8.258418573402196,-25.404261322679893,17.145842749277698,82.90626742876948,0.0568667858582986,0.8847514567274746,0.0108745631933455,58.023488584345074,25476.9617877,0.6437470644132335,0.9,-0.0057084384348825,-0.0453219062493782
2025-09-03 20:00:00,4475.37,4482.99,4434.34,4450.28,8478.554962,-0.0057084384348825,-0.0057247938418201,4417.6720000000005,4378.2665,4449.488666666667,1,0.0314491064040847,-2.341258384982212,-20.79166073514036,18.450402350158143,80.45939118385736,0.0545964995929088,0.8012637840540116,0.010939405477839,55.27611671210169,24810.7169404,0.3417295430183288,0.8,-0.0117183637883457,-0.0344821082848783
2025-09-04 00:00:00,4450.29,4483.0,4389.73,4398.13,27218.279293,-0.0117183637883457,-0.0117875649608795,4435.122,4375.3875,4444.004499999999,1,0.0070915652277452,-1.838739623285619,-17.001076512769412,15.162336889483791,81.37443467072472,0.0523797282627317,0.5992335299908116,0.0111541757903504,50.06537902440042,25666.36576435,1.0604648723118244,0.75,-0.0060662145048009,-0.0154759729211686
2025-09-04 04:00:00,4398.14,4416.08,4356.0,4371.45,23281.91152,-0.0060662145048009,-0.0060846887343272,4435.088,4374.364500000001,4440.331999999999,1,-0.0013364402714002,-3.5523931333709697,-14.311339836889724,10.758946703518754,79.85340362281582,0.0522807723992721,0.4872559608779371,0.0107655008026582,47.59350912653796,25758.1491855,0.9038658543489628,0.55,0.0080545356803807,0.0110364026442174
2025-09-04 08:00:00,4371.44,4434.03,4365.75,4406.66,16842.196223,0.0080545356803807,0.0080222710431906,4420.469999999999,4374.497,4437.113333333333,1,0.0135588620216158,-2.045741118386104,-11.858220093189,9.812478974802897,79.02673193547182,0.05234463698359,0.640461155056233,0.0109058128660928,51.0297626084586,25256.11203235,0.6668562525153199,0.8,-0.0230219712889127,0.0030927909379033
2025-09-04 12:00:00,4406.67,4428.76,4294.41,4305.21,46955.901123,-0.0230219712889127,-0.0232911157172123,4386.346,4366.6005,4431.9955,1,0.0021695155136653,-8.934879954299504,-11.2735520654111,2.338672111111597,82.97839394008099,0.0506882428813297,0.2226357560725348,0.0115835898535013,42.402677161762746,26529.6378024,1.7699412812470492,0.15,-0.0068614539128172,-0.0043859473815298
2025-09-04 16:00:00,4305.13,4324.64,4265.44,4275.67,25807.058216,-0.0068614539128172,-0.0068851019229499,4351.424,4360.7235,4429.579500000001,0,0.0002713761343404,-16.586998643925654,-12.33624138111401,-4.250757262811643,81.27993723007526,0.0535278284804104,0.1356204339897981,0.0111866811425219,40.26794617600717,26235.29083845,0.983677229839496,0.1,0.0051313595296174,0.0137685177986165
2025-09-04 20:00:00,4275.72,4353.19,4272.06,4297.61,17807.740726,0.0051313595296174,0.0051182389693734,4331.32,4357.4975,4428.261,0,-0.0067233688492385,-20.643023273758445,-13.9975977596429,-6.645425514115544,81.26922742792698,0.0550313181626664,0.2502594167308483,0.0111877711665184,42.58013275651022,26286.719020950004,0.6774425028778821,0.2,0.007287771575364,0.0030525522965411
2025-09-05 00:00:00,4297.62,4335.99,4291.43,4328.93,13959.086918,0.007287771575364,0.0072613440887441,4322.816000000001,4355.543,4427.031333333333,0,-0.0013956235092201,-21.087110681476588,-15.41550034400964,-5.671610337466948,78.64713975450358,0.0552963709936464,0.3895018777063873,0.0113225984548849,45.80522863666948,26007.68934065,0.5367292240061464,0.45,0.0204461610605852,-0.0011846268045461
2025-09-05 04:00:00,4329.0,4430.43,4316.8,4417.44,47006.476283,0.0204461610605852,0.0202399444635818,4324.972,4360.6855,4426.828666666666,0,0.0247188509074711,-14.13410667690914,-15.15922161058954,1.025114933680399,81.14591548632475,0.0558466996798494,0.7330494182066025,0.0118682377266563,53.71674314581339,26394.203879,1.780939349354641,0.85,0.0001109239740666,-0.0234338199216062
2025-09-05 08:00:00,4417.43,4426.52,4373.6,4417.93,31748.077479,0.0001109239740666,0.0001109178224575,4347.5160000000005,4363.224,4426.665166666667,0,0.0105933269588849,-8.486435657069705,-13.824664419885575,5.33822876281587,79.12977866587299,0.0569714954396969,0.7200745549801766,0.0115862572712904,53.75699044608666,26625.62636825,1.192388003944137,0.85,-0.0305007096083459,-0.0264918467613883
2025-09-05 12:00:00,4417.92,4494.43,4256.14,4283.18,94483.888359,-0.0305007096083459,-0.0309755362319789,4349.018,4358.517999999999,4422.738333333333,0,-0.0438796807857581,-14.714198411815232,-14.002571218271507,-0.7116271935437233,90.49836590402492,0.0591234694099963,0.2076417645286848,0.0135019409720437,42.7480297280613,30472.82981965,3.1005944941179475,0.15,0.0112930112673292,-0.0029562534321121
2025-09-05 16:00:00,4283.18,4332.06,4272.72,4331.55,23391.17226,0.0112930112673292,0.0112297212596976,4355.8060000000005,4357.71,4418.320833333333,0,-0.0322353619328704,-15.567241044031109,-14.31550518342343,-1.2517358606076776,88.2727683394517,0.059346849793413,0.3988463068703919,0.0136985825988067,46.947990290697966,30710.30348545,0.7616718040927967,0.5,-0.005584605972458,-0.0176496932658516
2025-09-05 20:00:00,4331.44,4343.12,4285.34,4307.36,14830.530954,-0.005584605972458,-0.0056002581858892,4351.492,4358.2835,4413.4366666666665,0,-0.0321148332239769,-17.98786144198857,-15.049976435136458,-2.937885006852113,86.09471345806229,0.058878325075346,0.3015517281818818,0.0134823850398689,45.16360814014472,28210.90879995,0.525701992061535,0.3,0.0030505924742767,-0.0078000486260595
2025-09-06 00:00:00,4307.5,4329.0,4302.81,4320.5,5923.829225,0.0030505924742767,0.0030459488585106,4332.104,4360.583,4408.7275,0,-0.0176506833586091,-18.63116390258801,-15.766213928626769,-2.864949973961245,81.81580535391495,0.0567745436841752,0.3380943483183725,0.0134389529866347,46.35631481447878,26899.2519883,0.2202228235780165,0.35,-0.0018030320564749,-0.0053986652855818
2025-09-06 04:00:00,4320.51,4321.9,4290.42,4312.71,9045.009872,-0.0018030320564749,-0.0018046594752596,4311.06,4359.8835,4404.267833333333,0,-0.013437189033387,-19.54427934718842,-16.5218270123391,-3.022452334849323,78.22039068577814,0.0572023442244011,0.3108486750300077,0.0131654948602087,45.72140632470408,26366.44978135,0.3430499724842699,0.35,-0.0029471028657155,-0.0040517675373882
2025-09-06 08:00:00,4312.71,4315.56,4286.25,4300.0,6011.44743,-0.0029471028657155,-0.0029514541245405,4314.424,4358.1345,4399.125166666667,0,-0.0242042726237103,-21.05085948928536,-17.427633507728352,-3.623225981557006,74.72679135107973,0.058284473046879,0.2711344433673079,0.0131716309242414,44.64695474402375,25593.6665686,0.2348802745353899,0.2,-0.0069651162790697,0.0024762266862252
2025-09-06 12:00:00,4299.99,4309.58,4263.46,4270.05,14002.815781,-0.0069651162790697,-0.0069894859256668,4302.124,4356.093,4392.6645,0,-0.0081668490038813,-24.380506501022865,-18.818208106387257,-5.562298394635608,72.68344911171688,0.060247152804357,0.1721449530488539,0.0132047556591079,42.13426618077888,25445.76006255,0.5503005509200236,0.05,-0.0034004285664103,0.0068452961946937
2025-09-06 16:00:00,4270.05,4304.37,4234.07,4255.53,23876.334399,-0.0034004285664103,-0.0034062231634325,4291.758,4350.288500000001,4387.498666666666,0,-0.0047103728772333,-27.86965437060553,-20.62849735923092,-7.241157011374618,72.51320274659426,0.0634683399613033,0.1568033983320235,0.0127670451961487,40.93155987071443,25508.3477935,0.9360204193657784,0.05,0.0042650386673341,0.0089292038188845
2025-09-06 20:00:00,4255.73,4288.19,4253.41,4273.68,5961.718029,0.0042650386673341,0.0042559691686143,4282.394,4339.985,4383.607833333333,0,-0.005568211168533,-28.83785108471602,-22.270368104327936,-6.567482980388085,69.81797397898036,0.0591152028636587,0.2415605151869214,0.0113102597330289,43.11730255908652,23651.63742065,0.2520636488277503,0.15,0.0054519758147544,0.007596470586447
2025-09-07 00:00:00,4273.68,4304.3,4271.03,4296.98,6874.276944,0.0054519758147544,0.005437167592941,4279.248,4331.0425,4379.527333333333,0,-0.0073805767245025,-27.40908382557518,-23.298111248577385,-4.110972576997796,67.20740440905323,0.0522750982756605,0.3495510308976696,0.011439682442385,45.88564610729621,23175.3152998,0.2966206437786555,0.3,-0.0004561343082813,0.0034542524665188
2025-09-07 04:00:00,4296.99,4307.47,4278.71,4295.02,6510.715319,-0.0004561343082813,-0.00045623836918,4278.252,4323.2795,4374.498166666667,0,-0.0277128834800244,-26.13367832253789,-23.86522466336949,-2.268453659168401,64.46116123697801,0.0462376551728627,0.3586306184314377,0.0114096959940772,45.68423150230111,23076.92331765,0.2821309942136171,0.3,0.003580891357898,-0.0005657228597359
2025-09-07 08:00:00,4295.02,4314.88,4291.0,4310.4,8000.241337,0.003580891357898,0.0035744952311151,4286.322,4318.893,4369.755,0,-0.0243394530922854,-23.609714713918947,-23.814122673479385,0.2044079595604344,61.562506862908165,0.0435038622497121,0.4547976655395905,0.011214690955096,47.62693725871164,22116.02141985,0.3617396269032127,0.6,-0.0025960467706012,0.0004870707383822
2025-09-07 12:00:00,4310.4,4312.53,4288.96,4299.21,8030.359336,-0.0025960467706012,-0.0025994223433809,4295.058,4315.281,4366.3335,0,0.0037425464257863,-22.25584334290397,-23.5024668073643,1.2466234644603276,58.848756372700414,0.0422199231563322,0.4117902926049983,0.0111580170852475,46.3285965423207,21353.44381065,0.3760685820614504,0.45,-0.0013165209422195,0.0168713592414877
2025-09-07 16:00:00,4299.2,4301.49,4270.34,4293.55,8273.551889,-0.0013165209422195,-0.001317388317277,4299.032000000001,4309.6255,4363.911166666667,0,-0.008772841130773,-21.393000036920057,-23.08057345327545,1.687573416355395,56.87027377465036,0.0376871436176313,0.4010235814558149,0.0109628575958771,45.650713729869246,20925.011593950003,0.3953905522036657,0.3,0.0029323054348966,0.0002320127323196
2025-09-07 20:00:00,4293.55,4336.62,4281.2,4306.14,13274.139899,0.0029323054348966,0.0029280146132681,4300.864,4309.6720000000005,4360.4855,0,-0.0002832361353588,-19.46885784520145,-22.358230331660657,2.8893724864592016,56.76668279074676,0.037682513015086,0.4782511339291568,0.0097139758027845,47.491195791692434,19240.92353275,0.6898909959496523,0.6,0.0013097576948262,0.000248467350808
2025-09-08 00:00:00,4306.14,4330.99,4279.3,4311.78,14254.323986,0.0013097576948262,0.0013089007104296,4304.216,4311.4775,4357.515166666667,0,-0.0020182849207268,-17.289557178240102,-21.344495700976548,4.054938522736446,56.40406259140768,0.0369650108559147,0.5018980533569413,0.0095786176677892,48.3352496055559,18663.28682125,0.7637627885443008,0.7,-0.0044761096345361,-0.0009173048726168
2025-09-08 04:00:00,4311.78,4313.99,4287.97,4292.48,9045.680259,-0.0044761096345361,-0.0044861574077668,4300.632,4311.221,4356.0305,0,-0.0046907860718667,-16.924697029729032,-20.460535966727047,3.535838936998015,54.2337724063071,0.0370644669312196,0.3827170945446008,0.0095731625211842,45.63209253699676,18225.1837979,0.4963286164522681,0.25,0.0046336849560162,0.0162950404554228
2025-09-08 08:00:00,4292.48,4337.74,4288.17,4312.37,22900.726331,0.0046336849560162,0.0046229824863939,4303.264,4310.393,4355.4615,0,0.0028767441860464,-14.859297232123936,-19.340288219806425,4.480990987682489,53.90064580585657,0.0368817780836194,0.512435920876388,0.0094845757074171,48.809403101620966,18672.26576855,1.2264567468599374,0.75,0.0137882417325043,0.0083436591316765
2025-09-08 12:00:00,4312.38,4384.36,4306.01,4371.83,36481.835602,0.0137882417325043,0.0136940487766844,4318.92,4308.1125,4356.387166666666,1,0.0238357864662006,-8.328521923662265,-17.137934960577592,8.809413036915327,55.64702824829535,0.0320310608612047,0.9617430520685438,0.0088170340136323,56.91551759926921,18146.0337345,2.0104578298363465,0.95,-0.0179558674513876,-0.0196866213448782
2025-09-08 16:00:00,4371.84,4373.66,4284.2,4293.33,23213.669452,-0.0179558674513876,-0.018119030141978,4316.357999999999,4301.8825,4355.595833333334,1,0.0088825598691584,-9.379013953515823,-15.58615075916524,6.207136805649416,58.06224051627426,0.0219890544871494,0.4095876029942092,0.0096402252233364,46.45635121501294,17719.31333315,1.310077259516086,0.3,0.002948760053385,0.0005002429607104
2025-09-08 20:00:00,4293.49,4333.0,4282.36,4305.99,16997.371386,0.002948760053385,0.0029444209882739,4315.2,4303.023,4354.6838333333335,1,0.0075602291233782,-9.08525113982705,-14.285970835297602,5.200719695470552,57.53208047939755,0.0216276328485755,0.5318812169398376,0.0068088398026725,48.11242058773527,13844.9874845,1.2276913507526976,0.55,0.0001439854714013,0.0012002171434895
2025-09-09 00:00:00,4306.0,4315.52,4277.01,4306.61,23226.484531,0.0001439854714013,0.0001439751064883,4318.026,4301.776,4353.920666666667,1,0.0022411088718123,-8.702100774233259,-13.169196823084734,4.467096048851476,56.17336044515488,0.0207859712147681,0.5540615548637843,0.0062975920303347,48.19692293769464,13836.75309805,1.6786080062578612,0.65,0.0127362356935036,0.0033484101928905
2025-09-09 04:00:00,4306.61,4381.69,4302.01,4361.46,32683.764389,0.0127362356935036,0.0126558119873252,4327.844,4304.481,4353.241333333333,1,0.0154690781416615,-3.927243926269512,-11.32080624372169,7.393562317452178,57.852406127643775,0.0240343872656634,1.050758201541265,0.0067965172571799,55.154997161030366,14729.414769799998,2.218945212678249,0.95,-0.0033176963677301,-0.007211995270924
2025-09-09 08:00:00,4361.46,4368.33,4341.11,4346.99,13377.961213,-0.0033176963677301,-0.0033232121254428,4322.875999999999,4305.8055,4352.488666666666,1,0.0084887713437269,-1.2958062940897437,-9.3158062537953,8.019999959705558,55.66437711852638,0.0253511851792224,0.8772950626926308,0.0068270538186186,53.12763846462762,15102.121369199998,0.8858332472604588,0.9,-0.0142420387440505,-0.0033399738978241
2025-09-09 12:00:00,4347.0,4367.33,4277.76,4285.08,39548.95108,-0.0142420387440505,-0.0143444299131646,4321.226000000001,4304.424,4350.957166666666,1,-0.0032866503380853,-4.158061068945244,-8.28425721682529,4.126196147880046,58.08620732434591,0.0256502539519842,0.3247977940247232,0.0075587834806557,45.43291091434352,16627.3184296,2.378552575837776,0.2,0.0022309968542011,0.0277372837640909
2025-09-09 16:00:00,4285.08,4299.2,4277.71,4294.64,19724.947353,0.0022309968542011,0.0022285118760187,4318.956,4304.156,4349.957833333333,1,0.0002538691758569,-5.590561977233847,-7.745518168907002,2.154956191673155,55.47219251546404,0.0257146657949985,0.4140223549464839,0.0075518073693998,46.71627270205656,17312.99342575,1.1393146677721628,0.4,0.0036487342361641,0.0068407946875566
2025-09-09 20:00:00,4294.61,4320.0,4281.23,4310.31,8374.6812,0.0036487342361641,0.0036420937534037,4319.696,4306.169,4348.887,1,0.0009683846786217,-5.399153150654456,-7.276245165256492,1.877092014602036,54.27917876435949,0.0246693926912876,0.5389812446821162,0.0074108069295745,48.840215477097416,17031.5866967,0.4917146798555568,0.7,0.0022921785208023,0.0095029309721318
2025-09-10 00:00:00,4310.32,4326.5,4285.06,4320.19,11438.877242,0.0022921785208023,0.0022895554871595,4311.442,4309.402,4346.091333333333,1,0.0019504705713184,-4.399512011304978,-6.70089853446619,2.301386523161212,53.36209456690522,0.0222859623779249,0.612329166373119,0.0073624608543828,50.18840604741872,16409.71383885,0.6970796294398783,0.85,0.002175830229689,0.0197349479648721
2025-09-10 04:00:00,4320.2,4334.21,4294.11,4329.59,11579.233583,0.002175830229689,0.0021734665391334,4307.962,4312.1975,4344.070166666667,0,0.0086453518711795,-2.8163229475821936,-5.923983417089391,3.1076604695071977,52.41480209784059,0.021258671537465,0.6897261730837938,0.007325140093336,51.49800339810884,16690.589616549998,0.6937582104060783,0.85,0.0005543250053698,0.0256372930393065
2025-09-10 08:00:00,4329.58,4334.19,4308.4,4331.99,16094.375545,0.0005543250053698,0.0005541714240174,4317.344,4313.948,4341.662666666667,1,0.0045497023678393,-1.3523848156337408,-5.0096636967982615,3.6572788811645207,50.5130305194234,0.0213498303244955,0.6958913885893433,0.0072384137288312,51.8461056523138,17151.5945466,0.9383603082076368,0.85,0.0168352189178646,0.0227969525926345
2025-09-10 12:00:00,4331.99,4453.33,4330.5,4404.92,66379.098205,0.0168352189178646,0.0166950773092555,4339.4,4319.443,4340.3296666666665,1,0.0075689127893812,5.627764829803709,-2.882177991477868,8.509942821281577,55.67852833946458,0.0277174055622037,1.2139518896494323,0.0081073963556419,61.004876175933454,20145.0136909,3.295063444657031,1.0,-0.0186654922223332,0.0020677317921046
2025-09-10 16:00:00,4404.96,4409.2,4300.05,4322.7,41712.474157,-0.0186654922223332,-0.0188418910178889,4341.878,4320.057999999999,4338.112833333334,1,0.0068408438205309,4.473548571045285,-1.4110326789732373,5.884581250018522,59.49791917235994,0.0276525031094961,0.5221161122671114,0.0092262034842943,49.56038741365975,21830.6253319,1.9107319887922607,0.7,0.0063108705207393,0.0232917830629893
2025-09-10 20:00:00,4322.61,4357.0,4321.04,4349.98,12051.041178,0.0063108705207393,0.0062910403640127,4347.836,4322.5965,4337.414,1,0.0102160014305652,5.694449809100661,0.0100638186415424,5.684385990459118,57.8166392314771,0.027892105712778,0.7271239624257386,0.0092996728618589,52.729062023332695,22031.659424,0.5469874486563776,0.85,0.0125241955135426,0.0248313984224515
2025-09-11 00:00:00,4349.99,4408.86,4338.67,4404.46,15112.751547,0.0125241955135426,0.012446416516532,4362.81,4328.142,4337.4215,1,0.0227208871943362,10.932085254196863,2.1944681057526068,8.737617148444256,58.70045071494299,0.0316208602549089,1.057637278375778,0.0096554979804036,58.355584851411656,22373.6194069,0.6754719150330789,0.95,0.0080781753041234,0.0228955859657016
2025-09-11 04:00:00,4404.45,4450.0,4395.61,4440.04,31859.15198,0.0080781753041234,0.0080457215071556,4384.42,4334.837,4337.0365,1,0.0180169025968368,17.749354218256485,5.305445328253382,12.443908890003105,58.392561378161375,0.0383548317365228,1.132754541618713,0.0097686108825824,61.57251311620752,23302.87001095,1.3671771745295498,1.0,-0.0022860154413022,0.0193159869631583
2025-09-11 08:00:00,4440.05,4442.49,4406.09,4429.89,13755.168292,-0.0022860154413022,-0.0022886323635783,4389.414,4340.7425,4337.647833333333,1,0.0190706672893199,22.07856090840778,8.660068444284263,13.418492464123515,56.82166413686411,0.042408959762355,0.9842699546556988,0.0098068167288426,60.14516433988784,23277.91222625,0.5909107379693869,0.95,-0.0038940018826653,0.020442073635134
2025-09-11 12:00:00,4429.9,4482.0,4351.0,4412.64,56353.226379,-0.0038940018826653,-0.0039016032475659,4407.402,4346.7505,4338.489666666666,1,0.0297684057240472,23.842713604015444,11.6965974762305,12.146116127784945,62.12011669851667,0.0433962235603561,0.8493007847470392,0.0097893140294564,57.69719665665556,25643.28953225,2.197581800421041,0.9,0.0025585590485515,0.0290121459375616
2025-09-11 16:00:00,4412.89,4441.91,4407.59,4423.93,21428.278103,0.0025585590485515,0.0025552915086248,4422.192,4352.3285,4339.4215,1,0.0301049680532012,25.853799464060103,14.52803787379642,11.32576159026368,60.13439407719403,0.0453185753837268,0.8630146937685833,0.0097645035739456,58.87691987286244,25569.66712085,0.8380350828082143,0.9,0.0078504858802015,0.0519509966375146
2025-09-11 20:00:00,4423.96,4469.08,4415.18,4458.66,12803.098657,0.0078504858802015,0.0078198311477653,4433.032,4356.67,4341.822666666667,1,0.0344174780932229,29.905290671058538,17.603488433248845,12.301802237809692,59.68908021453729,0.0499430636106234,0.968735393079354,0.009450789799255,62.35481101323353,24385.7302736,0.5250242052771591,1.0,0.0105883830567927,0.0558377108328846
2025-09-12 00:00:00,4458.66,4540.0,4450.55,4505.87,37267.575206,0.0105883830567927,0.0105327187144039,4446.197999999999,4367.2970000000005,4344.1345,1,0.0429795911753883,36.50477477145796,21.38374570089067,15.121029070567287,61.81486019921319,0.0561503586069052,1.065084451437718,0.0085452327744639,66.50207902929635,25088.4255613,1.4854489419809138,1.0,0.0044985763015801,0.0545310056929557
2025-09-12 04:00:00,4505.87,4563.18,4499.95,4526.14,21446.877997,0.0044985763015801,0.0044884879513699,4465.448,4378.3045,4346.6151666666665,1,0.0453969082522824,42.876281975230086,25.68225295575856,17.19402901947153,61.915941613555134,0.0627057331037939,1.0384749721755286,0.0085569785506207,68.12574644570346,25310.90089185,0.8473375992675868,1.0,-0.0011599287693265,0.040539656723833
2025-09-12 08:00:00,4526.15,4536.89,4503.0,4520.89,15767.685437,-0.0011599287693265,-0.0011606020073573,4487.098,4389.0185,4349.5015,1,0.0436058254982123,46.96078155681607,29.93795867597006,17.022822880846014,59.914088641158365,0.0666959166004194,0.9504891021237626,0.008581056430972,67.2169879018212,24937.96093715,0.6322764510193346,0.95,0.0046760704197623,0.0435866182455951
2025-09-12 12:00:00,4520.89,4571.67,4503.16,4542.03,23114.528628,0.0046760704197623,0.0046651715651449,4510.718,4398.0470000000005,4353.603833333334,1,0.0311265584846034,51.31210423119956,34.21278778701596,17.099316444183593,60.52808230964707,0.0727982266577321,0.9497079362392402,0.0082564567258215,69.0096329904237,24459.4991491,0.9450123441652938,1.0,0.0254974097485045,0.0250461116723665
2025-09-12 16:00:00,4542.03,4661.25,4533.33,4657.84,38372.265177,0.0254974097485045,0.0251777726845969,4550.554,4413.5895,4359.992666666667,1,0.0775302472991419,63.37491140650036,40.04521251091285,23.329698895587512,65.34179071610086,0.0879127001887745,1.1294944483194074,0.0096625267518773,76.568692273136,25709.2143473,1.4925491171623408,1.0,0.0117372000755715,-0.0039833258768921
2025-09-12 20:00:00,4657.84,4754.44,4631.17,4712.51,43133.625626,0.0117372000755715,0.0116688534218272,4591.8820000000005,4434.961,4366.422833333333,1,0.08334061306029,76.46474709761605,47.32911942825349,29.135627669362563,69.47951995066505,0.1012195211201374,1.1182805485022125,0.0088646580700587,79.15367810492864,25888.4480746,1.6661340804093936,1.0,0.0092816779168638,-0.0094485746619596
2025-09-13 00:00:00,4712.5,4766.77,4692.14,4756.25,25841.970414,0.0092816779168638,0.0092388678400661,4637.904,4458.0415,4373.444,1,0.0798713122607539,89.33815401119591,55.730926344841976,33.607227666353936,69.84741138276041,0.1143387103252166,1.0850360415158793,0.0088971451470685,80.9632233332875,26194.29922765,0.9865494086866776,1.0,-0.0094927726675426,-0.0194994503847884
2025-09-13 04:00:00,4756.24,4756.32,4702.01,4711.1,19671.079849,-0.0094927726675426,-0.0095381162195134,4675.946,4478.081,4380.114333333333,1,0.0610489995585625,94.80434855589556,63.545610787052695,31.258737768842863,68.73759628399178,0.1196672998757187,0.9348344033233382,0.0094803989305727,73.8382228565327,26759.119160099995,0.7351168673119542,0.9,0.0018870327524356,-0.012620532649369
2025-09-13 08:00:00,4711.1,4739.04,4706.41,4719.99,12296.246654,0.0018870327524356,0.0018852545428063,4711.5380000000005,4498.071,4385.920499999999,1,0.0654869534006485,98.7157619620748,70.57964102205712,28.13612094001768,66.15848226370666,0.1233102814726985,0.9001003132057807,0.0094857917198468,74.3174744073423,26801.9876307,0.458781148003942,0.95,-0.0138644361534663,-0.0179882229214438
2025-09-13 12:00:00,4720.0,4730.2,4642.52,4654.55,37234.088309,-0.0138644361534663,-0.013961445142037,4710.88,4514.319,4388.833833333334,1,0.0548220566372965,95.43500879640852,75.5507145769274,19.884294219481102,67.69573353058472,0.1213910746185077,0.7558969031837592,0.0103310935382489,64.89369708760822,28084.730367,1.3257769550371272,0.75,-0.0035320278007542,-0.0155428533515125
2025-09-13 16:00:00,4654.56,4668.0,4605.85,4638.11,23156.288487,-0.0035320278007542,-0.0035382801375733,4696.0,4529.625,4391.5385,1,0.048413966767105,90.46558670027116,78.53368900159616,11.931897698675002,67.2996097069715,0.1172816075838524,0.7042102486348903,0.010435951148303,62.74125976702899,28437.8260141,0.8142777326058147,0.7,0.006271951290504,-0.0046913571615215
2025-09-13 20:00:00,4638.11,4673.62,4637.35,4667.2,13277.493103,0.006271951290504,0.0062523644597783,4678.19,4542.739,4395.153833333333,1,0.0467719000776016,87.86178777366513,80.39930875600996,7.46247901765517,65.08320901361635,0.1169324307096007,0.7343044424907303,0.0099814195761621,64.95621807922834,25782.745759,0.5149759155641992,0.8,-0.000769197805965,-0.0134157331461222
2025-09-14 00:00:00,4667.21,4693.25,4651.27,4663.61,10637.114368,-0.000769197805965,-0.0007694937903875,4668.692,4559.7845,4399.5785,1,0.0350076677755903,84.53411866850456,81.22627073850889,3.307847929995674,63.43297979835801,0.1097577420033687,0.7074553071009645,0.0086565309242375,64.44703293022937,24228.97776955,0.4390244800739507,0.75,-0.0026138549321232,-0.0058097749395076
2025-09-14 04:00:00,4663.62,4681.99,4634.48,4651.42,11822.244471,-0.0026138549321232,-0.0026172770154466,4654.978,4574.8565,4404.2446666666665,1,0.0276792145183313,79.99119707707086,80.97925600622129,-0.9880589291504264,62.29562409847531,0.1021385559739548,0.6638530722480963,0.008751859358528,62.65115015170312,24217.5379342,0.4881687190135306,0.6,-0.0034806575196392,-0.0114508811808099
2025-09-14 08:00:00,4651.42,4674.59,4625.3,4635.23,10444.658881,-0.0034806575196392,-0.0034867291008476,4651.114,4586.395,4408.054166666667,1,0.0252914802173906,74.22883745897252,79.62917229677154,-5.400334837799022,61.366650948584216,0.0965036910609757,0.6103356384183363,0.0086033360500081,60.24978403121196,23984.1333009,0.4354820226340247,0.5,-0.011419066583535,-0.0225991818644578
2025-09-14 12:00:00,4635.22,4645.35,4576.49,4582.3,40629.957813,-0.011419066583535,-0.0114847647443183,4639.951999999999,4593.508,4412.672333333334,1,0.0088660797044495,64.64591938258309,76.63252171393385,-11.986602331350769,61.90189016654253,0.0918384499284745,0.4734319854632935,0.0090423588157817,53.085904399598654,24422.673592550003,1.6636162973325712,0.45,0.0073194683892368,-0.0178902358644385
2025-09-14 16:00:00,4582.31,4628.98,4579.6,4615.84,28165.358307,0.0073194683892368,0.0072928110796757,4629.679999999999,4602.8055,4418.341833333334,1,-0.0090170551156759,59.07678505626518,73.12137438240012,-14.04458932613494,61.00746944036087,0.0856907956252327,0.5330474213615828,0.0090791739347183,56.60685371788407,25143.1830933,1.12019859229778,0.45,-0.0024524246940967,-0.0265830162243778
2025-09-14 20:00:00,4615.85,4636.53,4598.31,4604.52,11775.206178,-0.0024524246940967,-0.0024554368132081,4617.862,4612.3995,4423.457,1,-0.0229156012401033,53.137243517910974,69.1245482095023,-15.98730469159132,59.37979305176361,0.0767033585408234,0.4777280951242188,0.0090347216661833,55.103693791046645,22914.28208325,0.5138806502957167,0.4,0.0068367604006496,-0.0176084025136387
2025-09-15 00:00:00,4604.51,4643.68,4580.01,4636.0,14532.980381,0.0068367604006496,0.0068134957307181,4614.778,4623.003,4428.574833333333,0,-0.0252825229960578,50.38942899620452,65.37752436684275,-14.988095370638234,59.68623640520907,0.0668095448304825,0.5420804553584702,0.0090948734819588,58.41109329048584,22569.51719715,0.6439207473536551,0.5,-0.0082549611734255,-0.0250155555566653
2025-09-15 04:00:00,4636.0,4670.14,4588.0,4597.73,24148.467714,-0.0082549611734255,-0.0082892220437948,4607.278,4629.9565,4431.5796666666665,0,-0.0240644435482161,44.609466861006695,61.22391286567554,-16.61444600466885,61.29007666197988,0.0585654955415192,0.381151307587165,0.0092960725718953,53.27311183157386,23136.78565,1.0437261285687711,0.3,-0.0146289582032871,-0.0185236268876308
2025-09-15 08:00:00,4597.73,4597.8,4497.11,4530.47,48812.230034,-0.0146289582032871,-0.0147370165613311,4596.912,4631.186500000001,4433.455333333333,0,-0.0401526274420072,34.2071664204841,55.82056357663726,-21.61339715615316,64.10435690040993,0.0567611000006318,0.11685995021144,0.0097105287885008,45.66970110653613,23714.0183914,2.058370252917657,0.15,-0.0067101205835157,-0.006414252520892
2025-09-15 12:00:00,4530.47,4542.33,4465.1,4500.07,38012.450862,-0.0067101205835157,-0.0067327346615361,4573.758,4629.883,4437.070166666667,0,-0.0331890300888378,23.24231944947041,49.304914751203896,-26.06259530173348,65.0419028360949,0.0587549459239289,0.0227963690305642,0.0097796881856995,42.70308698130626,24542.29703465,1.5488546491117838,0.05,-0.0013733119707025,-0.0072197719331108
2025-09-15 16:00:00,4500.07,4514.27,4474.36,4493.89,18547.826447,-0.0013733119707025,-0.0013742558278261,4551.632,4628.533,4439.775833333333,0,-0.0310945622246991,13.893766187857182,42.22268503853456,-28.32891885067737,63.24676691923104,0.0608260063202455,0.0217542575313987,0.0097808568619483,42.104318259799385,24681.30408515,0.7514929674303421,0.05,0.0065221890166424,-0.0005929036830991
2025-09-15 20:00:00,4493.9,4530.0,4488.01,4523.2,9284.059385,0.0065221890166424,0.0065010115741717,4529.072,4627.5915,4443.373166666667,0,-0.0308536167295165,8.749187237157457,35.52798547825913,-26.77879824110168,61.72842642500024,0.0619321604354163,0.1357547532165235,0.0098383769857772,45.97349638554909,23989.780623,0.3870005954159908,0.15,-0.000570392642377,-0.0048082157123982
2025-09-16 00:00:00,4523.2,4537.76,4504.3,4520.62,10822.352886,-0.000570392642377,-0.0005705553781453,4513.65,4620.7305,4446.7085,0,-0.0306607971078198,4.41301640983329,29.30499166457397,-24.89197525474068,59.70925310892879,0.0648550981666354,0.1659396975273396,0.0077692697075707,45.68407808591208,22612.28500845,0.4786050097084742,0.15,-0.001763032504391,-0.0051775557682758
2025-09-16 04:00:00,4520.63,4535.6,4487.82,4512.65,22662.675261,-0.001763032504391,-0.0017645884752839,4510.086,4610.7375,4450.040833333333,0,-0.0298339001853198,0.3296573125307986,23.509924794165336,-23.180267481634537,58.857163601148216,0.0653596077343679,0.174512862416048,0.0071212781137952,44.74693681739282,21588.7374902,1.049745279050593,0.15,-0.0025195838365483,0.0070011937061287
2025-09-16 08:00:00,4512.7,4531.6,4493.07,4501.28,10143.264795,-0.0025195838365483,-0.0025227633296922,4510.328,4597.989,4453.3955,0,-0.0288982423741648,-3.780320980940816,18.051875639144107,-21.83219662008492,57.4052233439234,0.0618444598246382,0.1599066312013092,0.0065944875918537,43.37979209317416,20803.80220925,0.487567834618712,0.15,-0.0075156399957345,-0.0019825819136478
2025-09-16 12:00:00,4501.28,4512.64,4423.32,4467.45,68891.332963,-0.0075156399957345,-0.0075440247270533,4505.039999999999,4585.8065,4456.6855000000005,0,-0.025063832573162,-9.655998322197776,12.510300846875731,-22.166299169073504,59.684850247928914,0.0623995608379931,0.0863863573150463,0.0065019484174801,39.51164883540988,23264.81486495,2.961181224218096,0.05,0.0052535562793092,0.0051367645398904
2025-09-16 16:00:00,4467.44,4512.1,4446.54,4490.92,43394.667086,0.0052535562793092,0.0052398044953395,4498.584,4574.353,4460.608666666667,0,-0.0270633297514645,-12.277158651419995,7.552808947216587,-19.829967598636586,60.10450380164831,0.0588961923633947,0.1903144329806632,0.0066665769665567,43.289740523006216,24819.73588655,1.7483935882458723,0.1,0.0023068769873433,0.0061083744134952
2025-09-16 20:00:00,4490.92,4524.89,4483.02,4501.28,13574.95276,0.0023068769873433,0.0023042202317137,4494.715999999999,4566.6895,4464.402000000001,0,-0.0224214467523218,-13.364424907631474,3.369362176246975,-16.733787083878447,58.80203924438771,0.0582534930062845,0.2541233011082372,0.0061734200278852,44.9249997337812,23636.779109100004,0.5743148293319598,0.275,-0.0009397326982546,0.0197739087157426
2025-09-17 00:00:00,4501.28,4552.37,4492.51,4497.05,17952.752102,-0.0009397326982546,-0.000940174523847,4491.5960000000005,4559.6365,4467.7365,0,-0.029971958584987,-14.40140644845087,-0.1847915486925941,-14.216614899758277,58.87760786978856,0.0579312142977615,0.2630603121539002,0.0061591249947155,44.36252051959379,23376.60228985,0.7679795326712211,0.2,0.0104157169700136,0.0260252461155734
2025-09-17 04:00:00,4497.06,4555.03,4463.15,4543.89,26439.616395,0.0104157169700136,0.0103618471291389,4500.118,4553.471,4471.884333333334,0,-0.0117101265189559,-11.31321356506487,-2.4104759519670496,-8.902737613097822,61.2349215933751,0.0538418251958458,0.460920545628508,0.0064957126790316,51.59040273881404,24034.70845445,1.1000597924916675,0.6,-0.0115033594563249,0.0070839143759183
2025-09-17 08:00:00,4543.89,4545.4,4479.05,4491.62,20938.069133,-0.0115033594563249,-0.01157003491677,4504.951999999999,4544.8715,4474.904666666667,0,-0.0085752692325521,-12.934450325204123,-4.515270826614465,-8.41917949858966,61.60028433670541,0.0503089063506298,0.2671022137412892,0.0068800800663365,44.62366927943344,24549.7561927,0.8528829764601104,0.15,-0.0003962935421962,0.0189282581841216
2025-09-17 12:00:00,4491.63,4513.53,4467.3,4489.84,25113.84621,-0.0003962935421962,-0.000396372087234,4504.736,4536.7925000000005,4478.081833333333,0,-0.0022732979709203,-14.199243224740712,-6.452065306239716,-7.747177918500997,60.50240688408357,0.0465373838528997,0.2776137970481511,0.0068850659024988,44.40376571693373,25214.33627965,0.9960145661366822,0.1,0.006225166152914,0.0243567266178845
2025-09-17 16:00:00,4489.83,4534.2,4407.0,4517.79,93061.610416,0.006225166152914,0.0062058698465011,4508.0380000000005,4530.920499999999,4481.819166666667,0,0.0053183322244201,-12.798733465406258,-7.721398938073024,-5.0773345273332335,65.26652067807758,0.0422011615260799,0.431329467121686,0.0070950433794594,48.680351185710514,29345.1838564,3.1712737214868003,0.55,0.0159724112895907,0.0157856941032592
2025-09-17 20:00:00,4517.7,4616.99,4486.94,4589.95,31365.397952,0.0159724112895907,0.0158461945450782,4526.618,4531.303,4486.5493333333325,0,0.0147572515033604,-5.799260195666648,-7.336971189591749,1.537710993925102,69.89391205821491,0.0425844102000646,0.8039289439936694,0.0076523057559882,57.72230829725133,28881.95586335,1.08598593877783,0.8,0.0053116047015762,-0.0004460448086456
2025-09-18 00:00:00,4590.21,4644.85,4580.02,4614.33,32212.037385,0.0053116047015762,0.0052975478835267,4540.706,4531.227499999999,4491.591833333334,1,0.0207294574637992,1.6955893483818727,-5.530459081997026,7.226048430378898,69.53220405405669,0.0424691578283137,0.9318416958127704,0.0075654389076376,60.26929621738377,29084.289817250003,1.1075407922078575,0.95,-0.0085256147696415,-0.0138751837329091
2025-09-18 04:00:00,4614.34,4620.0,4553.59,4574.99,20212.791824,-0.0085256147696415,-0.0085621657177153,4557.38,4529.751,4496.300333333333,1,0.0138144992410225,4.410065893167484,-3.5423540869641235,7.952419980131608,69.30918947876691,0.0408452560007697,0.744510235779248,0.0077881166445786,54.55770581578841,29506.169099550003,0.6850361277265324,0.8,0.0003409843518784,-0.0077911340262515
2025-09-18 08:00:00,4574.99,4608.0,4569.1,4576.55,11145.545237,0.0003409843518784,0.0003409262299264,4574.722,4526.7785,4500.703333333333,1,0.0167219102122064,6.610979814088751,-1.5116873067535486,8.1226671208423,67.13710451599782,0.0361719908139926,0.8039618458645499,0.0076085176814648,54.74087063281564,29336.79734235,0.3799169045937581,0.85,0.0050321748915667,-0.0136925083103873
2025-09-18 12:00:00,4576.54,4625.19,4558.86,4599.58,18766.435468,0.0050321748915667,0.005019555816055,4591.08,4526.871,4504.4991666666665,1,0.0295761564203294,10.097154768496694,0.8100811082965,9.287073660200193,67.07945419342654,0.0363143883503119,0.9422942762464668,0.0074856536993039,57.46650089714702,29067.69573005,0.6456113908127701,0.95,-0.0023458663617113,-0.0272935609846794
2025-09-18 16:00:00,4599.58,4636.45,4580.62,4588.79,23456.670906,-0.0023458663617113,-0.0023486222169604,4590.848,4529.787,4509.4235,1,0.0217928620416305,11.852680390685236,3.018600964774248,8.83407942591099,66.27592175103894,0.0382018563434899,0.8409666052670602,0.0066785995261869,55.7718206793922,27799.91777365001,0.843767636184639,0.85,-0.0002593276223142,-0.0326946093756231
2025-09-18 20:00:00,4588.78,4605.85,4570.71,4587.6,7424.133821,-0.0002593276223142,-0.0002593612535365,4585.502,4534.163500000001,4514.117,1,0.0191767674972453,12.998090147207222,5.014498801260842,7.98359134594638,64.05192734025047,0.0392091316713805,0.8005755177156566,0.0064559419861262,55.57715940964713,26270.5019216,0.2826034250565942,0.8,-0.0081175342226873,-0.0260330802787532
2025-09-19 00:00:00,4587.61,4621.0,4543.42,4550.36,18112.435549,-0.0081175342226873,-0.0081506607961422,4580.576,4536.987,4518.1795,1,0.0118544379092959,10.776652319442292,6.166929504897133,4.609722814545159,65.0182182445183,0.0384240149554998,0.5767111630066734,0.0067547394339628,49.72776308917119,26248.7323767,0.6900308665982561,0.65,-0.0024415650629839,-0.0186808025176722
2025-09-19 04:00:00,4550.35,4559.36,4517.89,4539.25,18881.00356,-0.0024415650629839,-0.0024445505434489,4573.116,4537.789500000001,4521.142666666667,1,-0.0010211514803396,8.027130917980685,6.538969787513843,1.4881611304668416,63.336202655624085,0.0383170522598406,0.5083997260884562,0.0066407571896503,48.10124068388766,26728.57958545,0.7063975659326875,0.55,-0.0055603899322574,-0.012224162449146
2025-09-19 08:00:00,4539.24,4549.52,4508.31,4514.01,17813.881197,-0.0055603899322574,-0.0055759064456649,4556.002,4537.459,4523.926333333334,1,0.0049848384324586,3.768022914920039,5.984780412995083,-2.2167574980750446,61.7557596087938,0.0384557267415844,0.365615063730407,0.006763747647736,44.537189678358814,27078.156001,0.6578690659859605,0.45,-0.0085688777827254,-0.0096256781284508
2025-09-19 12:00:00,4514.01,4544.4,4445.55,4475.33,32060.341258,-0.0085688777827254,-0.0086058016982784,4533.31,4535.593,4527.097166666667,0,-0.003231740997452,-2.697409542348396,4.248342421926387,-6.945751964274783,64.40534820816563,0.0400440604328429,0.1681983332079877,0.0070207142473231,39.68442210600215,27548.03930085,1.1637975722290614,0.1,-0.007746914752655,0.0051418610476422
2025-09-19 16:00:00,4475.34,4490.0,4435.12,4440.66,20334.130528,-0.007746914752655,-0.0077770779790294,4503.922,4532.562,4529.530833333333,0,-0.0170725066902179,-10.49787759812989,1.299098417915132,-11.796976016045022,63.72496619329667,0.0436304079127662,0.0352793873992992,0.0071991319326151,35.9077684644255,28057.5825875,0.724728528004373,0.05,0.0064022014745557,0.0089670589598139
2025-09-19 20:00:00,4440.66,4478.44,4438.55,4469.09,7451.767545,0.0064022014745557,0.006381794436364,4487.668,4532.644,4532.177166666666,0,-0.0263314415189707,-14.22180125894829,-1.8050815174575523,-12.416719741490738,62.02246860806115,0.0435353531727483,0.177930790469426,0.0071734924640321,40.87659922727681,24985.6043166,0.298242437948526,0.1,-0.0007652564616063,0.0026117284049772
2025-09-20 00:00:00,4469.1,4477.68,4454.56,4465.67,7508.348898,-0.0007652564616063,-0.0007655494198006,4472.952,4531.3815,4534.601833333333,0,-0.0322170282576235,-17.250153970313477,-4.894096008028738,-12.35605796228474,59.24372085034249,0.0447445441013408,0.1759062422986569,0.0070688720386041,40.4701395724374,23191.2884072,0.3237572991274149,0.1,0.0040150750055423,0.0028748199779526
2025-09-20 04:00:00,4465.67,4485.0,4463.25,4483.6,7247.148166,0.0040150750055423,0.0040070361025735,4466.87,4530.4975,4537.1686666666665,0,-0.0199759999475407,-17.99589864194968,-7.514456534812927,-10.481442107136752,56.56559793246089,0.0453422032179936,0.2717024883286279,0.0071116856367605,43.6345619042865,22874.8981775,0.3168166306037757,0.25,-0.0029619056115622,-0.0011670506107845
2025-09-20 08:00:00,4483.59,4483.59,4456.46,4470.32,4754.30143,-0.0029619056115622,-0.0029663007347603,4465.868,4529.161,4539.474166666667,0,-0.0232118080213261,-19.43446328620029,-9.8984578850904,-9.536005401109897,54.4637695087137,0.046404037210275,0.2200332089074271,0.0071374916951925,41.85972513445404,22214.9756439,0.2140133532536859,0.2,0.0061986613933677,-0.0020213848975748
2025-09-20 12:00:00,4470.32,4507.04,4463.53,4498.03,9373.281629,0.0061986613933677,0.0061795287157861,4477.342,4526.868,4541.026,0,-0.0220781027832976,-18.129584152366988,-11.544683138545718,-6.58490101382127,53.68135740094846,0.046698781314042,0.3635851155559873,0.006862058573433,46.72876876581927,21361.6589056,0.4387899680648292,0.45,-0.0039217168404833,-0.0033401277051104
2025-09-20 16:00:00,4498.03,4508.7,4470.0,4480.39,8631.243538,-0.0039217168404833,-0.0039294269364488,4479.602000000001,4526.3065,4543.654166666666,0,-0.0236227850914946,-18.30781749022026,-12.897310008880629,-5.410507481339632,52.61126044373784,0.0470840621327551,0.2845478197231431,0.006416252995736,44.19157959324995,20746.317625850003,0.4160373755796274,0.3,4.6870919718999815e-05,0.0031067346323824
2025-09-20 20:00:00,4480.38,4501.62,4478.0,4480.6,6908.311912,4.6870919718999815e-05,4.6869821311764266e-05,4482.588,4525.8445,4545.831166666667,0,-0.023323742261749,-18.222070760728457,-13.962262159250193,-4.259808601478264,50.54045612632799,0.04740094296474,0.289098735556315,0.0064159616586644,44.23040101444455,19836.04091095,0.3482707029600063,0.35,-0.0005021648886309,-0.0078051787973994
2025-09-21 00:00:00,4480.61,4490.14,4457.76,4478.35,6631.468503,-0.0005021648886309,-0.0005022910156448,4481.5380000000005,4523.8725,4547.062666666667,0,-0.0158251215288459,-18.126718528099445,-14.795153433020044,-3.3315650950794016,49.24328068873314,0.048284671776319,0.2915958011706512,0.0062417946146575,43.87821785390528,15514.5338153,0.4274358857280153,0.3,-2.6795583194849648e-05,-0.0387490030211093
2025-09-21 04:00:00,4478.36,4492.4,4467.01,4478.23,8383.266207,-2.6795583194849648e-05,-2.6795942202902257e-05,4483.120000000001,4518.2865,4547.699166666667,0,-0.0134427493528667,-17.855012721587627,-15.407125290733562,-2.447887430854065,47.53947492525216,0.0471514418000145,0.3119799098179486,0.0049144753446047,43.85816013549936,14365.42722805,0.583572355622727,0.3,-0.0038162398983525,-0.0648880701147475
2025-09-21 08:00:00,4478.24,4480.1,4445.0,4461.14,18481.711768,-0.0038162398983525,-0.0038235403211955,4475.742,4510.627,4548.219999999999,0,-0.0117124242081874,-18.801966716810057,-16.086093575948862,-2.715873140861195,46.65094100201989,0.0441631514250944,0.2515756540457438,0.0046949319806459,40.98473317765645,13678.910947200002,1.3511098828948154,0.1,0.0048799185858321,-0.0637739850238694
2025-09-21 12:00:00,4461.15,4486.51,4461.08,4482.91,10926.95327,0.0048799185858321,0.0048680503780611,4476.246,4506.023,4549.391166666667,0,0.0016937298478547,-17.5929766365216,-16.38747018806341,-1.2055064484581877,45.135159501875634,0.0424819508394768,0.379257972817508,0.0046219635962426,45.851466012054416,13214.6190195,0.8268837152153814,0.55,0.0025251454970096,-0.0718990574017724
2025-09-21 16:00:00,4482.91,4498.38,4464.55,4494.23,11751.667418,0.0025251454970096,0.0025219626740538,4478.972,4501.907,4550.562833333333,0,0.0120635220890588,-15.542252480893694,-16.218426646629467,0.6761741657357732,44.32764810888452,0.0400473882007702,0.457418512967467,0.0046808917563189,48.24162318262046,13244.92512855,0.8872581236921288,0.65,-0.0108650425100629,-0.0823103846864284
2025-09-21 20:00:00,4494.24,4494.88,4443.45,4445.4,14459.69309,-0.0108650425100629,-0.0109244981352347,4472.382,4494.197999999999,4550.341833333334,0,-0.005300855431419,-17.65371073524966,-16.505483464353507,-1.1482272708961538,44.83495895824993,0.0362053900253572,0.2000999140407506,0.0049624040095366,40.0328030825552,13029.58800965,1.1097582731925857,0.1,-0.0314459891123408,-0.0560433524201761
2025-09-22 00:00:00,4445.24,4455.99,4262.0,4305.61,68683.341135,-0.0314459891123408,-0.0319510301240516,4437.857999999999,4480.039,4547.004166666667,0,-0.0358423260115504,-30.258144287974574,-19.256015629077723,-11.00212865889685,55.48889046123206,0.0471197508993817,-0.3262926895661834,0.0083048469314821,26.25780995898627,15290.9215211,4.491772522684364,0.05,-0.0261658626768331,-0.027240931696473
2025-09-22 04:00:00,4305.61,4310.65,4045.01,4192.95,160502.556116,-0.0261658626768331,-0.0265142800632495,4384.219999999999,4460.3065,4541.451,0,-0.0648251405120886,-48.77571309095947,-25.159955121454075,-23.615757969505395,70.49968399971544,0.0691078090547867,-0.367359060053502,0.0097290456294697,20.219406584194783,22944.84263585,6.995147391650617,0.05,-0.0027021548074744,0.0031443604141633
2025-09-22 08:00:00,4192.94,4207.02,4135.97,4181.62,29559.284386,-0.0027021548074744,-0.0027058122178547,4323.962,4441.8695,4535.7965,0,-0.0645815064693354,-63.63174889852871,-32.854313876869,-30.77743502165972,70.53899228545008,0.0857920046322316,-0.1829317329484629,0.0096966694367541,19.72805458477282,23517.1850777,1.2569227264375862,0.05,-0.0032451537920709,0.0025959635552249
2025-09-22 12:00:00,4181.63,4219.0,4158.6,4168.05,27575.54154,-0.0032451537920709,-0.0032504307230323,4258.726,4423.309499999999,4529.5635,0,-0.0733610047065047,-75.62845217912036,-41.40914153731927,-34.21931064180109,69.81477855077505,0.0990877879145011,-0.0823907291271093,0.0096907885782099,19.12848510112041,23951.9119767,1.1512876953967182,0.05,-0.0078861817876464,0.0031668293973368
2025-09-22 16:00:00,4168.05,4183.08,4120.32,4135.18,29198.551791,-0.0078861817876464,-0.0079174421777844,4196.681999999999,4404.368,4520.852499999999,0,-0.0770490961724313,-86.78782424022029,-50.48487807789948,-36.30294616232081,69.31086579714827,0.1126567763580678,-0.0425187810755458,0.0097217347151667,17.723387380415872,24521.1455064,1.190749909435479,0.05,0.0154019897561894,0.0045706260499774
2025-09-22 20:00:00,4135.16,4208.22,4134.35,4198.87,13792.501323,0.0154019897561894,0.0152845831079147,4175.334000000001,4390.545,4512.291833333334,0,-0.0628777395884481,-89.46120321412945,-58.28014310514549,-31.18106010898397,69.6365182402091,0.1189813314568677,0.1330826783862257,0.0106085106384396,28.658525253891085,23607.75350965,0.5842360780902818,0.25,-0.0026435683886377,-0.0082263067175808
2025-09-23 00:00:00,4198.87,4211.76,4114.28,4187.77,25491.969165,-0.0026435683886377,-0.0026470687859378,4174.298000000001,4377.9005,4502.817166666667,0,-0.0648855047059743,-91.42170009438088,-64.90845450299257,-26.51324559138829,71.62533836590849,0.125365155115354,0.1535751312143259,0.0105528208627047,27.96103598283551,23865.6454415,1.068144971293003,0.2,0.0042194294338033,-0.0095786271740734
2025-09-23 04:00:00,4187.72,4215.21,4154.27,4205.44,17449.965442,0.0042194294338033,0.0042105526027777,4179.062,4364.718,4494.3895,0,-0.0609146917420498,-90.50628653794683,-70.02802090998343,-20.47826562796341,70.86209991120072,0.1287064108523791,0.216469734515985,0.0104627397468602,30.846375315626343,24365.55533635,0.7161735163067304,0.35,-0.0032505516664128,-0.0071267929495071
2025-09-23 08:00:00,4205.45,4229.0,4178.73,4191.77,14023.115578,-0.0032505516664128,-0.0032558461860004,4183.8060000000005,4351.023,4485.5858333333335,0,-0.0603814271688402,-89.84815584230182,-73.9920478964471,-15.856107945854715,69.39123563182926,0.1316988405483706,0.2220835256080854,0.010449763699223,29.850294210794544,24691.29367035,0.5679376611537917,0.25,-0.002674287949959,-0.0023673712830227
2025-09-23 12:00:00,4191.56,4211.63,4162.0,4180.56,19905.718054,-0.002674287949959,-0.0026778702461317,4192.882,4335.871,4477.686000000001,0,-0.067445030125521,-89.20286078625759,-77.0342104744092,-12.16865031184838,67.97971880098432,0.1332635950444322,0.2312092381166184,0.0103159952510689,29.02263938728437,25324.22216475,0.786034726930635,0.15,-0.0064823851350058,-0.0034858808440701
2025-09-23 16:00:00,4180.57,4207.3,4136.36,4153.46,30399.114223,-0.0064823851350058,-0.0065034870367283,4183.8,4320.028,4469.6085,0,-0.0758238897430704,-89.84255428039705,-79.59587923560679,-10.246675044790264,68.19116745805691,0.1353733480788444,0.2151791098684461,0.0103373892503746,27.06867772839007,26606.4628044,1.1425462469957786,0.1,0.0026050569886311,0.0017554312548677
2025-09-23 20:00:00,4153.46,4192.0,4139.45,4164.28,7984.773681,0.0026050569886311,0.0026016697091029,4179.102,4303.3405,4461.226500000001,0,-0.0632384037431952,-88.4567579663426,-81.36805498175396,-7.088702984588636,67.07394121105287,0.1338166500643142,0.2585162440321228,0.010187934092508,29.120512355706595,26537.037407000003,0.3008916767360683,0.15,-0.0039958888451303,-0.0028517504375305
2025-09-24 00:00:00,4164.29,4194.9,4129.26,4147.64,24561.25348,-0.0039958888451303,-0.0040038937405258,4167.542,4286.703,4452.627000000001,0,-0.036689342508959,-87.69037329901948,-82.63251864520707,-5.057854653812413,66.97151683883477,0.1322719811629629,0.2547436047045953,0.0101879951955164,27.824051580571208,27333.5379041,0.8985757191832764,0.1,0.0066712636583696,-0.0205597570707552
2025-09-24 04:00:00,4147.63,4184.1,4073.91,4175.31,32614.516087,0.0066712636583696,0.0066491092562912,4164.25,4271.4385,4444.691833333333,0,-0.0042070618538259,-83.88331553061471,-82.8826780222886,-1.0006375083261076,70.05855135034662,0.1277200383974361,0.323794699942557,0.0104246173646925,33.15346931460121,28618.848112850003,1.13961665956625,0.3,0.0015088700000716,-0.0404236068846638
2025-09-24 08:00:00,4175.32,4198.06,4163.27,4181.61,14245.792504,0.0015088700000716,0.0015077327995145,4164.46,4256.601500000001,4437.1315,0,-2.391417680325248e-06,-79.44207864049076,-82.19455814592904,2.7524795054382736,67.53936911103615,0.1212348924097345,0.3546813296578124,0.0104643733360283,34.34221664232348,28999.5643129,0.4912416045389682,0.4,-0.0037927975110064,-0.0435041214236448
2025-09-24 12:00:00,4181.61,4206.99,4146.84,4165.75,23523.353373,-0.0037927975110064,-0.0038000084062377,4166.918,4240.9775,4430.188999999999,0,-0.0005518167968234,-76.32233944007476,-81.02011440475817,4.697774964683418,67.0115570316764,0.1130114253564919,0.3430402463195022,0.0104349010495552,32.76265323790018,29756.5686712,0.7905264089057138,0.25,-0.0012410730360679,-0.0395988868773781
2025-09-24 16:00:00,4165.92,4193.58,4153.91,4160.58,16921.002356,-0.0012410730360679,-0.0012418438049946,4166.178,4225.9495,4422.601333333334,0,0.0061424170169133,-73.42075072817988,-79.50024166944253,6.079490941262648,65.05858867227096,0.1038193279972345,0.3510046733168966,0.0104474234862814,32.24205405156388,29678.5332006,0.5701428113589494,0.2,-0.0020021247037672,-0.0611324978663033
2025-09-24 20:00:00,4160.58,4171.3,4129.0,4152.25,13678.25018,-0.0020021247037672,-0.0020041316346299,4167.1,4209.416499999999,4415.0635,0,-0.011102987232279,-70.97522395130363,-77.79523812581475,6.820014174511115,63.43297519568019,0.0887726399271732,0.3470179172454621,0.0102712032774989,31.376938482880405,29816.0980461,0.4587538637299705,0.15,-0.021703895478355,-0.0686765098405112
2025-09-25 00:00:00,4152.22,4160.85,4021.86,4062.13,59062.322594,-0.021703895478355,-0.0219428894119469,4144.464,4187.8115,4405.499,0,-0.0300016476549572,-75.43943831185607,-77.32407816302302,1.884639851166952,68.8299055388459,0.0694659279502975,0.0679715085735085,0.0108989367117141,23.90411189771096,32181.6308049,1.8352805969362849,0.05,-0.013192586155539,-0.0234889958509319
2025-09-25 04:00:00,4062.14,4071.14,3962.69,4008.54,69867.586721,-0.013192586155539,-0.0132803813388822,4109.85,4165.968500000001,4395.679166666667,0,-0.0468203089331912,-82.35231921186914,-78.32972637279225,-4.022592839076893,71.65991228607119,0.0534724456952706,-0.206703638898548,0.0109771786034028,20.740767868728938,34952.02548645,1.998956734226629,0.05,-0.0015716445389094,-0.0167753248490938
2025-09-25 08:00:00,4008.53,4052.7,3990.65,4002.24,27795.888933,-0.0015716445389094,-0.0015728808677372,4077.148,4150.8,4386.8753333333325,0,-0.0452147899336081,-87.3324701254187,-80.13027512331755,-7.202195002101149,70.97348997992323,0.0548257942451239,-0.152807523245779,0.0090705954290469,20.399005466917785,32907.652876349995,0.8446633686529582,0.05,0.0001124370352603,-0.0236641877883287
2025-09-25 12:00:00,4002.24,4022.39,3924.0,4002.69,64748.849636,0.0001124370352603,0.0001124307146906,4045.57,4141.287,4378.585666666667,0,-0.0425469315115678,-90.2031585035511,-82.14485179936426,-8.058306704186833,72.93181212421442,0.0622547772790509,-0.0375833595709107,0.007375821531643,20.499773890327816,28119.96755235,2.3025933268044936,0.1,-0.0227746840249931,-0.0135952441802447
2025-09-25 16:00:00,4002.7,4005.88,3823.43,3911.53,80769.899185,-0.0227746840249931,-0.0230380332875748,3997.426,4127.782499999999,4368.879666666667,0,-0.0582478222975543,-98.69633989948352,-85.45514941938812,-13.241190480095398,80.75453982962769,0.0783067793534228,-0.1690290395290083,0.0086840090230845,16.063465721038426,30680.4982923,2.632613669292038,0.05,-0.0095461366779751,0.0289441588456403
2025-09-25 20:00:00,3911.65,3936.65,3849.24,3874.19,31089.840725,-0.0095461366779751,-0.009591993108562,3959.838,4113.0895,4358.062833333333,0,-0.0696615021084076,-107.20448669231337,-89.80501687397317,-17.399469818340194,81.22992984179717,0.094530722787948,-0.1144323912464687,0.008795613574005,14.663654307752182,30856.21325155,1.0075714888131408,0.05,0.0234836185112243,0.0405703619266911
2025-09-26 00:00:00,3874.43,3971.07,3866.58,3965.17,26291.3137,0.0234836185112243,0.023212120628369,3951.164,4104.589,4348.805333333333,0,-0.0439936927987965,-105.3910462970407,-92.92222275858668,-12.468823538454018,82.89136342452596,0.0996006027538977,0.1589717787799469,0.0106043445561027,30.545083276715616,30710.851347,0.8560919853030474,0.15,-0.0064789151537009,0.0138255611562984
2025-09-26 04:00:00,3965.35,3977.0,3907.5,3939.48,45826.914916,-0.0064789151537009,-0.0064999944210027,3938.612,4091.6195,4339.2525,0,-0.0564820336693563,-104.81856682727312,-95.30149157232395,-9.517075254949148,81.93483746563125,0.1034429124926319,0.1405437782969086,0.0098086474173285,28.909049723287666,32312.57202665,1.418237919228589,0.15,-0.0084605074781443,0.0176098632967353
2025-09-26 08:00:00,3939.47,3944.99,3873.15,3906.15,42543.70324,-0.0084605074781443,-0.0084965007294355,3919.304,4077.5385,4329.333666666666,0,-0.0658741489521977,-105.83433286289984,-97.40805983043914,-8.426273032460685,81.21377764665756,0.1086001143414687,0.1129622511645679,0.0098792190173692,26.89625882033198,33165.1587304,1.2827830430675249,0.1,0.0101813806433443,0.0244661994304193
2025-09-26 12:00:00,3905.86,3985.4,3875.34,3945.92,52383.212233,0.0101813806433443,0.0101298995251395,3926.182,4064.5625,4320.641500000001,0,-0.0527708095781072,-102.25153607755963,-98.37675507986324,-3.874780997696405,83.27422210046772,0.1084114877648804,0.2307528102844601,0.0102066523112755,32.8996239664624,34911.82106995,1.5004434208127952,0.25,0.019764719000892,0.0184878538681745
2025-09-26 16:00:00,3945.9,4069.01,3942.75,4023.91,35499.973389,0.019764719000892,0.0195719330421221,3956.126,4056.1695,4312.858,0,-0.032848785505867,-92.05781738730684,-97.11296754135198,5.055150154045137,86.3446348075772,0.1050083761672226,0.4242613440199851,0.0114179427905409,42.81687009503699,35985.6639605,0.9865032205037784,0.5,0.0020800664030757,-0.0053055411440544
2025-09-26 20:00:00,4023.84,4040.35,4005.16,4032.28,10615.325637,0.0020800664030757,0.0020779060602075,3969.548,4048.7555,4305.041333333334,0,-0.028892768980673,-82.35450140619923,-94.16127431432145,11.806772908122198,82.69073232132169,0.1014211589989657,0.4598774540297573,0.0114521565179818,43.77726386901296,35521.14433965,0.2988452606001994,0.55,-0.0032611822591684,-0.0032631840618085
2025-09-27 00:00:00,4032.28,4033.17,4005.64,4019.13,7970.671145,-0.0032611822591684,-0.0032665115036114,3985.478,4042.039,4297.076,0,-0.0105855794866239,-74.86267832805243,-90.30155511706764,15.438876789015213,78.75068001265586,0.0989062844646151,0.4426964212824663,0.0114045286660556,42.567651871688014,34399.72218575,0.2317074278088743,0.5,-0.002694613013264,-0.0040477843356086
2025-09-27 04:00:00,4019.1,4028.15,4006.2,4008.3,7814.90459,-0.002694613013264,-0.0026982500179255,4005.908,4034.24,4288.1495,0,-5.987217291081315e-05,-69.00381206080874,-86.04200650581586,17.03819444500712,74.69348858318047,0.095299296158412,0.4325287824204328,0.0113636495963197,41.5494128195923,34391.2287312,0.2272353992083527,0.45,-0.0016041713444603,0.0015223589394259
2025-09-27 08:00:00,4008.3,4018.02,3972.81,4001.87,17041.645685,-0.0016041713444603,-0.001605459405009,4017.098,4026.9515000000006,4279.987,0,-9.244822899179272e-05,-64.1400984661218,-81.66162489787706,17.521526431755262,72.5875251129533,0.0920854993794081,0.432362762842148,0.0113524100059619,40.92350542523127,34015.24834145,0.5010001842095487,0.35,0.0042030350810995,-0.0022044779991055
2025-09-27 12:00:00,4002.12,4039.23,3993.91,4018.69,15292.531399,0.0042030350810995,0.0041942270009744,4016.054,4019.1205,4272.1345,0,0.0039973118078091,-58.25678897209491,-76.98065771272064,18.723868740625733,70.63984474774237,0.0858218363927097,0.4987519145355388,0.0112694308701454,43.32847609663587,33149.14910705,0.4613250056469069,0.6,-0.004028676011337,0.0007803351985932
2025-09-27 16:00:00,4018.69,4019.69,3980.31,4002.5,9464.510825,-0.004028676011337,-0.0040368129880538,4010.098,4010.165,4263.546333333334,0,0.0232568841348526,-54.27497339732054,-72.43952084964063,18.164547452320093,68.40699869433222,0.0775809935560691,0.4753626167214875,0.0112505864069121,41.57409704477228,32910.0850231,0.2875869454107074,0.45,0.0041224234853216,0.0091531073917506
2025-09-27 20:00:00,4002.5,4034.0,4000.35,4019.0,8176.909762,0.0041224234853216,0.0041139495783313,4010.072,4002.8275,4254.0305,1,0.037378135816777,-49.220559788625,-67.7957286374375,18.57516884881251,65.92435593045136,0.0691549409864301,0.5584234326166064,0.0113278333885271,44.060055290150494,32142.76284255,0.2543934944875229,0.7,-0.0040457825329685,0.0303982235571361
2025-09-28 00:00:00,4019.0,4033.0,3994.16,4002.74,12109.891042,-0.0040457825329685,-0.0040539888525888,4008.96,3994.935500000001,4243.837333333333,1,0.0094750035937929,-45.99672508336653,-63.435927926623314,17.439202843256787,63.98975907827627,0.0590883161810193,0.5330623484669217,0.0113388093254539,42.15646339510742,31902.20727685,0.37959414334279,0.55,0.0028755302617706,0.0297379589765124
2025-09-28 04:00:00,4002.74,4020.36,3996.46,4014.25,6921.549799,0.0028755302617706,0.0028714038331816,4011.436,3988.0355,4234.491666666667,1,0.0189796622904545,-42.02857282046125,-59.1544569053909,17.125884084929652,61.12620485839941,0.0472182303800777,0.6392107766160662,0.0113881858792437,44.000840751403054,31564.3722578,0.2192836195970787,0.7,-0.0053310082829918,0.0234805670411329
2025-09-28 08:00:00,4014.25,4016.12,3984.76,3992.85,7853.013169,-0.0053310082829918,-0.0053452688122278,4006.268,3984.571500000001,4224.763333333333,1,0.0221957682116662,-40.1477860296327,-55.353122730239264,15.205336700606566,59.000047368513705,0.0441121917379706,0.5470989681165478,0.0104159757549641,41.36024923503405,29003.90678655,0.2707570820301244,0.35,0.0071878482787983,0.0277137308480351
2025-09-28 12:00:00,3992.82,4029.0,3965.83,4021.55,16727.902967,0.0071878482787983,0.0071621388209683,4010.078,3985.2219999999993,4215.1295,1,0.0191666328764901,-35.92725180856087,-51.46794854590358,15.540696737342714,59.29790112790559,0.0445506966355896,0.7046135876720687,0.0101337363260204,46.03744511943139,26346.92259885,0.6349091778836495,0.9,0.0043440961818204,0.0355129425223504
2025-09-28 16:00:00,4021.56,4055.55,4021.56,4039.02,14922.341214,0.0043440961818204,0.0043346878333415,4014.082,3987.061,4205.966666666666,1,0.0037550541637363,-30.8175198483641,-47.33786280639569,16.52034295803159,57.49090819019805,0.0459413477077657,0.7836639673143246,0.0101652612632825,48.718759028111855,25703.2452129,0.5805625356019536,1.0,0.0253675396507071,0.0368422612417074
2025-09-28 20:00:00,4039.02,4144.81,4035.08,4141.48,25849.629401,0.0253675396507071,0.0250511235866062,4041.83,3994.0005,4198.531333333333,1,0.0270814526768972,-18.28952449666167,-41.528195144448894,23.238670647787224,61.22227189089822,0.0569084703848613,1.148853466312337,0.0115834376067678,60.96827724431621,23758.28420115,1.0880259358017432,1.0,-0.0047060471135922,0.0177010416400851
2025-09-29 00:00:00,4141.55,4146.66,4103.2,4121.99,14945.358945,-0.0047060471135922,-0.0047171554178137,4063.378,4004.5235,4191.391833333333,1,0.025592603374362,-9.820473728271736,-35.186650861213465,25.36617713294173,59.953538184405495,0.0599083237596986,0.9896390132618116,0.0101891228378356,58.12408603691392,20467.05718915,0.7302153312457073,0.95,-0.0033818616736089,0.0186820754076901
2025-09-29 04:00:00,4122.0,4123.82,4087.74,4108.05,25389.037665,-0.0033818616736089,-0.0033875930933594,4086.418,4016.2165,4184.205166666667,1,0.0248858618366889,-4.1852861037127695,-28.98637790971333,24.80109180600056,58.248285456947954,0.0558711631330681,0.9092571805264146,0.0098888682103179,56.1079721692048,20182.01703615,1.2580029845145406,0.9,-0.0010978444760896,0.0181892511404313
2025-09-29 08:00:00,4108.05,4140.0,4093.92,4103.54,15891.009352,-0.0010978444760896,-0.0010984475487635,4102.816000000001,4023.135,4177.364,1,0.0254056228713077,-0.0823295761670124,-23.20556824300407,23.123238666837057,57.3791222100231,0.0575469139430917,0.8472933052603102,0.0086574142304147,55.437987557181295,19662.001818750003,0.8082091283729856,0.85,0.0149870599531136,0.015060241705964
2025-09-29 12:00:00,4103.53,4206.66,4082.0,4165.04,36480.145099,0.0149870599531136,0.0148758635978174,4128.02,4034.413000000001,4172.1925,1,0.0364173399789482,8.03915863859038,-16.95662286668518,24.99578150527556,62.18489919502144,0.0617568575782646,1.0242849715258933,0.0089102352974493,62.0864075889598,19194.6633279,1.900535814346639,1.0,0.0056734149011774,-0.0106972679362327
2025-09-29 16:00:00,4165.06,4194.0,4128.5,4188.67,14098.101043,0.0056734149011774,0.0056573816962885,4137.4580000000005,4048.539,4167.992666666667,1,0.0465134291068083,16.195547882191477,-10.326188716909847,26.521736599101324,62.42169210966277,0.0628569227574702,1.0506590462616552,0.0085199862085287,64.29088680211248,17772.383218049996,0.7932588933082244,1.0,0.0062263200490848,-0.0065872721623037
2025-09-29 20:00:00,4188.67,4236.28,4182.29,4214.75,16443.040311,0.0062263200490848,0.006207016603259,4156.01,4061.9805,4163.7536666666665,1,0.0487061458074147,24.4817725273806,-3.36459646805176,27.84636899543236,61.819428387544,0.0676651367640927,1.0558196022310598,0.0084026139304046,66.59920872117627,15975.37462195,1.0292741610207647,1.0,-0.0037250133459872,-0.016478972990372
2025-09-30 00:00:00,4214.76,4246.57,4188.39,4199.05,24803.614934,-0.0037250133459872,-0.0037319684855652,4174.210000000001,4070.7375,4159.31,1,0.0490439049251263,29.44241266218887,3.1968053579963667,26.245607304192504,61.559469217005095,0.0729514660399642,0.9320776923686664,0.0075872097989387,63.92044831298266,15440.5566992,1.606393824860286,0.95,-0.0038746859408677,-0.0166378763693504
2025-09-30 04:00:00,4199.05,4207.78,4170.01,4182.78,15211.920942,-0.0038746859408677,-0.0038822119834289,4190.058,4078.2625,4154.296333333334,1,0.0419829357912435,31.69553627023288,8.896551540443669,22.79898472978921,59.86022141579041,0.0760296042037774,0.8370785425604872,0.0077063955326641,61.17440647006643,15670.38646445,0.9707431898064494,0.85,-0.0042268539105569,-0.0086679661719681
2025-09-30 08:00:00,4182.78,4183.8,4133.6,4165.1,19961.846287,-0.0042268539105569,-0.0042358123103576,4190.07,4085.561,4149.209333333334,1,0.0431396120565512,31.689230991404656,13.455087430635867,18.23414356076879,59.1702056003768,0.0768285782855872,0.7533994283024876,0.0077431201381863,58.2461189143757,16269.94522155,1.2269153961600296,0.8,-0.0107704496890832,0.0322390530019319
2025-09-30 12:00:00,4165.1,4175.92,4094.54,4120.24,23157.891862,-0.0107704496890832,-0.010828870842409,4176.384,4091.158,4142.912833333334,1,0.0245402891919781,27.74458462204984,16.312986868918664,11.43159775313118,60.75661948606418,0.075024770403554,0.5947487180875549,0.0081883569571398,51.508800325517925,17037.09458515,1.3592629744619165,0.6,0.0097834106751064,0.0497914271755075
2025-09-30 16:00:00,4120.24,4170.4,4092.45,4160.55,26333.258577,0.0097834106751064,0.0097358629804456,4165.544,4099.092,4137.582166666666,1,0.0300889819807774,27.55348465036696,18.561086425208323,8.992398225158631,61.98471809420244,0.0734621748228493,0.7040924673362469,0.0083618348765166,56.39018009918829,17501.67522975,1.5046136002019823,0.7,-0.0036653807789835,0.0416187057459884
2025-09-30 20:00:00,4160.58,4201.51,4117.41,4145.3,20033.586797,-0.0036653807789835,-0.0036721147471854,4154.794,4105.422500000001,4131.993833333333,1,0.0009223755758811,25.873238408730685,20.0235168219128,5.849721586817889,63.56438108747372,0.0716695649187574,0.6355299560581322,0.008436463475798,54.168565443606,17738.72799965,1.1293699749720092,0.65,-0.0038839167249656,0.0485141277541409
2025-10-01 00:00:00,4145.3,4175.08,4124.37,4129.2,13778.857093,-0.0038839167249656,-0.0038914787159749,4144.078,4111.757500000001,4126.174666666667,1,0.0017491551410848,22.97762396404414,20.614338250339067,2.363285713705075,62.64621100979704,0.0678839593189886,0.5624905106902086,0.0084314537810429,51.84623922551317,17954.445313049997,0.7674342956718906,0.55,0.0040952242565146,0.0589362167805291
2025-10-01 04:00:00,4129.35,4157.31,4123.51,4146.11,11655.383479,0.0040952242565146,0.0040868616490531,4140.280000000001,4118.113,4120.6393333333335,1,0.0092647363104148,21.79607277274772,20.8506851548208,0.9453876179269224,60.58576736624012,0.0648514055918693,0.6048319935003383,0.0084310264942263,54.07335613819328,18128.3689989,0.6429361339515557,0.65,0.0366801652633432,0.0547221826335482
2025-10-01 08:00:00,4146.1,4330.0,4143.1,4298.19,61247.727396,0.0366801652633432,0.036023458592609,4175.87,4132.885499999999,4117.9235,1,0.0474346539816841,32.75370562546141,23.23128924894892,9.522416376512489,69.60821255436579,0.0697612741958096,1.0733461471184336,0.0113949683413462,68.28152891623392,20585.2608166,2.975319474534406,1.0,0.0067819244844924,0.0187252554158242
2025-10-01 12:00:00,4298.2,4345.0,4278.14,4327.34,39266.288943,0.0067819244844924,0.0067590306856901,4209.228,4148.54,4115.330666666667,1,0.038967212799877,43.29084013256761,27.243199425672657,16.047640706894953,69.41191165762535,0.0755353071299878,1.0705874736289056,0.0114148558736106,70.18546637541299,22202.4977738,1.7685527701903918,1.0,0.0016106892455873,0.0252745025353425
2025-10-01 16:00:00,4327.34,4340.25,4288.12,4334.31,20165.665869,0.0016106892455873,0.001609393476865,4247.030000000001,4165.612999999999,4112.665333333333,1,0.034769986654475,51.6090983346312,32.11637920746437,19.49271912716683,68.17748939636641,0.0765746109928924,1.0288635552699448,0.0112258304450567,70.6392887540936,22818.1304088,0.8837562722151394,1.0,0.003230041229169,0.0366843942807885
2025-10-01 20:00:00,4334.41,4356.4,4287.55,4348.31,16261.364248,0.003230041229169,0.0032248358520411,4290.852000000001,4181.951,4111.047166666667,1,0.0316887122605138,58.65492344069571,37.42408805411064,21.23083538658507,68.22552586805449,0.0784296369251079,1.0072092400871606,0.0112047011956391,71.57520121076891,22794.80347285,0.7133803222900463,1.0,0.0065381723014226,0.031067452751978
2025-10-02 00:00:00,4348.33,4399.99,4332.8,4376.74,25914.281702,0.0065381723014226,0.0065168911623725,4336.978,4198.837,4112.232666666667,1,0.0423167144949452,65.77464483786116,43.094199410860746,22.68044542700041,68.151559734622,0.0814724712205465,1.0200479235403364,0.0112192635478036,73.42759384354933,23344.40049725,1.1100855515673975,1.0,-0.0001188098904663,0.0281260017035433
2025-10-02 04:00:00,4376.75,4423.71,4359.49,4376.22,27131.46977,-0.0001188098904663,-0.0001188169489204,4352.584000000001,4210.5740000000005,4115.287166666666,1,0.0462467545508011,70.56172405401321,48.58770433949124,21.97401971452197,67.87073403929188,0.0880218735082249,0.946939810539182,0.010062084604349,73.33345930773325,23408.4925157,1.1590438705868398,0.95,0.0006832380456192,0.0198040336826743
2025-10-02 08:00:00,4376.23,4396.46,4369.53,4379.21,10302.150293,0.0006832380456192,0.0006830047447663,4362.9580000000005,4223.435,4118.580333333333,1,0.0514057285539362,73.74668100052531,53.61949967169806,20.12718132882725,64.94639589362819,0.0920644593752516,0.9006267445874585,0.0099214527485936,73.54348616471653,23176.3320831,0.4445116792450626,1.0,0.0133311716040107,0.0227396161928523
2025-10-02 12:00:00,4379.21,4442.94,4335.34,4437.59,43070.089264,0.0133311716040107,0.0132430934622294,4383.614,4239.911999999999,4123.072666666667,1,0.0770222122983128,80.05869363952388,58.90733846526323,21.15135517426065,67.99308190122613,0.0980660435253611,0.9754259046790889,0.0100517765896534,77.30242454804703,24060.38466305,1.7900831539964353,1.0,0.0130205809910333,0.0220052031896682
2025-10-02 16:00:00,4437.58,4517.12,4426.0,4495.37,35776.546135,0.0130205809910333,0.0129365419318626,4413.026,4259.503500000001,4129.075833333333,1,0.080474937207821,88.70088367133758,64.86604750647811,23.834836164859468,69.64500462256711,0.1060549779747535,1.0221270880768056,0.0101763451427042,80.28760215974896,25054.6615022,1.42793971221118,1.0,-0.0023869002996415,0.0055493856678269
2025-10-02 20:00:00,4495.59,4497.58,4457.43,4484.64,14579.377718,-0.0023869002996415,-0.0023897534872488,4434.606,4275.4835,4133.8386666666665,1,0.0818613851832195,93.60503958034953,70.61384592125239,22.99119365909712,67.53821857809801,0.112995374020385,0.932937761220638,0.0099844321775072,78.22995615156526,23959.62313315,0.6084977896763449,0.95,0.0035967212529879,0.0063919595968787
2025-10-03 00:00:00,4484.64,4560.0,4461.76,4500.77,30647.903955,0.0035967212529879,0.0035902685189306,4459.5160000000005,4291.0885,4139.055333333334,1,0.0899859536956313,97.6673265223926,76.02454204148044,21.64278448091217,69.73120296537671,0.1197551990805057,0.9080357976527892,0.0099741709993542,79.09720908909135,24787.113278750003,1.236445067658381,1.0,-0.0084407779113353,-0.0029174139177919
2025-10-03 04:00:00,4500.77,4510.87,4454.01,4462.78,27344.086761,-0.0084407779113353,-0.0084766030141436,4476.2300000000005,4303.49,4143.344333333333,1,0.0763776166093037,96.70647069040388,80.16092777126514,16.54554291913874,68.81183132499264,0.1230752435038938,0.8007440268265341,0.0103081008030027,71.83844004502487,25332.16560125,1.0794216014303462,0.85,0.0036188205557972,0.0080662600423598
2025-10-03 08:00:00,4462.78,4495.88,4428.38,4478.93,29923.694616,0.0036188205557972,0.0036122883791298,4484.4980000000005,4317.484,4148.1303333333335,1,0.0420502583645676,96.13991446089312,83.35672510919075,12.783189351702376,68.71812908749317,0.1254360942976542,0.7981082737140585,0.0101893167272996,72.97390324215836,25588.16958535,1.169434746639018,0.85,0.0125967586008266,0.0012618765555781
2025-10-03 12:00:00,4478.95,4542.2,4436.66,4535.35,29355.54951,0.0125967586008266,0.0125180794828033,4492.494000000001,4335.1125,4154.043500000001,1,0.0480687905272061,99.10116055502658,86.50561219835791,12.595548356668672,71.34826272410079,0.1288024173602642,0.8586088706425261,0.0102460889576195,76.53356483568766,26295.35101375,1.1163779291118725,1.0,-0.003435236530808,-0.0177865812751925
2025-10-03 16:00:00,4535.36,4592.87,4450.59,4519.77,55994.892411,-0.003435236530808,-0.0034411505036339,4499.52,4352.8460000000005,4160.148666666666,1,0.0427888175972646,99.04901820080067,89.01429339884648,10.034724801954198,76.414815386665,0.1280972747735014,0.7993681477797412,0.0102136919346673,73.64880191766943,28097.00331995,1.992913328633925,0.95,-0.0015443263705897,-0.0115141851361999
2025-10-03 20:00:00,4519.78,4543.76,4493.7,4512.79,10204.37077,-0.0015443263705897,-0.0015455200716935,4501.924000000001,4372.4735,4165.957166666666,1,0.0378261899450589,97.32259307198184,90.67595333347356,6.64663973850827,74.53232857333181,0.1214330440075351,0.7642680593344351,0.0097000926817524,72.33336654721728,27449.327265350003,0.3717530368360335,0.9,-0.0057126522616828,-0.0055336709326725
2025-10-04 00:00:00,4512.8,4517.17,4462.35,4487.01,13801.306647,-0.0057126522616828,-0.0057290318700729,4506.77,4388.7965,4171.613333333334,1,0.0251945511956388,92.80436719530644,91.10163610584011,1.7027310894663117,73.12430510380808,0.1144320822579534,0.6955590611306264,0.0098818353084963,67.5355004293383,26822.729668850003,0.5145377378584942,0.75,0.0025428960488165,0.0100149300055915
2025-10-04 04:00:00,4487.01,4518.14,4480.0,4498.42,10098.485816,0.0025428960488165,0.002539668359287,4510.668,4406.452499999999,4176.9985,1,0.0279236418644399,89.1170464406996,90.70471817281202,-1.587671732112426,70.62542616782183,0.1038526565838477,0.7009683549922705,0.0097303493474943,68.53041963187695,26325.9746198,0.3835939964936697,0.8,-0.0031855629309845,0.0239865890082341
2025-10-04 08:00:00,4498.42,4504.65,4480.82,4484.09,6984.272342,-0.0031855629309845,-0.0031906476378855,4500.416,4424.197,4182.039833333333,1,0.0239495251426626,84.06940714360644,89.3776559669709,-5.308248823364465,67.28289572726312,0.0868691754716718,0.6558389132024264,0.0097012485728101,65.80289108514046,25986.245382250003,0.2687680439887877,0.6,-0.0064516992299441,0.0151676366785058
2025-10-04 12:00:00,4484.09,4512.0,4441.82,4455.16,16849.001263,-0.0064516992299441,-0.0064726013929026,4487.494000000001,4439.6495,4186.863333333333,1,0.0039593563172801,76.84884180094286,86.8718931337653,-10.023051332822432,67.48983174674434,0.0648086899545197,0.553906839509112,0.0099882325520416,60.56235634407911,26245.92627145,0.6419663413185815,0.45,0.0028371596081846,0.0174205355656906
2025-10-04 16:00:00,4455.16,4477.5,4440.61,4467.8,9006.881545,0.0028371596081846,0.0028331424672497,4478.496,4448.129999999999,4191.983666666667,1,-0.0061329768183708,71.32425252334633,83.76236501168151,-12.43811248833518,65.30412947911977,0.0578701545856577,0.5764138789561595,0.0062735068373759,61.98680982688241,23633.8839789,0.3811003537565479,0.5,0.0044361878329377,0.004667639856416
2025-10-04 20:00:00,4467.8,4494.83,4467.8,4487.62,5444.176181,0.0044361878329377,0.0044263769562532,4478.618,4456.144,4197.573166666667,1,0.0006644903492809,67.76414123721497,80.5627202567882,-12.798579019573223,62.57026308775405,0.052537537109545,0.6344468434446623,0.0062000242172592,64.17205643063076,21942.7783408,0.2481078784301985,0.7,0.0098359486765813,0.0063331847105361
2025-10-05 00:00:00,4487.49,4574.81,4467.19,4531.76,29183.989643,0.0098359486765813,0.0097878906075759,4485.286,4466.0165,4205.400333333333,1,0.0068854884830817,67.72377893341036,77.99493199211264,-10.271153058702282,65.78810143862881,0.0479977644701278,0.8066983838303872,0.0064518179833611,68.51323403427118,22393.6945295,1.3032235303806126,0.95,0.0165145550514591,0.0014300876740669
2025-10-05 04:00:00,4531.76,4615.0,4528.55,4606.6,46415.052225,0.0165145550514591,0.0163796727751523,4509.7880000000005,4478.9310000000005,4215.368,1,0.0322265493705717,72.89051753945114,76.97404910158035,-4.08353156212921,67.2639513358696,0.0489196854288232,1.082676400882587,0.0071986741092236,74.2174684389057,23901.37892835,1.9419403526524568,1.0,-0.0120045152607128,-0.0158272653231259
2025-10-05 08:00:00,4606.41,4619.0,4523.53,4551.3,34939.570881,-0.0120045152607128,-0.0120771513466483,4529.0160000000005,4487.659,4224.519,1,0.0161578769929424,71.69647493689718,75.91853426864371,-4.222059331746536,69.27866909759322,0.0460056879393782,0.8082517968034385,0.0078700839853271,64.86632653696022,24352.6433873,1.4347342227013076,0.95,-0.0041988003427593,0.0046254128481665
2025-10-05 12:00:00,4551.24,4551.24,4526.8,4532.19,12870.311737,-0.0041988003427593,-0.004207640057728,4541.894,4495.4575,4233.344,1,-0.0006967488727442,68.41947318347866,74.4187220516107,-5.999248868132042,66.08019273347942,0.0405947139948562,0.7012830038804702,0.0079796483327299,61.96098583028169,23639.58548565,0.5444389769360677,0.85,-0.00991573610109,0.0309575821044681
2025-10-05 16:00:00,4532.2,4541.3,4482.5,4487.25,16095.940337,-0.00991573610109,-0.0099652244261777,4541.82,4500.8595000000005,4242.939333333333,1,-0.0071950563856126,61.48735530620252,71.83244870252906,-10.345093396326549,65.56017896680234,0.0330140479624679,0.4084100259558,0.0083975190005982,55.648658272161576,23929.27498785,0.672646385867213,0.45,0.0061017326870578,0.0515666171856608
2025-10-05 20:00:00,4487.26,4523.73,4473.04,4514.63,11876.104248,0.0061017326870578,0.0060831924961341,4538.394,4504.7115,4253.613333333333,1,0.0004077300295382,57.539657763536525,68.97389051473056,-11.434232751194031,64.49802332631643,0.0304306902152383,0.5723547775237289,0.0079962458724303,58.42749158814297,22369.57573705,0.530904313412167,0.7,0.0049328516401121,0.0372624534115163
2025-10-06 00:00:00,4514.64,4553.09,4487.5,4536.9,24588.006116,0.0049328516401121,0.0049207249904194,4524.454,4506.788,4263.142166666667,1,0.0111187628286986,55.567533959299,66.29261920364425,-10.725085244345252,64.57602166015099,0.0309701335701601,0.7157393639804746,0.007542170715119,60.59035792598959,21810.1487361,1.1273653569955766,0.9,-0.0007427979457338,0.0337706008641084
2025-10-06 04:00:00,4536.91,4577.8,4509.1,4533.53,16810.694002,-0.0007427979457338,-0.0007430739568167,4520.9,4509.2325,4273.043000000001,1,0.0078049626313239,53.12034255758226,63.65816387443186,-10.537821316849596,64.87059154156876,0.0310200614040553,0.6737065957289258,0.0075181213101717,60.08096289625553,21921.7145503,0.7668512407379169,0.8,0.0084481629105797,0.0318679074433959
2025-10-06 08:00:00,4533.27,4594.71,4533.27,4571.83,15211.308914,0.0084481629105797,0.0084126769032706,4528.828,4512.7855,4284.1376666666665,1,0.0195669578442894,53.65293798293169,61.65711869613183,-8.004180713200135,64.62554928859953,0.0331952621471097,0.8941473902208155,0.0076970854350128,63.80530574781601,21149.88479825,0.7192147408414548,0.95,0.0221333689135423,0.029857581573463
2025-10-06 12:00:00,4572.0,4693.8,4570.42,4673.02,46120.909295,0.0221333689135423,0.0218919812258511,4565.982,4523.2975,4296.255999999999,1,0.0489006006518286,61.53092086053584,61.63187912901263,-0.1009582684767878,68.82229576798528,0.0437781595342842,1.2560916085765257,0.0087296434115677,71.39791148243361,22088.72592495,2.0879841350607187,1.0,0.0106932989801027,-0.033996343500896
2025-10-06 16:00:00,4672.94,4734.02,4658.99,4722.99,31542.954334,0.0106932989801027,0.0106365299984387,4607.654,4535.5005,4307.907333333334,1,0.0571175970276198,70.98813341865298,63.50312998694071,7.485003431712272,69.26570321312923,0.0571373313514041,1.2234887448963845,0.0089253087326111,74.26847938793084,22169.68891085,1.4227964343948307,1.0,-0.0082024310870867,-0.0519077549124633
2025-10-06 20:00:00,4722.98,4736.25,4671.11,4684.25,17714.494633,-0.0082024310870867,-0.0082362561169263,4637.124000000001,4542.9455,4318.7735,1,0.0438160985110147,74.49827848933,65.70215968741857,8.796118801911433,68.97101012647717,0.0637863045634932,0.9876306818161444,0.0089224794959652,68.52647620652093,21587.636167,0.8205851949681879,0.95,0.0014409990927042,-0.0509357348582827
2025-10-07 00:00:00,4684.25,4699.19,4663.64,4691.0,17292.639279,0.0014409990927042,0.0014399618498361,4668.618,4551.507,4329.971333333333,1,0.0351386657722385,76.93787045650606,67.94930184123608,8.988568615269983,66.58379511744305,0.069444501438599,0.9413258183344846,0.0088423536745246,68.97654397621186,19652.5235104,0.8799195314458643,0.95,-0.0026454913664463,-0.053121005756352
2025-10-07 04:00:00,4690.81,4731.95,4665.26,4678.59,23624.519947,-0.0026454913664463,-0.0026489968626027,4689.969999999999,4559.7970000000005,4341.142833333333,1,0.0156275778231234,76.98247532587266,69.7559365381634,7.226538787709259,66.5913811804828,0.0729099478796205,0.8573210107995607,0.0088683057082717,67.07738483535567,20323.53096925,1.162422021190337,0.85,0.0064378370406468,-0.046047061580606
2025-10-07 08:00:00,4678.6,4713.52,4639.04,4708.71,20437.546618,0.0064378370406468,0.0064172026808473,4697.108,4570.882,4352.9235,1,0.0345857227605299,78.54286403747483,71.51332203802568,7.029541999449151,67.15485395330549,0.0764345495032187,0.8945006599955134,0.0087387102248658,69.2876332240084,20655.342967800003,0.9894556894969244,0.95,-0.0417205561608168,-0.0471260795329242
2025-10-07 12:00:00,4708.72,4755.77,4477.61,4512.26,96675.071856,-0.0417205561608168,-0.042615848515538,4654.962,4571.5740000000005,4361.149666666667,1,-0.0043974325877774,63.19909036095214,69.85047570261096,-6.651385341658823,82.22665009949802,0.0759648581877709,0.3292035941690179,0.0131869913285218,47.08477083892468,24984.1722698,3.8694526603491872,0.3,-0.0072181124314646,-0.0142788830150337
2025-10-07 16:00:00,4512.26,4523.82,4446.66,4479.69,60242.499819,-0.0072181124314646,-0.0072442890448885,4614.05,4571.354,4369.102833333333,1,-0.0016847735249875,47.859221066115424,65.45222477531186,-17.593003709196438,81.86474652096244,0.0761668651951067,0.2367381860331855,0.013272630280585,44.53664347101817,27647.083643650003,2.1789820798273065,0.15,-0.0072304110329061,0.0080636625593315
2025-10-07 20:00:00,4479.7,4516.86,4428.8,4447.3,29394.939712,-0.0072304110329061,-0.0072566771411801,4565.31,4570.961,4376.241166666668,0,-0.0149137360093739,32.711583059435725,58.90409643213664,-26.192513372700915,82.30726462660795,0.0766457687137311,0.1470306021957118,0.0132937878631242,42.096769926746575,28274.3805661,1.03963160725238,0.05,-0.0007442718053651,0.0177170864559109
2025-10-08 00:00:00,4447.26,4499.46,4433.43,4443.99,26523.246552,-0.0007442718053651,-0.0007445489131295,4518.389999999999,4569.7705000000005,4383.595333333334,0,-0.0204787409905441,20.20694834697224,51.16466681510376,-30.957718468131525,81.1446028675645,0.0780157764398869,0.1471935697952628,0.0132776233343576,41.84448587327249,29150.19881645,0.9098821836176444,0.05,0.0044284528092997,0.0018969898813894
2025-10-08 04:00:00,4443.99,4465.92,4411.23,4463.67,24957.915729,0.0044284528092997,0.00441867606543,4469.382,4568.572999999999,4391.085666666667,0,-0.01540962561183,11.74950578482094,43.2816346090472,-31.532128824226263,79.25498837702422,0.0791287832948088,0.2098164084883363,0.0132774818350065,43.9936047132988,30125.88579385,0.8284541706021802,0.15,0.0053588190883286,-0.0080066247451157
2025-10-08 08:00:00,4463.66,4507.0,4458.44,4487.59,20907.721593,0.0053588190883286,0.0053445117083312,4464.448,4566.3645,4399.3313333333335,0,-0.0184258819772388,6.897554993564881,36.00481868595074,-29.107263692385857,77.0624892072368,0.0803946579021204,0.2854206681715002,0.0131366722014437,46.577724713871696,29712.07239135,0.7036776606362474,0.3,-0.0088733596429263,-0.0254445828644023
2025-10-08 12:00:00,4487.42,4523.01,4437.35,4447.77,38855.013933,-0.0088733596429263,-0.0089129623453402,4458.064,4558.423,4406.435,0,-0.0482022332453102,-0.1589597858364868,28.77206299159329,-28.93102277742978,77.67659712100559,0.0831651410962804,0.2081180486213208,0.0126324593182835,43.019259305440414,29334.07047675,1.3245694614320995,0.15,0.0151244331429007,-0.0299711139186134
2025-10-08 16:00:00,4447.78,4557.59,4439.04,4515.04,36116.377158,0.0151244331429007,0.0150111992091511,4471.611999999999,4556.610000000001,4414.368666666666,0,-0.0440293119401057,-0.3194889174374111,22.953752609787152,-23.273241527224563,80.59612589807664,0.0836060744467749,0.3908810111170827,0.0129183294479247,49.97265281782682,29392.9107906,1.228744489285158,0.5,0.0024230128636733,-0.0395700833420704
2025-10-08 20:00:00,4515.34,4539.58,4498.06,4525.98,8903.588929,0.0024230128636733,0.0024200821012332,4488.01,4556.2995,4420.777,0,-0.0337876928003416,0.4310878474607307,18.44921965732187,-18.01813180986114,77.80497404821399,0.0836900711543115,0.4204874221031828,0.0128985164303573,51.01947456206634,29194.5746502,0.3049740931553187,0.55,-0.0165643683798866,-0.0351265252730748
2025-10-09 00:00:00,4525.67,4531.52,4401.4,4451.01,26052.115138,-0.0165643683798866,-0.0167030915713032,4485.478,4554.4875,4426.260666666667,0,-0.0511596674483052,-4.966278936136405,13.766119938630217,-18.73239887476662,81.54176161619876,0.0851512476424943,0.2331818322339265,0.0132487573289152,44.19467259414595,29692.38339025,0.8774006045791076,0.2,-0.0054751618172055,-0.0234337287076654
2025-10-09 04:00:00,4451.17,4461.73,4411.44,4426.64,17887.872182,-0.0054751618172055,-0.0054902054516838,4473.288,4550.088,4431.570500000001,0,-0.0538516946344945,-11.082434918314902,8.796408967241193,-19.87884388555609,79.30949292932742,0.0884308097863526,0.1931962524440583,0.0132062103865543,42.21769697856977,29992.97178695,0.5964021274405041,0.05,-0.012079139030958,-0.0232772753092943
2025-10-09 08:00:00,4426.63,4427.11,4320.0,4373.17,46228.862522,-0.012079139030958,-0.0121526846762274,4458.368,4541.9015,4436.064333333333,0,-0.0712594319888036,-20.01341256910109,3.0344446599727366,-23.047857229073827,81.29524343437544,0.0948858805978755,0.1084773753249785,0.0133577569321298,38.18190878187083,31075.01460725,1.487653766418971,0.05,-0.0133998906971374,-0.0066488971830959
2025-10-09 12:00:00,4373.32,4413.19,4289.99,4314.57,58447.370521,-0.0133998906971374,-0.0134904793950913,4418.274,4530.9535000000005,4438.556500000001,0,-0.043811748436482,-31.45718807818957,-3.863881887659725,-27.593306190529848,84.28844033192003,0.1047120366325343,0.043923253979032,0.0136050481464868,34.31078869435666,33156.8484332,1.7627541000693103,0.05,0.0055254637194437,-0.0484813437646781
2025-10-09 16:00:00,4314.46,4344.87,4264.68,4338.41,29779.444551,0.0055254637194437,0.0055102543449625,4380.76,4519.2825,4441.052166666666,0,-0.0315378965955233,-38.16285620550025,-10.723676751227831,-27.439179454272416,83.99569459392572,0.1109112266314548,0.1391493075074215,0.0134978566734486,37.1045639038756,33885.25521505,0.8788319392020864,0.1,0.0068665709326689,-0.0798282263949724
2025-10-09 20:00:00,4338.42,4382.84,4327.86,4368.2,11616.351357,0.0068665709326689,0.0068431034008825,4364.197999999999,4504.0415,4443.609666666667,0,-0.0177860724484519,-40.60527019464098,-16.69999543991046,-23.90527475473052,81.92314498007393,0.1103157769342479,0.2266038105777125,0.0124182159398518,40.50938877235309,32160.02731815,0.361204648307128,0.15,-0.0048715718144772,-0.1305009715167193
2025-10-10 00:00:00,4368.2,4393.68,4342.78,4346.92,17731.125282,-0.0048715718144772,-0.0048834765995294,4348.254,4485.237999999999,4446.074166666667,0,-0.0218429834450571,-43.7536541440295,-22.110727180734266,-21.64292696329523,79.70720605292584,0.1051950048397414,0.2068444708235801,0.0119754147012978,38.88982720287133,31469.43586555,0.5634395658617602,0.15,-0.0053187084188344,-0.1334462939256409
2025-10-10 04:00:00,4346.92,4377.08,4315.46,4323.8,20687.902258,-0.0053187084188344,-0.0053329031024171,4338.379999999999,4467.2155,4448.424499999999,0,-0.0313352017510254,-47.56605006854716,-27.20179175829684,-20.36425831025032,78.41526276343113,0.1017452755283297,0.1844668917056808,0.0119403619166045,37.15193016228003,31618.1062468,0.6543055455794029,0.1,0.0045492390952404,-0.136773346605364
2025-10-10 08:00:00,4323.83,4351.76,4313.6,4343.47,11718.072915,0.0045492390952404,0.0045389225834207,4344.16,4449.839,4451.397333333333,0,-0.0321152333435095,-48.44178989466764,-31.449791385571004,-16.991998509096632,75.53988685175747,0.093725630244963,0.2449575868769013,0.0120337668674901,39.62396087497593,31339.377928599995,0.3739089187314789,0.2,-0.0552323372787196,-0.1201167832951701
2025-10-10 12:00:00,4343.55,4390.7,4071.01,4103.57,103572.520528,-0.0552323372787196,-0.0568162412710099,4297.192,4421.088,4451.119500000001,0,-0.0773870951060869,-67.71318958869779,-38.70247102619636,-29.010718562501424,92.97918064806048,0.1048248652851569,-0.1851329870245259,0.0166387548028902,26.12646627114418,35336.77795765,2.931012008285768,0.05,-0.0258214189108506,-0.0686713481273749
2025-10-10 16:00:00,4102.85,4138.81,3950.0,3997.61,74113.285546,-0.0258214189108506,-0.0261606440050076,4223.0740000000005,4385.533,4448.403833333333,0,-0.1146014210283851,-90.49285385508938,-49.06054759197497,-41.43230626311441,99.82423917319905,0.1188860674325252,-0.2440329772874243,0.0168903868382928,22.483496897705564,38020.56490405,1.9492946970418463,0.05,-0.043806174189078,-0.0598067476300709
2025-10-10 20:00:00,3997.89,4024.76,3373.67,3822.49,430465.567593,-0.043806174189078,-0.0447946398169187,4118.188,4351.0445,4443.023666666666,0,-0.1554337403170141,-121.27859817941226,-63.50415770946243,-57.77444046994982,139.20036494654198,0.1614660220843347,-0.2523416471836919,0.0171143982047471,18.01313541091018,54710.0896909,7.868120305139985,0.05,-0.0078168942233988,-0.0193967145523847
2025-10-11 00:00:00,3822.48,3878.0,3726.04,3792.61,127130.51314,-0.0078168942233988,-0.0078476062944162,4011.95,4316.6905,4437.413833333333,0,-0.1479214829892541,-146.39998079044108,-80.08332232565817,-66.3166584647829,140.11176745036042,0.1953266980078068,-0.1215634675395382,0.0171132649322952,17.378223195372286,58054.49035695,2.1898480609912125,0.05,-0.0086457610985574,-0.0024320957854383
2025-10-11 04:00:00,3792.61,3833.0,3734.94,3759.82,76111.139497,-0.0086457610985574,-0.0086833525188344,3895.22,4282.3165,4430.975666666666,0,-0.1506379556503352,-167.02932635987418,-97.47252313250138,-69.5568032273728,137.10806977533468,0.2247678822084619,-0.0428381600208688,0.0171121976430908,16.683276915505502,60390.300346200005,1.2603205988491033,0.05,0.0212058024054342,0.0183591252434142
2025-10-11 08:00:00,3759.61,3857.14,3750.38,3839.55,48157.901036,0.0212058024054342,0.0209840883171833,3842.416,4252.0945,4423.331666666666,0,-0.122021325491577,-174.9282230155859,-112.96366310911829,-61.96455990646761,134.9403505056679,0.2407296680455924,0.0969691628069614,0.0182807934607439,24.58083147077903,61472.03307040001,0.7834115553140698,0.2,-0.0037869021109244,-0.0046911798386388
2025-10-11 12:00:00,3839.54,3855.0,3783.6,3825.01,38373.60893,-0.0037869021109244,-0.0037940905784772,3807.896,4220.1615,4414.9595,0,-0.1134666954064946,-180.2832192784299,-126.42757434298062,-53.85564493544928,130.40175404097735,0.2531749110933076,0.130159985404776,0.0180990114148046,24.131596217392755,62142.81773045,0.6175067422344598,0.2,-0.0169568184135466,0.0550513095860875
2025-10-11 16:00:00,3825.01,3847.72,3729.0,3760.15,27914.868737,-0.0169568184135466,-0.0171022314310714,3795.428,4183.789500000001,4405.390166666666,0,-0.1332884628239378,-187.5982366435819,-138.66170680310088,-48.93652984048103,129.56734303805038,0.2653494651694406,0.1183999661748048,0.0179497373699702,22.183936445561898,62493.17508765,0.4466866773507333,0.1,-0.0033961411113918,0.0971524525557539
2025-10-11 20:00:00,3760.15,3766.52,3642.1,3747.38,46006.992141,-0.0033961411113918,-0.0034019210887388,3786.382,4148.77,4395.374666666667,0,-0.1421226134334507,-192.21019342091176,-149.37140412666307,-42.8387892942487,129.19967567818964,0.2758207878295208,0.149231815555341,0.0179878559982691,21.810690502705583,62850.77399805,0.7320035890477246,0.05,0.0091477245435476,0.1045043453445923
2025-10-12 00:00:00,3747.44,3819.95,3694.8,3781.66,46087.043398,0.0091477245435476,0.0091061375366434,3790.75,4112.101,4385.456666666667,0,-0.1300368996898954,-190.8985334211452,-157.6768299855595,-33.22170343558571,128.9104131297475,0.2760376962043105,0.2088868922756343,0.0176228718859507,25.437394875966987,63349.30731005,0.7275066666859759,0.2,0.0121454599302952,0.0925363679657393
2025-10-12 04:00:00,3781.74,3844.52,3776.26,3827.59,27073.698295,0.0121454599302952,0.0120722956453601,3788.358,4077.1815,4376.312833333333,0,-0.1147624774503908,-184.031466088893,-162.9477572062262,-21.083708882666823,124.57824076333696,0.2683018762852073,0.2718365703490419,0.0180733895479429,30.11465180502165,64257.81277835,0.421329284711069,0.4,-0.0018445026766189,0.0895566891193974
2025-10-12 08:00:00,3827.59,3866.93,3806.29,3820.53,25724.821441,-0.0018445026766189,-0.0018462058663619,3787.462,4045.6575,4367.0015,0,-0.1203968255795481,-177.117251328993,-165.78165603077957,-11.335595298213434,120.01122356595572,0.2617817073457193,0.2874308971682957,0.0180138847412671,29.80515619387156,64241.4480935,0.4004396258869958,0.3,0.055955587313802,0.068016362856363
2025-10-12 12:00:00,3820.53,4080.17,3793.72,4034.31,125458.447692,0.055955587313802,0.0544461269316391,3842.294,4026.041,4360.280166666666,0,-0.0168779867286289,-152.62802607461026,-163.15093003954573,10.522903964935466,131.89970759695893,0.2483179502382633,0.5082711649882273,0.0229338305149203,47.42502828825946,69619.976869,1.8020466730126627,0.6,0.0251443245561198,0.025551306439675
2025-10-12 16:00:00,4034.7,4175.0,4034.7,4135.75,86088.821519,0.0251443245561198,0.024833407123351,3919.968,4014.170000000001,4354.2865,0,0.0345556469990819,-123.6098806351406,-155.2427201586647,31.632839523524098,132.5275856257476,0.2377019427417258,0.6274188399676001,0.0237711765236668,53.40212768034814,71612.97481885001,1.202139999584819,0.7,0.0039557516774466,0.0287093933312218
2025-10-12 20:00:00,4135.75,4198.0,4081.05,4152.11,47595.415533,0.0039557516774466,0.0039479482639211,3994.058,4006.047,4348.744333333333,0,0.0862317494617381,-98.16113556848904,-143.8264032406296,45.665267672140544,131.4149009381942,0.2304688797932137,0.6582019692825402,0.0236695846765266,54.30441410302972,71070.37706945,0.6696941467819952,0.75,-0.0028202528353054,0.0221811824862739
2025-10-13 00:00:00,4152.11,4220.56,4124.8,4140.4,44839.148541,-0.0028202528353054,-0.0028242372414513,4056.62,3996.1465,4342.738166666666,1,0.0917020205083041,-78.03814572346619,-130.6687517371969,52.63060601373073,128.86812229975178,0.2205710191543801,0.6636577243677162,0.0236099155232487,53.5057990924363,71823.36226895,0.6242975422550558,0.75,0.0091657810839533,0.0042673130150114
2025-10-13 04:00:00,4140.4,4198.0,4116.26,4178.35,33509.63465,0.0091657810839533,0.0091240302380061,4128.184,3986.654,4337.997666666666,1,0.1113164991941104,-58.35559646342245,-116.20612068244203,57.85052421901959,125.5018278497695,0.2085575565380976,0.7305571397711504,0.0236612475611366,55.77567998454891,72918.0264336,0.4595521339365138,0.85,-0.0233848289396533,-0.0465489850592039
2025-10-13 08:00:00,4178.35,4195.99,4041.36,4080.64,39201.162372,-0.0233848289396533,-0.0236625929059698,4137.45,3973.34,4331.3595000000005,1,0.0627912125118828,-50.06430463332117,-102.97775747261788,52.913452839296696,127.58241157478594,0.1935955780280878,0.6394917617526673,0.0241387751462994,49.12563781217361,73991.5282881,0.5298060910346771,0.65,0.013490530897114,-0.0254224734596095
2025-10-13 12:00:00,4080.47,4181.6,4056.65,4135.69,69956.196481,0.013490530897114,0.013400343893518,4137.438,3963.9345,4324.6985,1,0.0812233170632232,-38.6062918931184,-90.10346435671798,51.49717246359958,127.39438217658696,0.1807092589195731,0.7397749331424922,0.0244036378106867,52.5576491959832,76454.94299925,0.914999001198474,0.75,0.0283024114476666,-0.0101883546343019
2025-10-13 16:00:00,4135.71,4272.86,4129.44,4252.74,44984.644168,0.0283024114476666,0.0279092983321084,4157.564,3959.398,4320.2480000000005,1,0.1310027525497652,-19.85193670471881,-76.05315882631814,56.20122212159933,128.5390691639736,0.172090894835943,0.9305139182260284,0.0252975777678094,58.90556976368661,78118.27156190001,0.57585304012205,1.0,-0.0025724591675013,-0.0343374990246942
2025-10-13 20:00:00,4252.73,4292.85,4235.49,4241.8,19326.830948,-0.0025724591675013,-0.0025757736260119,4177.844,3966.3095,4315.7315,1,0.1319375136762217,-5.8048272356909365,-62.0034925081927,56.19866527250176,123.45484993797554,0.1801725144691777,0.8855063069153741,0.0218315530393261,58.12278513799759,73905.9870829,0.2615056196505593,0.95,-0.0207341223065679,-0.0263932427668352
2025-10-14 00:00:00,4241.8,4263.83,4137.83,4153.85,34167.864538,-0.0207341223065679,-0.0209520924308739,4172.944,3974.1215,4310.178833333333,1,0.098419741594961,-1.7490596774996447,-49.95260594205409,48.20354626455445,123.63664637097727,0.1844037312542579,0.7452483559811696,0.0215191740672966,52.12568987943544,71908.7160325,0.475156092657216,0.85,-0.0416505169902621,-0.0161610659383941
2025-10-14 04:00:00,4153.85,4161.03,3964.96,3980.84,114268.919574,-0.0416505169902621,-0.0425427627245383,4152.984,3982.039,4301.5525,1,0.0400382486107446,-12.352899229600098,-42.432664599563296,30.0797653699632,128.8104573444789,0.1806894331649216,0.4983335936247834,0.0212810261537977,42.77569009340928,56098.88363155,2.036919670710438,0.5,-0.0022583173400589,0.0353311074489445
2025-10-14 08:00:00,3980.98,4015.45,3888.41,3971.85,74320.679479,-0.0022583173400589,-0.0022608711843148,4120.216,3991.001,4293.015166666667,1,0.0396070702232411,-21.237127947289537,-38.19355726910855,16.95642932181901,128.68399610558754,0.1749984971301561,0.472579504358644,0.0211787509593038,42.3505888190067,53458.39194850001,1.3902528072785656,0.45,0.0287246497224216,0.032385387717821
2025-10-14 12:00:00,3972.29,4089.05,3895.68,4085.94,97099.580001,0.0287246497224216,0.0283198308804211,4086.856,4007.307,4286.8615,1,0.0127977274924335,-18.85449086915696,-34.32574398911823,15.471253119961268,133.30442495518847,0.1670250590613891,0.61748180112824,0.0217814478218287,49.24429568906521,54507.8139737,1.7813882620178183,0.6,0.0041532670572743,-0.0254270228055078
2025-10-14 16:00:00,4086.59,4164.8,4047.83,4102.91,97111.114438,0.0041532670572743,0.0041446660502782,4059.078,4020.475,4280.78,1,-0.0079405186483709,-15.419154231085486,-30.544426037511684,15.125271806426198,132.13768031553218,0.1631037184076613,0.625710170150681,0.0214193712719482,50.19823687719956,56955.4746438,1.7050356448670425,0.6,0.0053717970903577,-0.0289498076820673
2025-10-14 20:00:00,4103.23,4145.01,4072.0,4124.95,28099.773832,0.0053717970903577,0.005357420450979,4053.298,4035.4719999999993,4274.7355,1,-0.0065412525198031,-10.793757671558524,-26.594292364321053,15.800534692762527,127.91427457870849,0.1576191487033945,0.6406737135845897,0.0213523023401327,51.47387298529779,56441.7828889,0.4978541143413487,0.6,-0.0105019454781268,-0.0336789683565288
2025-10-15 00:00:00,4124.93,4146.01,4061.26,4081.63,38228.087009,-0.0105019454781268,-0.0105574800638616,4073.456,4051.546,4267.233333333334,1,-0.0141942807458215,-10.502592188492144,-23.37595232915527,12.873360140663127,124.83111210880072,0.1442385787161219,0.5514793875616484,0.0210657736490903,48.826592006173904,56957.44380249999,0.6711692881014103,0.45,0.0098416563970766,-0.0159394628267231
2025-10-15 04:00:00,4081.63,4130.0,4072.23,4121.8,29024.799012,0.0098416563970766,0.0097935427180722,4103.446,4070.267,4259.153333333334,1,-0.0135340505223353,-6.950338978813761,-20.09082965908697,13.14049068027321,120.04103267245782,0.1266734837514822,0.5999486223218384,0.0210184945386753,51.32638946674007,56108.33414605,0.5172992471394436,0.55,-0.0052040370711824,-0.0284585787505742
2025-10-15 08:00:00,4121.75,4216.66,4086.43,4100.35,49063.729852,-0.0052040370711824,-0.0052176252348074,4106.328,4086.2015,4251.6375,1,0.0048301246863238,-5.799139581159579,-17.232491643501493,11.433352062341914,120.76881605299654,0.1083073495095202,0.5319692679973362,0.0211135490182442,49.923964308187045,56257.16846875,0.8721329421201522,0.45,-0.0290877608009073,-0.0088098891227332
2025-10-15 12:00:00,4100.34,4108.0,3959.0,3981.08,72293.364231,-0.0290877608009073,-0.0295191966507907,4081.962,4093.8759999999993,4242.452333333333,0,-0.0373843300634234,-14.34553162480779,-16.655099639762753,2.3095680149549622,122.78532919206822,0.0946857936214657,0.2090125952790673,0.0222841360500441,42.90413245070402,58518.15176555,1.2354006756850369,0.2,0.0006304821807148,-0.0178379750903613
2025-10-15 16:00:00,3981.39,4013.52,3928.84,3983.59,48616.622453,0.0006304821807148,0.0006302835103257,4053.69,4102.029,4234.058,0,-0.0632886092260518,-20.677713064989348,-17.459622324808073,-3.2180907401812746,120.06351996406336,0.0767625944832087,0.123862736514149,0.0222673458601064,43.08550340175472,59662.74181615,0.8148573292660857,0.2,0.0006426364158962,-0.0287186069923642
2025-10-15 20:00:00,3983.36,3996.35,3925.0,3986.15,37330.415753,0.0006426364158962,0.0006424300135377,4034.594,4099.621,4225.25,0,-0.0602692253288698,-25.198963901998468,-19.00749064024616,-6.191473261752314,116.5839828237731,0.0794655823217978,0.151693080006955,0.0183455073323379,43.28339357043462,55256.34021920001,0.6755861065881584,0.25,0.0072375600516789,-0.0222734462625145
2025-10-16 00:00:00,3986.14,4037.4,3976.0,4015.0,20317.002434,0.0072375600516789,0.0072114946051886,4013.234,4093.5835,4216.551666666666,0,-0.0334268209010918,-26.152662262595182,-20.43652496471596,-5.716137297879225,112.64226976493217,0.0811058137693072,0.2633122788732869,0.0174461064910706,45.57981641153901,51967.749264950005,0.3909540574947112,0.3,-0.0026774595267745,-0.0196024658147351
2025-10-16 04:00:00,4015.01,4050.9,3978.86,4004.25,32463.482638,-0.0026774595267745,-0.0026810503324567,3994.014,4086.1905,4207.730333333333,0,0.0058806684016439,-27.45937565323265,-21.8410951024193,-5.618280550813356,109.74210763886558,0.0822669562594293,0.2562444176273366,0.0174032327402358,44.851094222860326,51211.1526202,0.6339143131333259,0.3,0.0144446525566586,-0.0616340352998872
2025-10-16 08:00:00,4004.5,4079.62,3940.0,4062.09,48327.398281,0.0144446525566586,0.0143413224195882,4010.216,4082.275,4199.234666666666,0,0.0227198912345631,-23.55620949885224,-22.18411798170589,-1.3720915171463517,111.87624280751804,0.0815655196916175,0.4393794477049434,0.0177673762716237,49.52687478951768,51385.5651072,0.940485877311652,0.4,-0.0381158467685354,-0.0704523970566225
2025-10-16 12:00:00,4062.1,4087.51,3891.69,3907.26,73779.135673,-0.0381158467685354,-0.0388612584041578,3994.95,4068.7205,4186.472,0,-0.0437304512547908,-32.580837617227644,-24.26346190881024,-8.317375708417405,117.87222546412391,0.0869132753608301,0.0434142856603945,0.0194381331362424,39.79930738470913,53399.04015835,1.381656588849063,0.05,-0.0102501497212881,-0.0272128239416533
2025-10-16 16:00:00,3907.26,3968.24,3851.43,3867.21,66984.608001,-0.0102501497212881,-0.0103030442677328,3971.162,4058.049,4172.209,0,-0.0574470314971569,-42.4749954009435,-27.90576860723689,-14.569226793706603,117.79635221668649,0.0972049596116672,0.0162049491382654,0.0189344768227,37.734705229719495,54788.2124398,1.2226098464993929,0.05,0.0070877971457459,-0.0089923962217029
2025-10-16 20:00:00,3867.21,3898.56,3825.83,3894.62,27074.994338,0.0070877971457459,0.0070627967737545,3947.086,4045.9955,4159.0485,0,-0.0558382525848798,-47.556230184186006,-31.835860922626715,-15.720369261559291,114.57732705835174,0.1018521124362591,0.1326668234419058,0.018702401343582,40.027698480191,52644.15233265,0.5143020285884258,0.1,0.0099085404994583,-0.0151006028101795
2025-10-17 00:00:00,3894.83,3950.64,3888.69,3933.21,17983.103123,0.0099085404994583,0.0098597727919782,3932.878,4030.019,4146.4186666666665,0,-0.0363629236359004,-47.91689868747653,-35.052068475596684,-12.864830211879848,110.81823226846946,0.0934128021825542,0.2428406968741872,0.0175047576444531,43.19917705799556,51294.07528040001,0.3505883091701144,0.2,-0.0447090290119266,-0.0148679071540173
2025-10-17 04:00:00,3933.19,3935.99,3753.05,3757.36,71889.589265,-0.0447090290119266,-0.0457393032445348,3871.932,4005.797,4131.064833333333,0,-0.0884176815954195,-61.681332430083785,-40.377921266494106,-21.30341116358968,115.9697871064359,0.0985754097859971,-0.1291565874790043,0.0197475579338949,34.29824896800271,53922.213196250006,1.3332091730611593,0.05,0.0056262907999233,0.0355144556390466
2025-10-17 08:00:00,3757.6,3818.0,3674.0,3778.5,81438.629088,0.0056262907999233,0.0056105223434738,3846.18,3987.0295,4115.561333333333,0,-0.0784932993524943,-70.07613000699666,-46.31756301459462,-23.758566992402045,117.9719451702619,0.1046479607011461,0.0002103210875499,0.0195813615381323,36.00531767060218,56285.75142375,1.4468782423261146,0.1,0.0051237263464338,0.0272781512238948
2025-10-17 12:00:00,3778.27,3811.51,3714.28,3797.86,71817.719548,0.0051237263464338,0.0051106447259988,3832.31,3977.8805,4103.654666666666,0,-0.0460226873109809,-74.31027477515363,-51.916105366706425,-22.394169408447205,116.49037765810036,0.11280187471841,0.0988064762547968,0.0176096617976065,37.60419269088254,54163.19142244999,1.325950662468394,0.15,0.0079702779986623,0.0209413015097687
2025-10-17 16:00:00,3797.86,3850.71,3779.26,3828.13,46216.233205,0.0079702779986623,0.0079386831020147,3819.012,3970.6945,4092.7953333333335,0,-0.0390251004746974,-74.36608307185634,-56.40610090773641,-17.95998216411993,113.27320782537888,0.1177029476430018,0.194959445364145,0.0177558222942016,40.12315288848413,52757.96910875,0.8760047815664489,0.2,0.0009795905572693,0.0171202513008754
2025-10-17 20:00:00,3828.03,3883.99,3818.04,3831.88,25274.085023,0.0009795905572693,0.000979111071547,3798.746,3957.9915,4082.538333333333,0,-0.0387015039574526,-73.26318549153075,-59.77751782449528,-13.485667667035464,109.89297869499468,0.1186761578681268,0.2315172691876593,0.0162767983443324,40.44392418627825,49166.69435985,0.5140488973698233,0.25,0.0101412361556205,0.0148668800804184
2025-10-18 00:00:00,3831.69,3882.58,3819.24,3870.74,18429.495067,0.0101412361556205,0.0100901588546195,3821.422,3946.383,4072.984166666667,0,-0.0359302615193026,-68.46424082897965,-61.51486242539216,-6.949378403587495,106.5677659310665,0.1155024900833738,0.3340496526202895,0.0164706982653431,43.80362855141672,45232.6133913,0.4074382107345739,0.35,0.0056733337811374,0.0091047067076498
2025-10-18 04:00:00,3870.56,3928.27,3841.71,3892.7,31960.466064,0.0056733337811374,0.0056573010338765,3844.262,3934.7705,4063.468,0,-0.0278579009802085,-62.1723697591292,-61.646363892139576,-0.526005866989621,105.1386397931332,0.1085432215661171,0.4014956159866317,0.0164786861157209,45.66888201097214,45425.6480029,0.7035775485681488,0.4,-0.0026100136152285,-0.0011743736319783
2025-10-18 08:00:00,3892.79,3905.82,3862.7,3882.54,15442.361498,-0.0026100136152285,-0.0026134256390097,3861.198,3924.816,4053.383833333333,0,-0.0442013840166023,-57.344808439341705,-60.786052801580006,3.441244362238301,100.70873695076656,0.1037310264790355,0.3961597052037798,0.0163777702600211,44.92590989136,44286.36172735,0.3486933876634809,0.4,-0.0012131233676923,0.0107129033577356
2025-10-18 12:00:00,3882.55,3895.06,3847.01,3877.83,11352.79485,-0.0012131233676923,-0.0012138597974919,3871.138,3912.6175,4043.884833333334,0,-0.0075321324918229,-53.28475545729361,-59.28579333272273,6.00103787542912,96.94739859714036,0.0935917082505228,0.4050011272275002,0.0161286902667656,44.56396054184562,43402.76151925,0.2615684913266361,0.4,0.004149227789769,0.0260414731879018
2025-10-18 16:00:00,3878.06,3899.52,3853.82,3893.92,9966.014174,0.004149227789769,0.0041406434814513,3883.546,3902.2960000000007,4033.532833333333,0,0.0069067880978792,-48.2130358222721,-57.071241830632616,8.858206008360511,93.28687012591604,0.0828294450248355,0.4740861638519102,0.0161944476097986,46.15975790508114,41447.87573535,0.2404469227237187,0.55,-0.0012737806631877,0.0235231199388995
2025-10-18 20:00:00,3893.92,3909.26,3869.32,3888.96,6991.863641,-0.0012737806631877,-0.0012745926113458,3887.19,3897.69,4022.915833333333,0,-0.0014532868418484,-44.0856995176573,-54.47413336803756,10.388433850380252,89.47637940263634,0.0808524030800689,0.4722978155638375,0.0149317895484428,45.722810881673205,38182.80070584999,0.1831155261465347,0.5,0.0043790627828519,0.0239915718849683
2025-10-19 00:00:00,3888.95,3906.62,3855.25,3905.99,12666.956198,0.0043790627828519,0.004369502587061,3889.848,3893.81,4013.832166666667,0,-0.0069205559835351,-38.99111182010756,-51.37752905845156,12.386417238343997,86.75449515959089,0.0784127263010594,0.539892015419374,0.0149776048405821,47.55833211749585,36385.317393100006,0.3481337282604582,0.7,-0.0046057465584908,0.0308284056959186
2025-10-19 04:00:00,3906.0,3920.59,3874.01,3888.0,13908.259386,-0.0046057465584908,-0.0046163856891667,3890.94,3888.9025,4004.854833333333,1,0.034769093193093,-35.99038229273856,-48.30009970530896,12.3097174125704,83.88488836247724,0.0754277750804968,0.4969232737399898,0.014995595647883,45.79645691426743,35214.20957475,0.3949615667640253,0.5,0.0092772633744855,0.0421729744751419
2025-10-19 08:00:00,3888.0,3958.94,3822.8,3924.07,66166.774371,0.0092772633744855,0.0092344938856692,3900.188,3884.356,3997.369833333333,1,0.0385258700542543,-30.351857651150567,-44.71045129447728,14.358593643326714,87.617396336586,0.0700232652890954,0.6460098809169141,0.0150623340612831,49.81117640453771,37506.6981716,1.7641322109526922,0.85,0.0141154464624739,0.028120828561287
2025-10-19 12:00:00,3924.07,4002.66,3908.37,3979.46,35539.735759,0.0141154464624739,0.014016751215379,3917.296,3883.1165,3991.784666666667,1,0.0478164018684206,-21.16974452567684,-40.00230994071719,18.83256541504036,88.09401088397271,0.0679851733801626,0.8649453124453069,0.0154295217469548,55.28791889330368,37660.51082765,0.9436870339237952,0.95,0.0016308745407667,0.0063477501161803
2025-10-19 16:00:00,3979.45,4027.9,3959.01,3985.95,36494.433232,0.0016308745407667,0.0016295461090237,3936.694,3879.3095,3985.910333333333,1,0.0412263951328715,-13.216809803147044,-34.64520991320316,21.42840011005612,86.7222958208318,0.0589492852927483,0.96632553662372,0.0150510287069748,55.895212975952816,37068.86257519999,0.9845037235217382,1.0,-0.0008053287171189,-0.0011268570213762
2025-10-19 20:00:00,3985.95,4031.96,3970.13,3982.74,18286.497992,-0.0008053287171189,-0.0008056531684952,3952.044,3883.0835,3979.486,1,0.0393697088635343,-7.091327501413616,-29.13443343084525,22.04310592943164,84.94427469077239,0.0630816346517818,0.9068421700248788,0.0122361145584387,55.49373370224833,34294.230691150005,0.5332237412375904,0.95,0.0112158965938022,-0.0006882804626942
2025-10-20 00:00:00,3982.8,4041.07,3908.99,4027.41,31090.994833,0.0112158965938022,0.011153464810824,3979.926,3891.0935,3974.160833333334,1,0.0404754646398364,1.3520711965411465,-23.03713250536797,24.38920370190912,88.3111122128601,0.070586362594272,0.996313350291201,0.0121356549750275,59.81892813882472,32499.550032750005,0.9566592399485347,1.0,0.0067388222207325,-0.0260795740354607
2025-10-20 04:00:00,4027.6,4085.83,4022.84,4054.55,38803.356667,0.0067388222207325,0.0067162178526592,4006.022,3899.09,3969.673333333333,1,0.0415778251599148,10.116875632870231,-16.406330877720332,26.523206510590565,86.50246134051294,0.0793726110084095,1.002324934903565,0.0121283593751686,62.22114306543988,33085.9681492,1.1728040265292416,1.0,-0.0047748825393694,-0.0405828226419878
2025-10-20 08:00:00,4054.54,4072.28,4012.02,4035.19,26249.388629,-0.0047748825393694,-0.0047863187097712,4017.168,3904.189,3964.535333333333,1,0.0393170450272244,15.324208161243403,-10.060223069927586,25.384431231171,84.6279998161906,0.0846601976502563,0.8963368919190082,0.012074186106413,59.48897733527913,33499.282424499994,0.7835806240972577,0.95,-0.0076576319826328,-0.0364142249126149
2025-10-20 12:00:00,4035.3,4050.49,4003.24,4004.29,25688.303694,-0.0076576319826328,-0.0076871021908297,4020.836,3916.5355,3962.8806666666665,1,0.0326110221438278,16.76443497793207,-4.695291460355656,21.459726438287724,81.9581426864627,0.0797587008208307,0.7809242677293423,0.0058977624026088,55.3141089834302,31189.21814595,0.8236276899854154,0.85,-0.0058437325967899,0.020549355350312
2025-10-20 16:00:00,4004.19,4004.2,3922.76,3980.89,51113.93735,-0.0058437325967899,-0.0058608740146516,4020.466,3926.655,3962.602,1,0.0223348194107737,15.835103452797284,-0.5892124777250678,16.42431593052235,81.92756106600106,0.0738153719517375,0.6871156388149273,0.0061997663284153,52.319683881537465,29672.98355905,1.7225749223458422,0.7,-0.0003667521584369,0.0053593325177913
2025-10-20 20:00:00,3980.75,4003.12,3970.66,3979.43,10254.988422,-0.0003667521584369,-0.0003668194284579,4010.87,3935.7335,3965.2176666666655,1,0.02326328889986,14.810070452160744,2.4906441082520945,12.319426343908647,78.394163847001,0.0680117492454404,0.6632439233522486,0.0062051137989664,52.13006243271667,26594.84700275,0.3856005797265763,0.6,-0.0141753969789643,-0.0250685551646185
2025-10-21 00:00:00,3979.43,3985.91,3916.61,3923.02,14346.948201,-0.0141753969789643,-0.0142768276059429,3984.564,3940.478,3967.391166666667,1,0.0043599701996166,9.33826316730756,3.860167920063188,5.478095247244371,77.74458071507233,0.0632696663876628,0.4299754966090865,0.0070666407534794,45.298854615505725,25001.38275255,0.573846188548779,0.5,-0.0077644263857946,-0.0143167811843452
2025-10-21 04:00:00,3923.02,3923.02,3840.19,3892.56,35317.161167,-0.0077644263857946,-0.0077947264881925,3956.038,3943.512,3969.6035,1,0.0011728395061727,2.514958164447308,3.591125968940012,-1.0761678044927048,78.10782494971002,0.0591510892962953,0.2815684727191956,0.0073490145211254,42.09139597720046,25503.53655975,1.3847946571746437,0.3,-0.0006062848099965,-0.004031518388657
2025-10-21 08:00:00,3892.62,3897.76,3851.63,3890.2,15804.429412,-0.0006062848099965,-0.0006064686749521,3933.22,3944.485,3970.4476666666665,0,-0.0086313444969127,-3.047858668727258,2.263329041406558,-5.311187710133816,75.82369459615931,0.0580516547861327,0.2629309118288039,0.0070163092901773,41.8441804767663,25372.283277,0.6229013463020385,0.25,0.0493059482802942,-0.0138631128207448
2025-10-21 12:00:00,3890.2,4085.47,3852.3,4082.01,62688.118213,0.0493059482802942,0.0481289439737176,3953.444,3953.9505,3974.731,0,0.0257698280671248,7.929625107773973,3.396588254680041,4.533036853093932,87.06271641071933,0.0639747604598863,1.0062580072984464,0.01300833717243,61.58986299860951,26908.66588445,2.3296628113111417,1.0,-0.0210337554293106,-0.059990826653365
2025-10-21 16:00:00,4082.01,4110.14,3964.31,3996.15,65335.959669,-0.0210337554293106,-0.0212581165448433,3956.788000000001,3959.631,3978.664333333333,0,0.0025589884469199,9.590620942835812,4.635394792311196,4.9552261505246165,91.2603795242394,0.0622797900681972,0.6480870293052475,0.0140004584299974,52.927015016631806,29403.345793000004,2.222058677572482,0.75,-0.0307946398408468,-0.048609952770598
2025-10-21 20:00:00,3996.16,4001.34,3858.0,3873.09,54348.495305,-0.0307946398408468,-0.0312787595565523,3946.8020000000006,3959.394,3980.7595,0,-0.0275312975489234,0.965923993749584,3.9015006325988737,-2.9355766388492897,94.98035241536518,0.0626090957744095,0.1518513042245065,0.015758238380077,43.48612612681875,31553.13081575,1.722443824112424,0.05,-0.003423622998691,-0.017507762972598
2025-10-22 00:00:00,3873.1,3889.8,3820.17,3859.83,34547.708353,-0.003423622998691,-0.0034294970066675,3940.256,3957.6895,3982.062333333333,0,-0.0416098683769469,-6.860102664295482,1.7491799732200026,-8.609282637515484,93.1696129571248,0.0648664971042577,0.118810589111416,0.015745672563509,42.60426567595977,32782.2155247,1.0538552016708504,0.05,0.0025208364098936,-0.008447457654169
2025-10-22 04:00:00,3859.87,3884.39,3837.5,3869.56,20179.300964,0.0025208364098936,0.0025176644313652,3936.128,3956.7195,3982.761833333333,0,-0.0456252851734472,-12.137244887387624,-1.0281049989015223,-11.1091398884861,89.86392631733017,0.0660625781135113,0.1665552002841813,0.0157564729605353,43.509536005296646,33441.58739084999,0.6034193511256971,0.1,-0.0104378792420843,0.0031685484813007
2025-10-22 08:00:00,3869.3,3869.53,3769.0,3829.17,32718.990798,-0.0104378792420843,-0.0104927359627321,3885.56,3952.8785,3982.905833333333,0,-0.0510558362803238,-19.355436146079228,-4.693571228337063,-14.661864917742164,90.62793158037802,0.0711254924351286,0.0599917806757092,0.0158809803023775,40.6437846428649,34444.18912085,0.9499132258043,0.05,0.003178234447674,0.0091152940406555
2025-10-22 12:00:00,3829.17,3877.31,3780.0,3841.34,57772.486391,0.003178234447674,0.003173194536428,3854.598,3950.5455,3979.689666666666,0,-0.0406938558396119,-23.819313216039063,-8.518719625877463,-15.3005935901616,91.1052221817796,0.074035008302217,0.1266206338597013,0.0158801004431281,41.885830133908414,36637.4004711,1.5768718754097086,0.1,-0.0096528815465436,0.009451961690793
2025-10-22 16:00:00,3841.5,3861.61,3781.16,3804.26,38458.943027,-0.0096528815465436,-0.0096997726075162,3840.832,3944.555,3974.164833333333,0,-0.0443694751676131,-30.00315635385914,-12.815606971473798,-17.187549382385342,90.34413488308108,0.0807784908409013,0.059700246467156,0.0158316854899729,39.19471289169853,35252.0089039,1.0909716700640346,0.05,0.0003075499571532,0.0146892058973455
2025-10-22 20:00:00,3804.93,3817.08,3707.56,3805.43,38100.764468,0.0003075499571532,0.0003075026733596,3829.952,3935.8535,3968.3868333333335,0,-0.043724855067183,-34.41279805609565,-17.13504518839817,-17.277752867697483,91.71383953428958,0.0860959686288102,0.1151122318002824,0.0154135710831984,39.32717465454418,35380.060339350006,1.076899363725053,0.1,0.005636682319738,0.0137003105550767
2025-10-23 00:00:00,3805.79,3836.58,3796.72,3826.88,11942.215893,0.005636682319738,0.0056208556712918,3821.416,3927.9,3963.1615,0,-0.0245066300962013,-35.76436579367646,-20.86090930945383,-14.90345648422263,88.00999385326891,0.0886712497259605,0.2099558488648699,0.0154907369213814,41.82913723626421,34152.4494724,0.349673773843103,0.15,0.0141368425453634,0.0167975357062128
2025-10-23 04:00:00,3826.94,3897.32,3822.87,3880.98,22772.728527,0.0141368425453634,0.014037849264183,3831.778,3922.812,3958.205333333333,0,-0.0029749059744743,-32.10004574997174,-23.108736597557414,-8.991309152414328,87.04142286374973,0.0883978780571963,0.3793661208094987,0.0159022699945003,47.68835476840551,34376.76099915,0.6624454388696794,0.45,-0.0044911336827295,0.0176668482801353
2025-10-23 08:00:00,3880.99,3907.08,3859.0,3863.55,22630.548584,-0.0044911336827295,-0.0045012491214951,3836.22,3914.619,3954.587166666666,0,-0.0068505475296899,-30.253754596072213,-24.537740197260376,-5.716014398811836,84.2584640877676,0.0859594410570466,0.3482340756650061,0.0156439033581296,46.078032319031976,33953.738686699995,0.6665112432188389,0.35,0.0035149020978115,0.0214920681417348
2025-10-23 12:00:00,3863.55,3888.89,3809.04,3877.13,36215.216161,0.0035149020978115,0.003508739266377,3850.794,3905.748000000001,3950.277833333333,0,-0.0501909598457622,-27.379153212293204,-25.106022800266945,-2.273130412026262,83.9435737957842,0.0799183207546928,0.4083170222114224,0.0155659691338574,47.5636931391367,33824.3316614,1.0706853434247885,0.5,-0.0044156373399911,0.0034085122128741
2025-10-23 16:00:00,3877.13,3936.0,3845.01,3860.01,41185.677583,-0.0044156373399911,-0.0044254150604116,3861.71,3896.989,3943.732333333333,0,-0.0340677902481137,-26.18065750463348,-25.32094974114025,-0.8597077634932226,84.44688995322818,0.0745816053156821,0.3727686147323767,0.0155629526259226,45.84867239696819,34571.1461091,1.1913309860490533,0.35,-0.0006813453851156,0.0175147646459531
2025-10-23 20:00:00,3860.01,3861.93,3818.83,3857.38,20002.155399,-0.0006813453851156,-0.0006815776063704,3867.81,3889.6435,3937.3253333333337,0,-0.0040561928589317,-25.153110639605075,-25.28738192083322,0.1342712812281448,81.49354067085473,0.0707144720069448,0.3827012518790774,0.0155099968943788,45.57679427896512,34286.83869435,0.583377067139645,0.3,0.0087339074708741,0.0202791144466306
2025-10-24 00:00:00,3857.39,3895.88,3845.91,3891.07,14805.460798,0.0087339074708741,0.0086959875338789,3869.828,3885.1524999999992,3932.945666666667,0,0.0080936207035025,-21.373886051454065,-24.5046827469574,3.130796695503328,79.24185919436512,0.0674504313162686,0.5225811192920938,0.0156496081081119,49.69220091882784,32471.41486675,0.455953670597842,0.75,0.0150061551192859,0.0080231496470313
2025-10-24 04:00:00,3891.08,3989.83,3885.78,3949.46,38214.302392,0.0150061551192859,0.0148946766322956,3887.0100000000007,3883.654,3932.422666666667,1,0.0206483424472032,-13.511486319409414,-22.3060434614478,8.794557142038386,81.01386925191045,0.0655637013110455,0.7584410512594305,0.0160559160823953,55.91444564274845,33869.38056525,1.128284655763911,0.9,-0.00066591382113,-0.0049989898041411
2025-10-24 08:00:00,3949.46,3969.62,3926.15,3946.83,13732.524654,-0.00066591382113,-0.0006661356402189,3900.95,3884.8445,3932.0056666666665,1,0.0307272855475206,-7.407310047074134,-19.326296778573067,11.918986731498933,78.33216430534542,0.0665122765276056,0.7398913873900216,0.0157202032845379,55.58098852383304,33838.65938790001,0.4058235433201134,0.85,-0.0145686538310492,-0.0014774747287862
2025-10-24 12:00:00,3946.84,4030.53,3871.42,3889.33,60883.797598,-0.0145686538310492,-0.0146758187744551,3906.814,3884.683,3928.7288333333336,1,0.0124930362842132,-7.127316556816368,-16.886500734221727,9.75918417740536,84.10200971210647,0.06649912729745,0.517988756435382,0.0159781315396175,48.73752135499018,35116.99120945,1.733741858317752,0.7,0.0096906150930879,0.011301993397476
2025-10-24 16:00:00,3889.34,3938.74,3865.92,3927.02,17025.734573,0.0096906150930879,0.009643962237084,3920.742,3886.524,3925.797333333333,1,0.0322690878120843,-3.8201157703542776,-14.273223741448238,10.45310797109396,83.29615187552741,0.067139215430029,0.6551938517563164,0.016120167641709,52.83670205814376,35178.0564675,0.4839873569686714,0.8,0.0020830044155619,0.0078021244736255
2025-10-24 20:00:00,3927.19,3945.99,3924.35,3935.2,7867.551007,0.0020830044155619,0.00208083796982,3929.568,3879.183500000001,3922.634833333333,1,0.0341012710784327,-0.5329343476810209,-11.525165862694797,10.992231515013774,78.89214102727546,0.0506143139580097,0.7853003414403577,0.0113673912231199,53.70201148436342,32437.0281072,0.2425484536067486,0.85,-0.0035220573287252,0.0047842194607381
2025-10-25 00:00:00,3934.74,3939.25,3912.12,3921.34,6450.736432,-0.0035220573287252,-0.003528274374793,3923.944,3875.443,3919.9633333333336,1,0.024683292917468,0.9429249931345112,-9.031547691528932,9.974472684663445,75.19484523961295,0.0437924342328497,0.7704355987084109,0.0104420777496181,51.9624045953133,29492.766945349995,0.2187226598288724,0.8,0.0019840156681134,0.002716915291818
2025-10-25 04:00:00,3921.34,3960.5,3919.81,3929.12,10191.069865,0.0019840156681134,0.0019820501083992,3920.402,3878.2445,3916.752,1,0.0124040835046816,2.709106243138649,-6.6834169045954175,9.392523147734067,72.73021343678346,0.0453829556875141,0.7890551610944281,0.0077190838534282,52.88501984431587,27284.89567335,0.3735059128319824,0.85,0.0028556012542249,0.0057152997213687
2025-10-25 08:00:00,3929.12,3956.8,3928.0,3940.34,7431.670171,0.0028556012542249,0.002851531770338,3930.604,3882.27,3914.0851666666654,1,0.019875503099481,4.957036211168997,-4.355326281442535,9.312362492611532,69.5923410484418,0.0471678435696935,0.8171173974091609,0.0076680661505456,54.24970116414346,25929.09376425,0.2866151142253375,0.9,-0.0017891857047869,0.0265701020425583
2025-10-25 12:00:00,3940.35,3956.74,3923.55,3933.29,6816.816173,-0.0017891857047869,-0.0017907882092673,3931.858,3885.4565,3913.288666666667,1,0.0144849411807186,6.099351300524177,-2.264390765049193,8.36374206557337,66.99217383069593,0.0483712205077079,0.7545089520537879,0.0076854136244077,53.20685377838221,25260.9695247,0.2698556825514779,0.8,0.0061907461692374,0.0357014679546073
2025-10-25 16:00:00,3933.29,3969.06,3928.0,3957.64,6271.017976,0.0061907461692374,0.0061716622222529,3936.346,3891.88,3912.8561666666665,1,0.0252926805889102,8.867269375653905,-0.0380587369085729,8.905328112562477,65.13987569993193,0.0489524147103591,0.8451661862954524,0.0072898251170513,56.32938806655184,23938.5708836,0.2619629219510423,1.0,-0.0009349005973255,0.0277118693207211
2025-10-25 20:00:00,3957.43,3965.25,3935.41,3953.94,4463.625114,-0.0009349005973255,-0.00093533788946,3942.866,3897.51,3912.319333333333,1,0.0250325350367348,10.639657960150087,2.0974846025031595,8.542173357646929,62.61845600707967,0.0492376731969441,0.7940527806942096,0.007303237792378,55.720929841462485,21273.12781975,0.2098245801849582,0.95,-0.0055893614976453,0.0512110540342953
2025-10-26 00:00:00,3953.94,3961.66,3918.6,3931.84,8026.2478,-0.0055893614976453,-0.0056050404293932,3943.41,3903.889,3910.933333333333,1,0.0104778377155898,10.14406886868528,3.706801455739584,6.4372674129456975,61.22142343514541,0.0444873842646746,0.660939637293572,0.0070288555720884,52.10086850678819,19751.4930584,0.4063615735918537,0.65,0.0049824000976641,0.0677206010452635
2025-10-26 04:00:00,3931.85,3956.18,3929.01,3951.43,4112.993461,0.0049824000976641,0.0049700290170635,3945.628,3911.189,3910.053,1,0.0004988023679186,11.202919935273712,5.2060251516464096,5.996894783627303,58.78917890406356,0.0390798592812621,0.7632733929398123,0.0070586869206955,54.89804449587248,18052.10450805,0.2278401091222293,0.9,0.0237104035754145,0.0619248235047917
2025-10-26 08:00:00,3951.43,4057.19,3950.46,4045.12,29232.282463,0.0237104035754145,0.0234336776109228,3967.994,3922.101,3909.770166666667,1,0.0249035301748492,19.378681654847696,8.040556452286667,11.338125202561027,62.21352326805903,0.0442504062673417,1.2088203162530136,0.008558747186378,65.32674605702118,18916.60783655,1.5453237026206368,1.0,0.0073421802072621,0.0289910184341151
2025-10-26 12:00:00,4044.95,4100.0,4041.1,4074.82,27932.860377,0.0073421802072621,0.0073153576130275,3991.43,3931.793,3912.562833333334,1,0.0476920189338523,27.932584065854822,12.0189619750003,15.913622090854526,61.97684303462625,0.0545040769298058,1.1674187378072949,0.0082134244953743,67.86351620168719,19174.61442905,1.4567625586609474,1.0,-0.0017988524646488,0.0242290060098305
2025-10-26 16:00:00,4074.83,4080.27,4045.83,4067.49,11023.938194,-0.0017988524646488,-0.0018004723426494,4014.14,3941.99,3915.9008333333336,1,0.0357701259479197,33.731310068030325,16.361431593606305,17.36987847442402,60.00992567501009,0.0596364413632706,1.0338466076573831,0.0081147694277493,66.56904891862564,18594.28390955,0.5928670470788133,0.95,0.0225642841162487,0.0309185194924843
2025-10-26 20:00:00,4067.49,4180.82,4054.1,4159.27,38479.348244,0.0225642841162487,0.0223134765099558,4059.626,3956.097,3920.3116666666665,1,0.0569399268143933,45.21155055329018,22.13145538554308,23.0800951677471,64.77493098393792,0.074336495984673,1.1908710203960362,0.0092636469595313,73.40856352258517,18707.4905137,2.0568952428878977,1.0,0.0109201855133229,-0.0091197194175367
2025-10-27 00:00:00,4159.41,4226.0,4147.9,4204.69,39510.098518,0.0109201855133229,0.0108609908421293,4110.278,3973.3310000000006,3924.836333333333,1,0.0722584626683733,57.314057479880375,29.167975804410545,28.14608167546984,65.72672162794238,0.0885480656656665,1.1575860240215914,0.0092033310973671,76.02287547152079,18623.71156045,2.121494332091413,1.0,-0.0008133774428077,-0.0263548411383546
2025-10-27 04:00:00,4204.92,4254.04,4193.89,4201.27,31293.160817,-0.0008133774428077,-0.0008137084137216,4141.508,3990.5255,3932.234833333334,1,0.069264873559474,65.87010641119878,36.50840192576819,29.361704485430582,65.32838436880361,0.0970103716773046,1.0443873067481448,0.0092071582395865,75.42159790877082,19188.26183135,1.6308491666437903,0.95,-0.0092234014952621,-0.0199850533076241
2025-10-27 08:00:00,4201.27,4201.47,4132.56,4162.52,27915.471374,-0.0092234014952621,-0.0092662004339732,4159.048000000001,4004.098,3938.635166666667,1,0.0563859971474542,68.73173897663446,42.95306933594144,25.778669640693018,65.5842140567462,0.1007273830747016,0.8927925503962078,0.0096202845588185,68.78347759887194,19843.76236015,1.406763035524932,0.9,0.0025801677829775,-0.0119518041518613
2025-10-27 12:00:00,4162.52,4187.84,4122.51,4173.26,27186.939165,0.0025801677829775,0.0025768448646473,4180.202,4015.288,3944.8918333333336,1,0.061009994177902,71.04724324896551,48.57190411854626,22.475339130419258,65.56605590983575,0.1060049659077922,0.8711395227744785,0.0092258885651474,69.58255595186188,19292.3941988,1.4092050413675998,0.9,0.004890661018005,-0.0181723413703263
2025-10-27 16:00:00,4173.26,4233.45,4172.75,4193.67,24186.27497,0.004890661018005,0.0048787405854728,4187.082,4027.63,3950.9841666666666,1,0.0596390778342648,73.6798777272993,53.59349884029687,20.086378887002432,65.21848048770461,0.1111583547838967,0.870869438989046,0.0091996540902803,71.09672812504776,19815.0817146,1.2205993050323507,0.9,-0.0174739547937724,-0.0371968726671767
2025-10-27 20:00:00,4193.69,4195.82,4094.0,4120.39,28395.460064,-0.0174739547937724,-0.0176284264743279,4170.222,4039.183,3955.792666666666,1,0.0420972498318132,69.05712835588201,56.686224743413895,12.37090361246812,67.83287473858283,0.1078829803592168,0.6863575538691914,0.0095106419138434,59.62102908514716,18190.6648379,1.560990778349038,0.7,-0.006314936207495,-0.0344827548764791
2025-10-28 00:00:00,4120.39,4142.35,4067.15,4094.37,27693.540655,-0.006314936207495,-0.0063349597599632,4148.842000000001,4047.5505,3959.519833333333,1,0.0413368804427443,62.57267083290935,57.86351396131299,4.709156871596363,68.35909797154122,0.1051507259020207,0.6100074810302997,0.009585149240008,56.1550580388692,18724.055142,1.4790354143361026,0.65,0.0055564103879228,-0.0235393523447202
2025-10-28 04:00:00,4094.36,4127.0,4066.0,4117.12,16329.252703,0.0055564103879228,0.0055410304847905,4139.762000000001,4056.6465,3963.260166666667,1,0.0419316551223227,58.59399133960687,58.00960943697177,0.5843819026351014,67.83344811643113,0.1027052107996237,0.645146130391499,0.0096156296381673,58.43046668287706,19147.1402268,0.8528298487177818,0.65,-0.0011901523394993,-0.0224201585767104
2025-10-28 08:00:00,4117.12,4136.0,4103.42,4112.22,11352.902886,-0.0011901523394993,-0.0011908611332324,4127.554,4066.1905,3967.088166666667,1,0.016587888616407,54.41817132246615,57.29132181407065,-2.8731504916044983,65.31534467954319,0.0983583025729834,0.6150899789765079,0.0095551913867797,57.73547120132055,19392.2485495,0.5854350957301812,0.6,-0.0036403694354875,-0.0245494010936398
2025-10-28 12:00:00,4112.21,4175.78,4070.0,4097.25,40978.31753,-0.0036403694354875,-0.0036470117054116,4108.27,4074.597,3970.7451666666666,1,0.0055045376237476,49.33217932815387,55.6994933168873,-6.367313988733429,68.20567720243295,0.0933141108043408,0.559579073029875,0.0096510588408234,55.56114732454884,20931.61093275,1.9577240214170304,0.55,-0.0141338702788454,-0.0357315281494633
2025-10-28 16:00:00,4097.24,4151.42,4027.01,4039.34,35556.451421,-0.0141338702788454,-0.014234704671108,4092.06,4079.547,3973.1688333333336,1,-0.0069207299833556,40.16563654824404,52.59272196315865,-12.427085414914616,72.22027168797345,0.0886349736990661,0.3888051665197189,0.0103100670419467,48.02626039477433,22337.84999525,1.5917579994744724,0.3,-0.0147598370030748,-0.0334599760327683
2025-10-28 20:00:00,4039.13,4042.67,3931.03,3979.72,45862.165049,-0.0147598370030748,-0.0148698472279402,4069.13,4081.8685,3974.6815,0,-0.0431686329572258,27.77013281414611,47.62820413335615,-19.85807131921004,75.0359665674039,0.0854017087684574,0.2069738198745548,0.0109048556444347,41.74894273754396,24290.11743905,1.8880997658442649,0.25,0.0046284663242639,-0.0191764355934443
2025-10-29 00:00:00,3979.71,4009.93,3964.0,3998.14,17081.855157,0.0046284663242639,0.0046177879111126,4045.334,4083.8935,3976.2173333333335,0,-0.0491237166116883,19.21148877388032,41.94486106146098,-22.733372287580664,72.95696895544647,0.0829355030585994,0.2468155881509485,0.0108685610474448,44.17663526968507,24830.659298100003,0.6879340154414295,0.25,0.0066756041559326,-0.0158141659450495
2025-10-29 04:00:00,3998.14,4036.98,3996.21,4024.83,20595.89651,0.0066756041559326,0.006653420979852,4027.856,4087.438,3978.497833333333,0,-0.041996824769653,14.416180893057572,36.4391250277803,-22.022944134722728,70.65789974434315,0.0788208624592057,0.3056710653496278,0.0109462296441058,47.58531708898245,25637.2728679,0.803357541815135,0.25,-0.0033193948564287,-0.0211376150403129
2025-10-29 08:00:00,4024.84,4028.0,3983.84,4011.47,17001.06088,-0.0033193948564287,-0.0033249162694209,4010.7,4091.4195,3979.9545,0,-0.0362881139309843,9.429131346623308,31.0371262915489,-21.6079949449256,68.76519261974721,0.0728302975392987,0.2316944495050765,0.0108865092741155,46.06889258089836,26086.0135219,0.6517308927148678,0.2,-0.014822496491311,-0.0327962138789636
2025-10-29 12:00:00,4011.46,4030.12,3941.28,3952.01,28373.290199,-0.014822496491311,-0.0149334474375024,3993.234,4091.4485,3979.497,0,-0.0530161073117898,0.6711964444693876,24.963940322133,-24.29274387766361,70.19910743262238,0.0727765884603616,0.0317110393882766,0.0113995104881799,39.96470868402441,27299.0283588,1.039351651131338,0.05,-0.0118623181621504,-0.0455352580097456
2025-10-29 16:00:00,3952.01,4018.98,3838.83,3905.13,90957.02766,-0.0118623181621504,-0.0119332368562557,3978.316,4084.449,3978.15,0,-0.0688036970004792,-9.937797526670238,17.983592752372353,-27.92139027904259,78.05274261600651,0.0826400861544897,-0.0312538242490004,0.0102320170926513,35.923210727048655,30385.26561865,2.993458368985657,0.05,-0.0004762965637508,-0.0567795615376112
2025-10-29 20:00:00,3905.4,3963.96,3873.93,3903.27,22254.838141,-0.0004762965637508,-0.0004764100289892,3959.342,4075.8715,3976.8255,0,-0.0526940410980514,-18.284812204609807,10.72991176097592,-29.014723965585727,78.9082610005775,0.0914526611324475,0.0369501639176171,0.0100150330128154,35.768657393976284,30101.36450685,0.7393298777514086,0.05,0.0079907359726587,-0.0242901146813153
2025-10-30 00:00:00,3903.4,3949.0,3885.56,3934.46,16022.150011,0.0079907359726587,0.0079589791036292,3941.268,4069.22,3975.276333333333,0,-0.039056069676165,-22.128030972743545,4.158323214232028,-26.28635418697557,77.80338521482197,0.096493227639623,0.1567954803597057,0.0102666309081754,40.39930435903968,30351.2750977,0.5278905073814888,0.15,0.0013521550606692,-0.0258544701649384
2025-10-30 04:00:00,3934.47,3945.37,3838.8,3939.78,40411.570666,0.0013521550606692,0.0013512417222392,3926.93,4058.2455,3973.3635,0,-0.0430737991605781,-24.462541050651453,-1.5658496387446688,-22.896691411906783,79.85814341376324,0.0983073137448187,0.2030606545419318,0.008597736690111,41.17826133391294,30447.8862188,1.3272373121602097,0.2,-0.0149779936950794,-0.0265981239668197
2025-10-30 08:00:00,3939.69,3939.88,3876.7,3880.77,31322.860503,-0.0149779936950794,-0.0150912966332988,3912.682,4042.0495,3970.7898333333337,0,-0.056283467324219,-30.72014819373453,-7.3967093497426415,-23.323438843991887,78.66684745563731,0.099886061657282,0.1005405950608817,0.008390674483833,35.61761091934338,30038.52431805,1.04275630092049,0.05,-0.027561540622093,-0.0005015081456822
2025-10-30 12:00:00,3880.94,3884.93,3756.88,3773.81,68025.109986,-0.027561540622093,-0.0279484863371927,3886.418,4020.6765,3966.9485,0,-0.0789407529440479,-43.80516634636388,-14.678400749066888,-29.126765597296988,82.19421549452034,0.1092594226437761,-0.0619583477919972,0.0098639809059804,28.18750930928653,31875.1217765,2.134112944351217,0.05,-0.023106621690016,0.0235752712083707
2025-10-30 16:00:00,3773.8,3802.35,3679.0,3686.61,48886.043826,-0.023106621690016,-0.0233777646142198,3843.086,3996.881,3962.0438333333336,0,-0.0873236716889392,-60.51388237652782,-23.84549707455908,-36.66838530196874,85.13391438776888,0.1268631558510754,-0.1119056406177219,0.0106142789367643,23.82409752838213,32923.6503991,1.4848306075846422,0.05,0.0320131502925451,0.0531240469143067
2025-10-30 20:00:00,3686.43,3806.91,3679.37,3804.63,28052.394952,0.0320131502925451,0.0315114095097216,3817.12,3978.4495,3959.1305,0,-0.0439955574764052,-63.50043901125446,-31.776485461898154,-31.723953549356303,88.16292050292824,0.1272636710198192,0.1566949436839866,0.0135113196568323,37.84746073757286,32966.923188450004,0.8509254804169345,0.15,0.0064263804890356,0.0114619047599617
2025-10-31 00:00:00,3804.81,3860.66,3796.15,3829.08,31031.74242,0.0064263804890356,0.0064058193480706,3794.980000000001,3960.22,3957.564833333333,0,-0.0422846623680011,-63.16625473349086,-38.0544393162167,-25.11181541727416,86.4734261812905,0.1215804186605823,0.2276344143537162,0.0135718837952596,40.29946235993646,33309.196560950004,0.9316268665687368,0.2,0.0006085012587879,0.0086167077247152
2025-10-31 04:00:00,3829.08,3873.95,3821.37,3831.41,24887.183048,0.0006085012587879,0.0006083161969667,3785.108,3945.771,3956.5456666666655,0,-0.0480566881085661,-61.99871713998891,-42.84329488097114,-19.15542225901777,84.05246716834118,0.1192058822400447,0.2568644960895312,0.0132572427042112,40.54020169091233,33133.78271015,0.7511120376960827,0.25,0.0111186221260581,0.0077207660580209
2025-10-31 08:00:00,3831.41,3885.0,3817.92,3874.01,25635.155336,0.0111186221260581,0.0110572646353152,3805.148,3934.753,3956.2758333333336,0,-0.034266740122698,-56.979151023826944,-45.6704661095423,-11.30868491428464,82.84014808488824,0.115279522524997,0.3660858117624577,0.0136333823328258,44.91390346961031,33030.863444200004,0.7760970396461543,0.3,-0.00348476126804,0.0010393240301869
2025-10-31 12:00:00,3874.14,3887.67,3831.84,3860.51,37360.538554,-0.00348476126804,-0.003490847191361,3839.928,3921.9225000000006,3952.584166666667,0,-0.023152775423139,-53.47403055077848,-47.23117899778954,-6.242851552988938,80.91085179311051,0.1084534463410011,0.3556175481772856,0.0134953070208189,43.8140174911289,34082.42773675,1.0961818460401316,0.3,0.00644215401592,0.0088049844933661
2025-10-31 16:00:00,3860.54,3906.51,3804.63,3885.38,36203.752099,0.00644215401592,0.0064214920327138,3856.078,3910.5805,3950.738,0,-0.0050574500720846,-48.134531256501305,-47.4118494495319,-0.7226818069694048,82.40864809360262,0.0993545842383908,0.4351395411138368,0.0136598411309271,46.41728203732959,35324.9701974,1.024877074111861,0.45,-0.0096489918617999,-0.0013092124366665
2025-10-31 20:00:00,3886.11,3893.13,3840.44,3847.89,10394.14121,-0.0096489918617999,-0.0096958450178532,3859.84,3898.1125,3950.318,0,-0.0141881038206427,-46.39327646746324,-47.20813485311817,0.8148583856549294,80.28588751548816,0.0902400435751635,0.3572274677543551,0.0137463839175839,43.17016201809295,33795.7613814,0.3075575393226847,0.3,0.0035811834537891,0.0067701877509281
2025-11-01 00:00:00,3847.89,3864.21,3830.64,3861.67,6774.607794,0.0035811834537891,0.0035747862847323,3865.892,3889.229,3950.3486666666654,0,-0.0185006328695678,-43.40108794081016,-46.44672547065657,3.0456375298464096,76.94903840723902,0.0843350195191319,0.415978198371047,0.0135637821421953,44.70142929324624,32356.669200050004,0.2093728421833212,0.4,-0.0002874404079064,0.0049211088945731
2025-11-01 04:00:00,3861.67,3869.27,3852.37,3860.56,7540.305984,-0.0002874404079064,-0.0002874817268184,3863.202,3883.2710000000006,3950.198666666666,0,-0.0201077217509607,-40.6507284063573,-45.28752605779671,4.636797651439409,72.65982137815053,0.0818887100674294,0.4285808745629401,0.0132383045454479,44.59718782923305,30440.5762468,0.2477057570417267,0.4,0.0044371800982241,0.0118157579629735
2025-11-01 08:00:00,3860.63,3883.09,3859.4,3877.69,12621.921404,0.0044371800982241,0.0044273648386177,3866.638,3877.2485,3951.0073333333335,0,-0.0007936569289084,-36.66613642459106,-43.56324813115559,6.89711170656453,69.16197699399692,0.077378829203582,0.5014715835248394,0.0132337612004352,46.66426387233037,30217.57955915,0.4177012715162368,0.55,0.0042808991951392,0.0033593778647494
2025-11-01 12:00:00,3877.69,3902.84,3857.39,3894.29,13369.359253,0.0042808991951392,0.0042717622132308,3868.42,3870.721500000001,3951.889833333333,0,0.031925295656114,-31.80224086708722,-41.21104667834192,9.408805811254696,67.46826435156859,0.0693882619805096,0.5877513908559568,0.0131670856178898,48.66315538576679,29856.2526963,0.4477909330750281,0.7,-0.0036720429141127,-0.0105191360635251
2025-11-01 16:00:00,3894.7,3910.0,3862.58,3879.99,10334.988752,-0.0036720429141127,-0.0036788014137675,3874.84,3864.1475,3953.152000000001,1,0.05245469414991,-28.76981852582776,-38.72280104783909,9.952982522011323,66.0362454693137,0.0610576938357079,0.567147465266802,0.0131697946867856,47.02806897207631,29522.9490899,0.3500662728689143,0.6,-0.0015695916742052,-0.0060581405618296
2025-11-01 20:00:00,3880.0,3891.5,3864.03,3873.9,4100.824189,-0.0015695916742052,-0.0015708247736944,3877.286,3860.242,3954.293166666667,1,0.0182067638640288,-26.55193984221114,-36.2886288067135,9.736688964502356,63.281513650077,0.0575314868769159,0.5614988476921108,0.0127966821925742,46.314358554035664,28309.325789400005,0.1448577129496842,0.5,0.0017321045974341,0.0085474316634288
2025-11-02 00:00:00,3873.9,3887.14,3861.29,3880.61,3822.033837,0.0017321045974341,0.0017306062342309,3881.296,3859.016000000001,3955.188666666667,1,0.013457540714741,-23.976428738611048,-33.82618879309301,9.849760054481962,60.60783410364292,0.0567838373033807,0.5985443615534551,0.0125433999655041,47.26400499550726,23952.57609825,0.1595667130467541,0.7,0.006607208660494,-0.036711904331771
2025-11-02 04:00:00,3880.61,3918.45,3876.0,3906.25,11240.858241,0.006607208660494,0.006585476729765,3887.008,3859.165,3955.609833333333,1,0.019533278871225,-19.639986378370395,-30.98894831014849,11.348961931778096,59.3108459533827,0.0569102464979697,0.7143871548113475,0.0126360427842107,50.8422953566888,23401.87710325,0.4803400253494578,0.9,-0.0040192,-0.0491722153773974
2025-11-02 08:00:00,3906.25,3910.66,3852.32,3890.55,19413.310888,-0.0040192,-0.0040272986917783,3886.26,3856.9695,3956.0598333333337,1,0.0042694778795098,-17.27109294651973,-28.24537723742274,10.974284290903013,59.24149981385535,0.0546385474787649,0.6593462356472155,0.0125269225077434,48.6648362126923,23571.4351471,0.823594777613209,0.85,-0.0095976147331354,-0.0459956341179919
2025-11-02 12:00:00,3890.56,3894.71,3839.0,3853.21,16021.795149,-0.0095976147331354,-0.0096439686673221,3880.904,3852.641,3955.6611666666654,1,-0.0018909418703746,-18.196990195679064,-26.235699829074008,8.038709633394944,58.9892498271514,0.0510199771092571,0.5028947660121003,0.0126806739255702,43.85427100003232,22351.94637125,0.7167964204498941,0.35,0.0007889525875828,-0.0694198866722997
2025-11-02 16:00:00,3853.21,3867.59,3840.36,3856.25,5838.870803,0.0007889525875828,0.0007886415280868,3877.374,3851.415,3955.5985,1,-0.0074973361678909,-18.472528038232213,-24.683065470905653,6.210537432673441,56.72073198235487,0.0506073438936707,0.5248063357080668,0.0122509853515051,44.33670037137392,21077.74688625,0.2770158895308193,0.4,0.0130359805510533,-0.0584671453798296
2025-11-02 20:00:00,3856.26,3917.45,3844.67,3906.52,15266.424163,0.0130359805510533,0.0129517434423364,3882.556,3858.0505,3956.4175,1,0.0152369220533852,-14.467749675124196,-22.640002311749363,8.172252636625167,57.867822555043794,0.0484198767903255,0.7594639059399275,0.0107592698710119,51.72374279313386,18439.8125951,0.8279056028506894,1.0,-0.0435272313977658,-0.0790243456298137
2025-11-03 00:00:00,3906.48,3914.42,3728.07,3736.48,44538.982979,-0.0435272313977658,-0.044502960342718,3848.602,3860.544,3953.841,0,-0.0324186168160407,-24.72967261371332,-23.057936372142155,-1.671736241571164,67.04512094396924,0.0393753796473932,-0.3161547612237153,0.0137882536063586,34.86779900462486,18222.45955275,2.44418064696862,0.05,-0.0058531023851324,-0.0247694000454368
2025-11-03 04:00:00,3736.5,3765.9,3683.25,3714.61,37839.665075,-0.0058531023851324,-0.0058702989237977,3813.414,3856.043,3949.926833333333,0,-0.0378053961083365,-34.23243648168227,-25.29283639405018,-8.93960008763209,68.15975516225716,0.0500985169629462,-0.232122940559791,0.0117153333768553,33.36189856997582,18711.8230589,2.0222329462976685,0.05,-0.0008426187405945,-0.0594251914970772
2025-11-03 08:00:00,3714.67,3740.91,3660.68,3711.48,40738.433242,-0.0008426187405945,-0.0008429739433132,3785.068,3850.163,3946.004333333333,0,-0.0428631479050671,-41.53719522175288,-28.541708159590723,-12.99548706216216,69.02191550781022,0.0597395794758531,-0.1029509037991241,0.0115805483062288,33.14129050852914,19197.1576,2.12210755836062,0.05,-0.0330218672874432,-0.0487538528649851
2025-11-03 12:00:00,3711.6,3748.64,3582.22,3588.92,71915.994843,-0.0330218672874432,-0.0335793973186,3731.602,3838.0385,3940.9975,0,-0.0784148073204614,-56.56380454549253,-34.14612743677109,-22.41767710872144,75.97892154296665,0.0843747667632153,-0.2692793381777961,0.0135358062683688,25.9150583534,21548.59818975,3.337386228548649,0.05,0.0117416938800529,-0.0218835039060064
2025-11-03 16:00:00,3588.93,3682.44,3562.69,3631.06,51700.635007,0.0117416938800529,0.0116732950836551,3676.51,3825.891000000001,3936.064833333333,0,-0.0641573818489222,-64.33059185559614,-40.1830203205361,-24.14757153506004,79.10542714704046,0.09630036749861,-0.0288073981006731,0.0135711064947051,31.44961521254505,22851.8721733,2.2624244794878003,0.1,-0.0075212196989308,-0.1124534230177057
2025-11-03 20:00:00,3631.32,3636.49,3557.24,3603.75,26766.570866,-0.0075212196989308,-0.0075496466986486,3649.964,3813.053,3930.5406666666654,0,-0.0697359250367846,-71.86114496914615,-46.51864525025812,-25.342499718888035,79.11575377939472,0.1086471217103154,-0.00522448045939,0.0136064113193586,29.891114958414533,22322.1737889,1.1991023418745193,0.1,0.0107277141866111,-0.0876311117096498
2025-11-04 00:00:00,3603.66,3654.38,3567.0,3642.41,24867.899507,0.0107277141866111,0.0106705805067569,3635.524,3800.9045,3925.8918333333336,0,-0.06138210229835,-73.85823193880287,-51.98656258796707,-21.8716693508358,79.70605708086654,0.1141889610666885,0.1348232520729595,0.0138010193432602,34.81559181800702,21755.3811593,1.1430688952268464,0.2,-0.0405088938367728,-0.0837371903784037
2025-11-04 04:00:00,3642.41,3647.82,3473.75,3494.86,91195.768731,-0.0405088938367728,-0.0413522328183768,3592.2,3783.253,3918.654166666666,0,-0.1053158399999999,-86.35158233453103,-58.85956653727986,-27.49201579725117,86.44633871794751,0.133882506300613,-0.0693712000138055,0.0161014479827568,27.016024239250413,25795.46253535,3.53534148131772,0.05,0.0098287198914976,-0.0443707356040511
2025-11-04 08:00:00,3494.85,3533.97,3460.26,3529.21,46757.886537,0.0098287198914976,0.0097807322062867,3580.2580000000003,3766.63,3911.802,0,-0.0928763285396666,-92.4155852675426,-65.57077028333242,-26.84481498421019,85.5366002380941,0.1451339272651261,0.0656944369570508,0.0163290346827263,30.89721090628128,27794.6264725,1.6822635333222502,0.1,-0.0061515183284645,-0.0567060898211289
2025-11-04 12:00:00,3529.21,3587.59,3473.74,3507.5,51951.747294,-0.0061515183284645,-0.0061705168706628,3555.546,3748.977,3904.7055,0,-0.0897199996885713,-97.84526750545685,-72.0256697277573,-25.819597777699528,87.55898593537312,0.1556528831951066,0.0861853838823892,0.01630465037404,29.81793533505052,30015.198538000004,1.7308480311475458,0.1,-0.0788282252316464,-0.0279291430149603
2025-11-04 16:00:00,3507.76,3520.48,3225.78,3231.01,138139.565484,-0.0788282252316464,-0.0821087511398847,3480.998,3716.643,3892.595,0,-0.1621367909238249,-123.04042860347543,-82.22862150290094,-40.81180710057451,102.35477265427502,0.1949837394584958,-0.1701298264170507,0.0230825715041449,20.15964527222461,36291.080742,3.806432948802481,0.05,0.0173010916091251,0.0676325040337014
2025-11-04 20:00:00,3231.01,3305.0,3056.01,3286.91,167609.443765,0.0173010916091251,0.0171531318624289,3409.898,3686.274,3881.477833333333,0,-0.1586091969323081,-136.91879779874944,-93.16665676207064,-43.75214103667879,112.82871746468392,0.2158144072448513,-0.0019967051736071,0.0236481437814435,25.41940134258239,44003.0849676,3.809038477379776,0.1,0.0146216355178572,0.0415003488472865
2025-11-05 00:00:00,3286.91,3349.47,3166.45,3334.97,92053.609086,0.0146216355178572,0.014515770107855,3377.92,3659.023,3871.53,0,-0.1074567507386632,-142.39798964349438,-103.0129233383554,-39.38506630513899,117.8423805029208,0.2269731929992558,0.1098098159142822,0.0241790050185549,29.70697897190521,48089.0159843,1.9142335770824144,0.15,-0.0011424390624202,0.0294514718756016
2025-11-05 04:00:00,3334.97,3354.87,3304.0,3331.16,36717.96322,-0.0011424390624202,-0.0011430921433768,3338.31,3631.886,3861.192166666666,0,-0.1032275259044691,-145.37196627805588,-111.4847319262955,-33.887234351760384,113.05863903842643,0.2347667654615499,0.1473026852973522,0.0241844773185179,29.56188673629056,49719.87293585,0.7384967227767167,0.15,-0.0025066343255802,0.0152668789120399
2025-11-05 08:00:00,3331.3,3331.59,3274.9,3322.81,33794.123004,-0.0025066343255802,-0.0025097811931989,3301.3720000000003,3603.996,3849.1536666666666,0,-0.1047210277301777,-146.71144123358863,-118.53007378775412,-28.181367445834496,109.03230767853886,0.2389289194273606,0.1734567773472036,0.0241202799793586,29.2249981026484,51218.4773942,0.659803350730353,0.15,0.0226254284777041,0.0234353473287242
2025-11-05 12:00:00,3322.84,3398.91,3312.72,3397.99,55843.09556,0.0226254284777041,0.0223732698495145,3334.768,3578.583,3837.8731666666654,0,-0.0531998484223666,-140.0916972103323,-122.84239847226978,-17.249298738062535,107.40071427292897,0.2324604891373951,0.2829095740629489,0.0248658031944517,36.267335301750784,53448.58926015,1.0448001777595146,0.3,0.0167334218170154,-0.0282693741391818
2025-11-05 16:00:00,3397.99,3479.48,3370.0,3454.85,48616.746797,0.0167334218170154,0.016594960599256,3368.356,3556.798,3827.6625,0,-0.0485285288593413,-128.77296104156676,-124.02851098612918,-4.744450055437582,107.54923468200546,0.2211681143594393,0.3704023895796164,0.0254081133969949,41.04531669756982,54908.76105559999,0.8854096479753245,0.35,-0.0088310635772898,-0.0374319269876714
2025-11-05 20:00:00,3454.84,3480.66,3411.0,3424.34,31986.568143,-0.0088310635772898,-0.0088702885219827,3386.2300000000005,3535.3545,3815.413666666667,0,-0.0497842525147415,-120.87135337610653,-123.39707946412466,2.525726088018132,104.84286077614792,0.2107635481911529,0.3510120180308254,0.0254023508903061,39.34100936899927,55706.9997053,0.5741929795575901,0.35,0.0025727585461723,-0.0317189101961175
2025-11-06 00:00:00,3424.35,3450.65,3373.27,3433.15,33285.334727,0.0025727585461723,0.0025694546684104,3406.628,3514.1995,3802.5546666666655,0,-0.057450973393989,-112.60039177637373,-121.23774192657449,8.63735015020076,102.88122786356593,0.1959182503231212,0.3822803305984678,0.0254289576638355,40.11427023392958,57079.3229015,0.583141723394993,0.4,-0.0153270320259819,-0.0254481703122218
2025-11-06 04:00:00,3433.15,3456.25,3364.0,3380.53,28282.768018,-0.0153270320259819,-0.0154457051474229,3418.172,3487.9,3788.8756666666654,0,-0.0327137567742341,-109.03470514665288,-118.79713457059016,9.762429423937306,102.12185444473978,0.1706130252200204,0.3195708328663283,0.0251312946677807,37.07433817582314,57730.14009425,0.4899133792474029,0.3,0.0056618340911041,-0.0059982591472908
2025-11-06 08:00:00,3380.52,3415.0,3367.08,3399.67,20435.245567,0.0056618340911041,0.0056458661519959,3418.5080000000003,3471.0595000000003,3776.1615,0,-0.0367050983081199,-103.4716776715536,-115.73204319078287,12.260365519229268,98.25029341297268,0.1594654899533985,0.3710249899520484,0.0237252686834875,38.88844999832008,56524.95322365001,0.3615260942568972,0.4,-0.029079292990202,-0.0409108986478882
2025-11-06 12:00:00,3399.67,3405.0,3277.2,3300.81,53518.60482,-0.029079292990202,-0.0295104751892233,3387.7,3450.3695,3761.620666666666,0,-0.058928011404134,-105.82028375036134,-113.74969130269858,7.9294075523372385,100.3609867406175,0.1520577169886058,0.2149376029321275,0.0243582789196587,33.51408685096389,57308.9002109,0.9338620113638284,0.15,0.0075708689685258,-0.0003756046761815
2025-11-06 16:00:00,3300.57,3352.39,3245.64,3325.8,53957.155918,0.0075708689685258,0.0075423537728262,3367.992,3431.0855,3747.156166666666,0,0.0293375755568692,-104.46092630497832,-111.89193830315456,7.431011998176217,100.8173448305734,0.1389177179890884,0.2791083074391441,0.0245168514062014,35.92469911949986,57969.8363447,0.9307798558747032,0.25,-0.0031180467857359,0.0362880570059074
2025-11-06 20:00:00,3325.94,3336.84,3287.29,3315.43,24126.295642,-0.0031180467857359,-0.0031229180220789,3344.4480000000003,3417.411,3733.740166666667,0,0.0086768423838803,-103.03270122606044,-110.12009088773571,7.0873896616752745,97.1553916283896,0.1356705795026872,0.2800437164092808,0.0236249354328621,35.35189308665247,55580.35138465,0.4340795810201215,0.2,0.008843498430068,0.0371235557013171
2025-11-07 00:00:00,3315.44,3365.51,3275.55,3344.75,34035.487534,0.008843498430068,0.0088046237219936,3337.292,3403.0955000000004,3721.2465,0,0.0029325601129845,-98.40064224712432,-107.77620115961346,9.37555891248914,96.64143508350465,0.1244593369822991,0.3622455154323981,0.0235340680732829,38.3451998777738,54697.09401100001,0.6222540365152708,0.45,0.0041228791389491,0.033586170216069
2025-11-07 04:00:00,3344.79,3370.18,3319.88,3358.54,22880.665375,0.0041228791389491,0.0041144033611704,3329.0660000000003,3390.835,3708.6035,0,0.0082193590220824,-92.55010438901628,-104.73098180549404,12.18087741647777,93.33133257754,0.1128268440553366,0.4155856673970983,0.0235818331399441,39.757997013896535,54502.79873644999,0.4198071641355553,0.5,-0.0292508054094933,0.0276711089288754
2025-11-07 08:00:00,3358.54,3360.85,3225.67,3260.3,32415.766851,-0.0292508054094933,-0.0296871400482665,3320.964,3371.7295,3694.4048333333335,0,-0.018812390717495,-94.74845672937,-102.73447679026924,7.98602006089925,96.32052310771572,0.0954264786876465,0.1536792145499132,0.0240253945523484,33.81353846299825,54880.19210365,0.5906642380146493,0.1,0.0114560009815047,0.0469036412867691
2025-11-07 12:00:00,3260.26,3318.71,3194.0,3297.65,69754.037281,0.0114560009815047,0.0113908778970671,3315.334,3361.869,3681.078166666666,0,-0.0295292216869383,-92.41157087945476,-100.66989560810634,8.258324728651587,98.34834288573602,0.0913091319744142,0.2907966966414123,0.022788890838806,37.63157035203818,53808.10553115,1.2963481355168462,0.2,0.0442345306506148,0.0249822651104304
2025-11-07 16:00:00,3297.62,3450.0,3273.87,3443.52,50961.42662,0.0442345306506148,0.0432841104483279,3340.952,3357.5845,3671.147833333333,0,-0.0032794477328972,-77.89120081608053,-96.1141566497012,18.22295583362066,103.90417553675488,0.0825742449257154,0.8099567123284289,0.0249739184865858,49.80901506224637,54018.28253529999,0.9434107163014228,0.9,-0.0022825480903262,-0.0157111219521413
2025-11-07 20:00:00,3443.46,3473.0,3429.16,3435.66,29800.295237,-0.0022825480903262,-0.0022851570740618,3359.134,3353.9925000000003,3662.080166666666,1,0.0033057465088162,-66.25420203917929,-90.14216572759682,23.88796368841753,99.61387728412954,0.0751662902281085,0.823939611906247,0.0249462686205222,49.25099779607784,52910.70993245,0.5632185860867378,0.9,0.0053061129448199,-0.0097730596115053
2025-11-08 00:00:00,3435.6,3467.21,3406.66,3453.89,24551.580095,0.0053061129448199,0.0052920851277696,3378.204,3365.1365,3653.009333333333,1,0.0060410992820003,-54.92761664942327,-83.09925591196212,28.171639262538847,96.82360033526317,0.0712296315574762,0.87027305163845,0.0168700432768157,50.632432053698224,47231.310663,0.519815769462294,0.95,-0.0017921821482445,-0.0225664072180766
2025-11-08 04:00:00,3453.89,3487.84,3417.99,3447.7,29815.862194,-0.0017921821482445,-0.0017937900280335,3415.684,3373.1760000000004,3643.3905,1,0.0198696654074952,-45.92134471557483,-75.66367367268467,29.74232895710984,94.89691459703012,0.0707647347615251,0.8122053006552291,0.0165843091318543,50.13341126958444,40341.63158445,0.739084192258916,0.9,-0.0100182730515996,-0.007022566459274
2025-11-08 08:00:00,3447.7,3470.55,3406.83,3413.16,17782.061754,-0.0100182730515996,-0.0100687936517239,3438.786,3377.0855,3633.4186666666665,1,0.0039680321913597,-41.097156223636375,-68.750370182875,27.653213959238627,92.6699921258137,0.0706000664910653,0.6513049562192832,0.0165532568966214,47.33026872138708,36628.05421785,0.4854765598041035,0.65,-0.010465375194834,0.0047340748634524
2025-11-08 12:00:00,3413.16,3418.26,3369.78,3377.44,23037.889876,-0.010465375194834,-0.0105205223282173,3425.57,3379.3994999999995,3623.8425,1,0.0232155137678327,-39.69863639407004,-62.940023425114006,23.24138703104397,89.51356411682701,0.069442823362569,0.4916501559828991,0.0167553646246414,44.55570293332494,35944.050550650005,0.6409374993376585,0.45,0.003541143588043,0.0404539196823421
2025-11-08 16:00:00,3377.45,3408.21,3356.04,3389.4,17723.001983,0.003541143588043,0.0035348885015111,3416.318,3382.7290000000003,3615.247,1,0.0191232184737506,-37.196449788067184,-57.79130869770465,20.594858909637463,86.8461666799108,0.0676788216168005,0.5291387518940867,0.0167466855476193,45.70341509611893,35140.4944996,0.5043469716455395,0.5,0.0036555142503098,0.0553152407558206
2025-11-08 20:00:00,3389.36,3416.0,3380.93,3401.79,5523.699438,0.0036555142503098,0.0036488490961982,3405.898,3382.9190000000003,3606.889,1,0.0260479032885629,-33.823779942474175,-52.99780294665856,19.174023004184384,83.14786905991718,0.0677419748419249,0.5823465601487237,0.0159847420248511,46.92904076982164,32624.524693500007,0.1693112616932783,0.6,-0.0074872346617514,0.0526457655336618
2025-11-09 00:00:00,3401.8,3404.32,3358.85,3376.32,12637.662899,-0.0074872346617514,-0.0075154047017421,3391.6220000000003,3378.9925000000003,3597.586666666667,1,0.009438672546528,-32.82771348290771,-48.9637850539084,16.136071571000684,80.45659269849455,0.0649504377519723,0.487822772953917,0.0155766462951292,44.695511888481015,30825.5704986,0.409973366091439,0.4,0.0137516586105581,0.0724003023656316
2025-11-09 04:00:00,3376.33,3427.82,3370.0,3422.75,21981.525952,0.0137516586105581,0.0136579625601379,3393.54,3378.913,3588.9695,1,0.0191184264591162,-27.96939687233089,-44.764907417592894,16.795510545262005,78.83969322003067,0.064875431622477,0.6999786146100283,0.0157986408103251,49.42127745590405,30325.31838905,0.7248572189743995,0.75,0.0017383682711269,0.0535845081454062
2025-11-09 08:00:00,3422.78,3435.37,3382.41,3428.7,16308.49363,0.0017383682711269,0.0017368590577964,3403.792,3378.6905,3581.4349999999995,1,0.0516516884949236,-23.369640019344843,-40.48585393794328,17.11621391859844,76.9911437043142,0.0646286790376756,0.7290228540105974,0.0157928534906902,50.01078729651128,29476.4763342,0.5532714780795599,0.8,0.0252544696240557,0.0521703204179051
2025-11-09 12:00:00,3428.69,3563.99,3424.81,3515.29,56366.800839,0.0252544696240557,0.0249408448260598,3428.97,3385.4284999999995,3577.126333333333,1,0.0659985140933694,-12.592056843708631,-34.907094519096354,22.31503767538772,81.43320486829174,0.0734784956579996,1.022043283656849,0.0163112641189829,57.7317721424881,30880.67797525,1.8253096931413364,1.0,0.0184024646615215,0.0018540133135502
2025-11-09 16:00:00,3515.29,3580.0,3500.44,3579.98,20139.683777,0.0184024646615215,0.0182351883892403,3464.608,3394.4440000000004,3575.349166666667,1,0.0396280550134746,1.1558736425445204,-27.694500886768186,28.850374529312703,81.29940452055662,0.0887213554967987,1.1160718606565174,0.0167025236049098,62.40369499050255,30865.89988575,0.6524897654546589,1.0,0.000986039028151,-0.0054682448583796
2025-11-09 20:00:00,3579.98,3623.98,3562.03,3583.51,31871.545047,0.000986039028151,0.0009855532109987,3506.046,3408.579,3571.663833333333,1,0.0430339439874727,12.19546734382493,-19.71650724064956,31.91197458447449,79.9173041976597,0.0968959725724537,1.0296484291567018,0.0149511059755923,62.646320937218256,29783.546897100005,1.0701057586295506,1.0,0.0122673021702184,-0.0038916151142793
2025-11-10 00:00:00,3583.5,3658.66,3554.05,3627.47,44246.206117,0.0122673021702184,0.0121926685676725,3546.99,3423.6625,3568.3036666666667,1,0.0502563775916429,24.21252261014069,-10.930701270491507,35.143223880632206,81.68106818354113,0.1086193720738671,1.0480522032064905,0.0150430622253973,65.62171156996226,29297.999407050003,1.5102125405311122,1.0,-0.0050641356096673,-0.0054635802384399
2025-11-10 04:00:00,3627.34,3631.84,3589.0,3609.1,21434.2078,-0.0050641356096673,-0.005077001800207,3583.07,3438.346,3564.5985,1,0.0468138179075905,31.88625511098462,-2.3673099941962814,34.253565105180904,78.90670617043106,0.1137544163264046,0.9365691489150691,0.0151008244830524,63.3508068407932,29163.39501495,0.7349695667809666,0.95,0.0003241805436258,-0.0174512489476017
2025-11-10 08:00:00,3609.12,3631.22,3586.66,3610.27,15349.579355,0.0003241805436258,0.0003241280084669,3602.0660000000003,3451.6220000000003,3560.2028333333333,1,0.0577500029298363,37.628395900979285,5.631831184838832,31.99656471614045,76.45337001540028,0.1183239816473141,0.8884531054099333,0.015087847594727,63.43759241387329,28229.099606000003,0.5437502282834943,0.95,-0.0250618374802992,-0.009455684979889
2025-11-10 12:00:00,3610.27,3622.22,3508.6,3519.79,41154.328533,-0.0250618374802992,-0.0253812330523341,3590.028,3459.6845000000003,3554.5241666666666,1,0.0421473068359468,34.48063274897004,11.401591497665072,23.079041251304965,79.10812930001454,0.1165331852603935,0.6490829922838184,0.0164210320999759,52.98774460223022,29142.7827639,1.4121619361613964,0.75,0.0110802064895916,-0.0103782294506988
2025-11-10 16:00:00,3519.73,3577.44,3506.05,3558.79,24132.598485,0.0110802064895916,0.0110192707091715,3585.084,3474.6090000000004,3549.081,1,0.0499763970024191,34.73260597461558,16.067794393055173,18.664811581560407,78.55683435001349,0.1057588993858763,0.7290821327445736,0.014706904055237,56.32716686463575,28728.6243456,0.8400192851105341,0.75,0.0025626687722513,-0.0284244246798055
2025-11-10 20:00:00,3558.79,3583.91,3528.93,3567.91,16452.305348,0.0025626687722513,0.0025593907357866,3573.172,3488.1219999999994,3544.4146666666666,1,0.0488331143309845,35.26172908901481,19.9065813322471,15.355147756767709,76.87277475358395,0.0968076390031522,0.7362850717482682,0.0146194280656438,57.09468085860915,26063.53774895,0.6312383800876303,0.75,0.0106953370460578,-0.0421819328335924
2025-11-11 00:00:00,3568.11,3647.97,3552.68,3606.07,39056.228119,0.0106953370460578,0.0106385464992924,3572.5660000000003,3496.2495000000004,3540.154666666667,1,0.0680474599564022,38.31854373318493,23.588973812434663,14.729569920750258,78.18829084261367,0.1001099984038261,0.8137643121175144,0.0113177120649129,60.24305376178827,25468.2778239,1.5335245040537748,0.85,-0.0170518043188291,-0.0466781914038219
2025-11-11 04:00:00,3606.05,3610.33,3531.08,3544.58,26148.377691,-0.0170518043188291,-0.0171988604462895,3559.428,3501.6955000000003,3534.8883333333333,1,0.0355941859615804,35.37162023521887,25.94550309699151,9.426117138227362,78.26412721099841,0.0993229397240586,0.6233026492049664,0.0120925514589423,53.43835477469458,25285.6819466,1.0341179544305703,0.6,0.0083197445113385,-0.0328623789906518
2025-11-11 08:00:00,3544.59,3586.59,3543.01,3574.07,15039.952144,0.0083197445113385,0.0082853262062052,3570.284,3507.7045,3529.828,1,0.0423979934085805,35.01216028398949,27.758834534391102,7.253325749598382,75.78668955306995,0.0998814533624286,0.68942378824931,0.0121593446213902,56.00496863147029,24810.100549050003,0.606202788830531,0.7,-0.025984381951109,-0.0058031758572324
2025-11-11 12:00:00,3574.08,3594.25,3466.88,3481.2,44859.023959,-0.025984381951109,-0.0263279405103669,3554.7660000000005,3509.3795,3522.9431666666665,1,-0.009697635187993,26.92310009104358,27.5916876457216,-0.6685875546780196,79.47121172785066,0.0988680365727203,0.4187829822057829,0.013646039355183,47.18406757313415,25562.2586373,1.7548928127009282,0.4,-0.0069659887395151,-0.0140282822991817
2025-11-11 16:00:00,3481.21,3502.77,3446.08,3456.95,28651.206786,-0.0069659887395151,-0.006990364505909,3532.574,3511.5690000000004,3515.8925,1,-0.034366113777172,18.34422842886579,25.74219580235044,-7.397967373484647,77.84398231871847,0.0966135569444004,0.339007936620324,0.0135380032973168,45.18290874425932,26105.7158889,1.0975070328633405,0.35,-0.0111948393815356,-0.0128642228688898
2025-11-11 20:00:00,3456.95,3462.37,3405.14,3418.25,25934.371869,-0.0111948393815356,-0.0112579732202584,3495.01,3513.6095,3508.298333333333,0,-0.0461167961021456,8.326659708596708,22.25908858359969,-13.932428875002984,76.3715550102386,0.0933619316370058,0.2093029369855508,0.0135706813992248,42.11325824390767,26250.53998855,0.9879557479698358,0.2,0.0061990784758283,0.000275879225803
2025-11-12 00:00:00,3418.26,3455.94,3410.15,3439.44,18278.853625,0.0061990784758283,0.0061799432287348,3473.982,3516.1115000000004,3500.9455000000003,0,-0.0518350255136499,2.0736168684020413,18.221994240560164,-16.148377372158123,74.18715822379298,0.0897417926422591,0.2570166134414981,0.0136130364122342,44.34292421048039,26278.33257065,0.6955865093744747,0.3,-0.003235991905659,0.0052278999004646
2025-11-12 04:00:00,3439.37,3457.14,3424.64,3428.31,13062.092769,-0.003235991905659,-0.0032412390503354,3444.8300000000004,3517.4375,3492.9798333333333,0,-0.0500928209248843,-3.736984979253521,13.830198396597428,-17.56718337585095,71.20950406495062,0.0877419300263108,0.2112126587959328,0.0136247360372666,43.397398619194405,26655.2522372,0.4900382353452495,0.2,0.0353789476447579,0.0331034071247316
2025-11-12 08:00:00,3428.31,3569.83,3426.3,3549.6,29025.632365,0.0353789476447579,0.0347674926971093,3458.51,3526.1015,3487.2973333333334,0,-0.0168048373113368,1.4286914646545483,11.349897010208853,-9.921205545554304,76.375253774597,0.0796836673895577,0.5836326805935791,0.0155426353778423,54.72675206151429,27474.6507105,1.0564513693310489,0.55,-0.0342094883930583,-0.0126116842367983
2025-11-12 12:00:00,3549.6,3588.0,3418.8,3428.17,46652.363118,-0.0342094883930583,-0.0348083299780522,3452.754,3526.3725,3480.213333333333,0,-0.0260299620147792,-4.227131167208427,8.234491374725398,-12.461622541933824,83.00559279069721,0.0792352962926082,0.1485401885540343,0.0173317289132181,45.01290137156627,28708.1925688,1.6250539983036651,0.1,-0.0058019293092232,-0.0110996112371427
2025-11-12 16:00:00,3428.18,3454.78,3372.09,3408.28,55520.446674,-0.0058019293092232,-0.0058188258879451,3450.76,3525.3515,3472.7471666666665,0,-0.0422924645736331,-10.196825466619885,4.548228006456341,-14.745053473076226,82.98305044850456,0.0810193645840104,0.0901169825901492,0.0173789550871089,43.64632806420428,30668.790221000003,1.8103239897602217,0.05,0.0019452627131573,-0.0611847327485548
2025-11-12 20:00:00,3408.28,3439.89,3392.07,3414.91,17161.530824,0.0019452627131573,0.0019433731397267,3445.8540000000003,3520.3324999999995,3464.5536666666667,0,-0.0428822475903259,-14.228844356852733,0.7928135337945261,-15.021657890647258,80.47140398789706,0.0856223998535068,0.1502463708267255,0.0163355241190519,44.25386698038598,28708.526720250004,0.5977851455503236,0.1,0.0111510991504899,-0.052516183120419
2025-11-13 00:00:00,3414.82,3473.7,3376.48,3452.99,45583.518288,0.0111510991504899,0.0110893840149339,3450.7899999999995,3513.983,3459.828833333333,0,-0.0424506457168053,-14.187960645703695,-2.2033413021051187,-11.984619343598578,81.66773227447582,0.0858416159141971,0.2977993931854677,0.0159506715868281,47.7388370088833,29980.7184458,1.5204278166451275,0.35,0.024639515318608,-0.0647657889207421
2025-11-13 04:00:00,3452.76,3565.64,3433.07,3538.07,57452.834573,0.024639515318608,0.0243408583600157,3448.4840000000004,3511.711,3456.8865,0,-0.0018366068758498,-7.2072345398664766,-3.2041199496573904,-4.003114590209086,85.30360854058468,0.0842358175059522,0.589107316943496,0.0170012886641589,54.572018636082646,31259.782922100003,1.837915340492722,0.55,-0.0103361437167721,-0.0932155833190592
2025-11-13 08:00:00,3538.0,3549.86,3477.66,3501.5,26455.789196,-0.0103361437167721,-0.0103899326178064,3463.15,3505.4125,3453.386833333333,0,-0.0203045827306125,-4.573135915180956,-3.477923142762104,-1.0952127724188516,84.3676365019715,0.0787649426215865,0.4858295951390836,0.0168585703548351,51.45760950605548,30370.262076050003,0.8711083602028922,0.5,-0.0326974153934027,-0.1050200511433917
2025-11-13 12:00:00,3501.51,3511.71,3366.66,3387.01,77077.053142,-0.0326974153934027,-0.0332439218168506,3458.896,3494.308,3450.0216666666665,0,-0.0270567620360794,-11.590373335553522,-5.100413181320388,-6.489960154233135,88.70209103754497,0.0793469994079938,0.113009827535123,0.0182312608662608,43.15420743044311,33152.40434315,2.3249310168939767,0.05,-0.0558870508206353,-0.0557323431540869
2025-11-13 16:00:00,3387.0,3398.87,3175.41,3197.72,83807.94548,-0.0558870508206353,-0.0575094704396617,3415.458,3473.6805,3442.7993333333334,0,-0.074988067516163,-32.05618187475648,-10.491566920007608,-21.56461495474887,98.32765596343462,0.1036686940350515,-0.2663187024947815,0.0216938423319828,33.52276913339935,36575.3226494,2.291379526118133,0.05,0.0106138123412931,0.0035831575442377
2025-11-13 20:00:00,3197.93,3272.84,3154.31,3231.66,47703.631757,0.0106138123412931,0.010557881248424,3371.192,3459.274,3436.5978333333333,0,-0.054586411175309,-45.01787025305157,-17.3968275866164,-27.62104266643517,99.77068053747502,0.1197209149133891,-0.049596528918446,0.0214944468258776,36.26930640586834,36902.7878106,1.2926836856292347,0.1,-0.0010985066498331,-0.0367525150475742
2025-11-14 00:00:00,3231.61,3251.74,3186.04,3228.11,32907.967449,-0.0010985066498331,-0.0010991104504895,3309.2,3442.74,3429.692833333333,0,-0.0614431419068219,-54.94320593116845,-24.90610325552681,-30.03710267564164,97.33706049908396,0.1305389443416773,0.0224200301173522,0.0212142634042235,36.101295850968015,37341.5562588,0.881269308138298,0.1,-0.0038102790797092,-0.0142300269043599
2025-11-14 04:00:00,3227.96,3241.15,3107.69,3215.81,75639.030879,-0.0038102790797092,-0.0038175566853961,3252.0620000000004,3425.135,3425.042,0,-0.0619838929385032,-63.07452925811276,-32.53978845604401,-30.53474080206876,99.91727046343507,0.1386962171809689,0.0593652034973803,0.0211480159576016,35.487902465630114,40300.89253535,1.8768574619694365,0.1,-0.0221406115411046,-0.0111369364452578
2025-11-14 08:00:00,3215.61,3219.46,3117.03,3144.61,33006.199535,-0.0221406115411046,-0.0223893938657823,3203.582,3402.0620000000004,3418.632,0,-0.1140945458643226,-74.40619819793392,-40.91307040442199,-33.49312779351193,100.09675114461828,0.1481183949502907,-0.0109107593517698,0.021142718833987,32.08904710403833,39998.39110615,0.8251881793796725,0.05,0.0165902925959022,0.0033765030988687
2025-11-14 12:00:00,3144.79,3235.2,3070.32,3196.78,94381.934275,0.0165902925959022,0.0164541770925916,3203.394,3384.672,3413.4533333333334,0,-0.0674966527330908,-78.27464311434142,-48.38538494640587,-29.889258167935544,104.7241260628598,0.1525355963718147,0.1360677887635638,0.0216014111170379,36.86078986949301,43410.06893535,2.174194526517838,0.1,0.0034284498776893,-0.0026668389138584
2025-11-14 16:00:00,3196.77,3257.4,3155.09,3207.74,41685.710157,0.0034284498776893,0.0034225861419346,3198.61,3366.3555,3413.0655,0,-0.0588390625183378,-79.53915530680524,-54.61613901848576,-24.923016288319488,104.55168848694126,0.1507479046430004,0.1874393055932023,0.0214708452822565,37.848799374946935,44742.356836,0.9316833780079148,0.2,-0.0297218602505189,-0.0023034863670541
2025-11-14 20:00:00,3207.92,3213.21,3090.0,3112.4,23483.261757,-0.0297218602505189,-0.0301725065775672,3175.468,3347.9155,3410.157,0,-0.0885850578785384,-87.2289109526746,-61.13869340532353,-26.090217547351067,105.88442502358832,0.16171688562523,0.0649996187365446,0.0216768098389298,33.00981377838811,43673.5687259,0.5376996302817265,0.05,0.0214239814933812,0.0180653609687394
2025-11-15 00:00:00,3112.56,3193.95,3110.87,3179.08,16962.406435,0.0214239814933812,0.0211977139976629,3168.122,3334.022,3407.558833333333,0,-0.0793254541716019,-86.9403843395794,-66.29903159217471,-20.64135274740468,104.25553752190343,0.1651933541780418,0.218675131274437,0.0224805986054583,38.89405927041005,43089.12870835,0.3936586081795836,0.15,-0.0007171886206071,0.0075189390636144
2025-11-15 04:00:00,3179.21,3192.2,3158.52,3176.8,13056.83438,-0.0007171886206071,-0.0007174459233963,3174.5600000000004,3321.9495,3404.9861666666666,0,-0.1021093420989409,-85.90543745650348,-70.22031276504048,-15.685124691463002,99.21442769891031,0.1689790034320517,0.2414230707845929,0.0224246054496162,38.76866307435231,42445.2518339,0.3076159008572973,0.15,-0.007627171996978,0.0136101382074146
2025-11-15 08:00:00,3176.8,3178.74,3134.95,3152.57,13603.73075,-0.007627171996978,-0.0076564076249613,3165.718,3307.606,3402.148833333333,0,-0.0996515778951877,-86.04847978507405,-73.3859461690472,-12.662533616026847,95.255540006131,0.1720165378517255,0.2275112470597418,0.0223255442680641,37.3890761322362,42211.49569015,0.3222754969370681,0.15,0.010546950583175,0.0054002342398499
2025-11-15 12:00:00,3152.58,3197.3,3147.29,3185.82,13248.388661,0.010546950583175,0.0104917195067467,3161.334,3295.4815000000003,3398.612666666667,0,-0.0594004741645286,-82.52751887685918,-75.21426071060961,-7.313258166249568,92.0237157199788,0.1720772209436498,0.3066198376309823,0.02256524054564,40.51719063119887,42220.81048475001,0.31378811796579,0.3,0.0037918024244936,-0.0250351869003725
2025-11-15 16:00:00,3185.78,3231.11,3163.03,3197.9,18913.362288,0.0037918024244936,0.0037846316627055,3178.434,3277.8965,3394.330166666666,0,5.62901067011623e-05,-77.86480000145593,-75.74436856877888,-2.1204314326770515,90.31345031140889,0.1592781837589431,0.3467785899027958,0.0207384706321267,41.65764123802997,41715.1969809,0.4533926160449344,0.45,-0.0093530129147253,-0.033428280519946
2025-11-15 20:00:00,3197.91,3200.94,3152.64,3167.99,8879.680092,-0.0093530129147253,-0.0093970269978546,3176.2160000000003,3264.8875,3390.0576666666666,0,-0.0197019488436284,-75.71030743523988,-75.73755634207109,0.027248906831204,87.3124895748797,0.1566201122070631,0.3105054079308267,0.0196096831700092,39.63154453935833,39826.5628296,0.2229587356054844,0.2,0.0108775595882562,-0.022755460141839
2025-11-16 00:00:00,3168.0,3209.99,3131.77,3202.45,22803.149932,0.0108775595882562,0.0108188244828321,3181.346,3254.596,3386.212666666667,0,-0.0079489236736047,-70.41057328865782,-74.67215973138843,4.261586442730618,86.66302603381685,0.152534477785016,0.3949597142775239,0.0198708974023536,43.06721473784668,38190.6979925,0.5970864930637861,0.55,0.0053740105231931,-0.0072555095861416
2025-11-16 04:00:00,3202.41,3220.99,3186.32,3219.66,13074.702717,0.0053740105231931,0.0053596220548089,3194.764,3244.8335,3383.5315,0,0.0011972100341748,-64.08308273747662,-72.55434433260608,8.471261595129462,82.94923845997276,0.1462946698717794,0.4469698712369741,0.0199297767709866,44.75812324264,37986.35658715,0.3441947028271435,0.7,-0.0158370759645427,-0.005736419819447
2025-11-16 08:00:00,3219.66,3249.1,3160.32,3168.67,22978.485908,-0.0158370759645427,-0.0159638224288486,3191.334,3230.6175,3379.6815,0,0.0076511872696454,-62.46293392686448,-70.53606225145776,8.073128324593284,83.36572142711755,0.1356631846118573,0.3586563717233362,0.0198527038227752,40.88378447008554,36856.10496815,0.6234648487097959,0.25,-0.0198884705570475,0.0116105076919901
2025-11-16 12:00:00,3168.68,3182.72,3098.85,3105.65,26273.930068,-0.0198884705570475,-0.0200889082388471,3172.884,3208.9965,3376.4288333333334,0,-0.0285068099775399,-65.50899472850051,-69.53064874686632,4.021654018365808,83.40174132518058,0.1086124920125011,0.2034849431922283,0.0189360607574284,36.660047904974085,35297.1597429,0.7443638598509329,0.05,-0.0046012911950799,0.0055861616738243
2025-11-16 16:00:00,3105.36,3128.1,3024.71,3091.36,63758.312565,-0.0046012911950799,-0.0046119097205497,3157.558,3188.4895,3372.5215000000003,0,-0.0362809953425151,-68.28891137105302,-69.28230127170366,0.9933899006506408,84.82947408766768,0.0751226520497562,0.0944958991777516,0.0189155082876913,35.75794354674706,37162.28591135,1.7156725158698356,0.05,0.0013198074633817,-0.0341601503097678
2025-11-16 20:00:00,3091.36,3118.19,3003.01,3095.44,35264.061501,0.0013198074633817,0.0013189372830744,3136.156,3173.911,3368.855,0,-0.0054491710577047,-69.36321744289853,-69.29848450594264,-0.0647329369558917,86.99736879569141,0.0539966480500423,0.0421242514693037,0.0178938321649197,36.240360127224925,35071.6363293,1.0054866322715383,0.1,0.0263775101439536,-0.0190066476873126
2025-11-17 00:00:00,3095.36,3180.54,3069.15,3177.09,37678.788571,0.0263775101439536,0.0260356226840187,3127.6420000000003,3172.8795,3366.0606666666663,0,-0.0006259672609685,-62.9010559043968,-68.01899878563347,5.117942881236672,88.73969959599916,0.0535873043404511,0.5247638509932359,0.0145656358542162,45.12179962535907,32765.178483850003,1.149964392520307,0.5,0.0068931002898877,-0.0477987801506891
2025-11-17 04:00:00,3177.09,3208.65,3165.64,3198.99,23134.469735,0.0068931002898877,0.0068694514875975,3133.706,3171.246,3363.4015,0,0.0069850163686726,-55.3742791331556,-65.4900548551379,10.115775721982304,85.47329248199924,0.0514751888816311,0.6699578366681362,0.0144431929800426,47.24444907825409,31536.72038275,0.7335724658184218,0.75,0.0015098515468945,-0.0546522006564349
2025-11-17 08:00:00,3198.98,3223.33,3179.6,3203.82,16057.578764,0.0015098515468945,0.0015087128670619,3153.34,3170.0315,3362.4601666666663,0,0.016256577966548,-48.460886743914216,-62.08422123289317,13.623334488978948,82.491628733285,0.0497637469863977,0.7141865823666852,0.0144484108673296,47.72469391100954,30694.2009485,0.5231469876326825,0.85,-0.0259128165752133,-0.0451811076635471
2025-11-17 12:00:00,3203.94,3211.57,3094.49,3120.8,56917.455061,-0.0259128165752133,-0.0262544686423795,3159.228,3165.281,3359.512666666667,0,-0.0204091882152789,-49.11482847036086,-59.49034268038671,10.375514210025848,84.96222668090752,0.0497395826929463,0.217472885393519,0.0155370653848922,40.84249684862811,29758.1221576,1.9126695817553028,0.25,-0.0443476031786721,-0.0031474880898448
2025-11-17 16:00:00,3120.94,3142.76,2971.27,2982.4,61417.180319,-0.0443476031786721,-0.0453610337011747,3136.62,3157.1705,3351.8273333333336,0,-0.0673879733575159,-60.107918672330015,-59.61385787877538,-0.4940607935546381,91.14278191798556,0.0709307461852017,-0.2804328903723479,0.0177363958978656,32.44315775076659,31178.671196800005,1.9698459864223945,0.05,0.0164733100858369,0.0537048224593623
2025-11-17 20:00:00,2982.55,3032.07,2959.76,3031.53,37101.142173,0.0164733100858369,0.0163390970625914,3107.5080000000003,3148.9080000000004,3345.0918333333334,0,-0.0430746309173954,-64.11654582575511,-60.51439546817133,-3.602150357583781,89.79758320955803,0.0780670004515857,0.0225155418111555,0.0177297891949877,37.36728666678737,28314.6315917,1.310316966436379,0.1,-0.0024146223194229,0.0302346150413111
2025-11-18 00:00:00,3031.54,3049.99,2945.78,3024.21,64557.657055,-0.0024146223194229,-0.0024175422211492,3072.552,3139.7315,3337.9305,0,-0.0556573873128385,-67.11046686247664,-61.8336097470324,-5.276857115444244,90.82704155173244,0.0835132799052602,0.0594301546295572,0.0176750232949092,36.9353193079084,29458.228936600004,2.1914982463453923,0.1,3.967978414198825e-05,0.0165527867113375
2025-11-18 04:00:00,3024.17,3034.69,2958.1,3024.33,48342.915285,3.967978414198825e-05,3.967899692017793e-05,3036.654,3135.3280000000004,3330.8743333333337,0,-0.0606678966102011,-68.68176719765734,-63.20324123715739,-5.478525960499944,89.81011001232298,0.0893617006882473,0.1038307646924989,0.0165023378643656,36.94818732983497,30701.211613000003,1.574625649775003,0.15,0.0109809445397823,0.0203329931115068
2025-11-18 08:00:00,3024.7,3074.07,3024.7,3057.54,28459.840622,0.0109809445397823,0.010921091729927,3024.0020000000004,3129.251,3324.947333333333,0,-0.0350714968740828,-66.48091398792485,-63.85877578731088,-2.622138200613968,86.94795929715707,0.091072382904761,0.2483721661309603,0.0158995704876445,40.56275668888972,31276.08332235,0.909955390790972,0.25,0.0161208029984889,0.0088042596616948
2025-11-18 12:00:00,3057.7,3124.12,3021.87,3106.83,50366.994395,0.0161208029984889,0.0159922426772392,3048.888,3125.7525,3320.437166666667,0,0.0003799526669134,-60.06701572972497,-63.1004237757937,3.033408046068729,88.040962204503,0.0902704236819586,0.4329376997255209,0.0163993003532958,45.55179857849659,33141.5913231,1.519751840035929,0.45,0.0125047073705351,-0.0430299024422087
2025-11-18 16:00:00,3106.8,3170.09,3099.12,3145.68,32937.353633,0.0125047073705351,0.0124271692425988,3071.718,3125.408,3316.3751666666667,0,0.0175715542673773,-51.25821207182253,-60.73198143499947,9.473769363176942,86.82160776132423,0.0901330913779089,0.5719623954250658,0.0165868468496734,49.1731336825861,34108.27246725,0.9656705324089842,0.55,-0.0069968973322143,-0.0862914741933016
2025-11-18 20:00:00,3145.8,3150.47,3096.66,3123.67,11307.047383,-0.0069968973322143,-0.0070214904022831,3091.61,3122.3005000000003,3311.739833333333,0,0.0091198666425451,-45.52837203133686,-57.69125955426695,12.162887522930092,84.46363577837249,0.0884593641737895,0.5049584224422617,0.0164644335245389,47.25556113518147,34011.205403349995,0.3324506511576414,0.55,-0.0160964506493964,-0.0293825405790898
2025-11-19 00:00:00,3123.68,3126.72,3070.01,3073.39,20897.489612,-0.0160964506493964,-0.0162274056866937,3101.422,3116.075,3306.691,0,-0.032639931509652,-44.531279440856,-55.05926353158476,10.527984090728763,82.48123322277442,0.0867104838964774,0.3420223046482618,0.0167668661921611,43.11888648722061,34110.41176955,0.6126425489432222,0.3,0.0038198861843112,-0.0088507673112007
2025-11-19 04:00:00,3073.32,3088.05,2992.5,3085.13,39967.707714,0.0038198861843112,0.0038126089453432,3106.94,3111.932,3301.064,0,-0.0355924838777238,-42.30607835781939,-52.50862649683169,10.2025481390123,83.41471656400483,0.0858303097980051,0.3996548412690445,0.0167152215912648,44.34397684705427,35664.81315064999,1.1206481734580904,0.35,-0.0005477889100297,-0.0124962614820082
2025-11-19 08:00:00,3085.11,3112.59,3053.33,3083.44,25524.824674,-0.0005477889100297,-0.0005479390011893,3102.262,3105.9815000000003,3295.309666666667,0,-0.0375738961614573,-40.215381459625405,-50.04997748939044,9.83459602976503,81.68937966657593,0.0820014155958762,0.4114960614190256,0.0164745879267312,44.19640948540601,35800.89688775,0.712966067694629,0.35,-0.0357133591054147,-0.0172484074331141
2025-11-19 12:00:00,3083.43,3108.52,2967.03,2973.32,45952.786109,-0.0357133591054147,-0.0363666832436184,3067.79,3093.6645,3286.276833333334,0,-0.0472571135606254,-46.90357754839397,-49.42069750119114,2.5171199527971737,85.96085254753477,0.0831573322072082,0.0322083290341443,0.0180266410604238,35.82956978002528,37444.80105734999,1.22721405405838,0.05,-0.0307568643805578,-0.003929253814627
2025-11-19 16:00:00,2973.31,2987.19,2872.78,2881.87,55934.574658,-0.0307568643805578,-0.031239784613059,3019.4300000000003,3079.3245,3274.641666666667,0,-0.0337077521459228,-58.90426020998348,-51.31741004294961,-7.586850167033866,87.99293450842514,0.0997124542836226,-0.1430758085693938,0.0188406261538006,30.641695501550004,39092.60549485,1.4308223754839962,0.05,0.0499120362819975,-0.009618881801721
2025-11-19 20:00:00,2881.88,3028.21,2874.5,3025.71,40208.76459,0.0499120362819975,0.0487063856905871,3009.894,3075.3275000000003,3265.3450000000003,0,-0.0019198226638035,-56.16081488547388,-52.28609101145448,-3.874723874019409,92.6870106149662,0.1006277008244087,0.33966587844893,0.0220445781494607,44.30219495294599,39789.34722095,1.0105409462166086,0.3,0.0044353226184927,-0.064432414163575
2025-11-20 00:00:00,3025.63,3058.17,3004.81,3039.13,25429.194007,0.0044353226184927,0.004425515562739,3000.6940000000004,3072.716,3255.5393333333336,0,0.0049335198283189,-52.30084131344529,-52.28904107185264,-0.0118002415926454,89.8779384281829,0.1010981555767077,0.3918833378620168,0.0220610316280872,45.38301491670012,37872.89129305,0.6714352440175718,0.4,0.0001743920135037,-0.0776499113317562
2025-11-20 04:00:00,3039.04,3063.69,3007.21,3039.66,22673.073006,0.0001743920135037,0.0001743768089842,2991.938,3069.927,3246.048666666667,0,0.0050688912916248,-48.63834530899658,-51.55890191928144,2.920556610284862,87.49237139759842,0.1013663260070071,0.4027370086308851,0.0220572173222824,45.42805433288251,37243.3418683,0.6087819156018968,0.45,-0.0052999348611356,-0.1093984545452201
2025-11-20 08:00:00,3039.66,3045.0,2993.37,3023.55,20675.824961,-0.0052999348611356,-0.0053140293378311,3001.984,3062.25,3236.27,0,-0.0111167801565964,-46.49971345013773,-50.5470642254527,4.047350775314968,84.93077344062712,0.0971078535371162,0.3698584523501706,0.0211300888915888,44.23399596188056,36393.1936878,0.5681234007206987,0.2,-0.0223942054869276,-0.1158461010643885
2025-11-20 12:00:00,3023.59,3050.0,2952.25,2955.84,50015.689664,-0.0223942054869276,-0.0226487632981331,3016.778,3050.0925,3226.8708333333334,0,-0.0485993762130531,-49.69560343593048,-50.37677206754826,0.6811686316177799,85.84643248058234,0.0928271410748713,0.1671068237018351,0.0214743259501131,39.53093639180325,37737.25468425,1.3253664073469158,0.1,-0.0364464923676518,-0.0872888367364282
2025-11-20 16:00:00,2955.75,2961.34,2788.2,2848.11,110538.989722,-0.0364464923676518,-0.0371272580227451,2981.2580000000003,3032.307,3215.026166666667,0,-0.0945963988708322,-60.22702033721043,-52.34682172148069,-7.880198615729739,92.08168730339791,0.0982916167071314,-0.1180063047658216,0.0226332412049975,33.43910967986561,42461.32523215,2.603286381610726,0.05,-0.0049014960798564,-0.0333831828373386
2025-11-20 20:00:00,2847.94,2905.81,2819.55,2834.15,29138.345212,-0.0049014960798564,-0.0049135478088963,2940.262,3017.9745,3202.7968333333333,0,-0.0926858470965242,-68.90540086855844,-55.65853755089624,-13.246863317662203,91.66585249601232,0.1102425600654868,-0.052507957733639,0.0221238037819697,32.73513344778233,41072.3697397,0.7094391046016336,0.05,-0.0087821745496885,-0.0235623436387496
2025-11-21 00:00:00,2834.04,2886.66,2772.68,2809.26,45777.160857,-0.0087821745496885,-0.0088209651219768,2894.182,3009.3175,3189.516666666667,0,-0.0859409316747954,-76.9049821866397,-59.90782647804494,-16.99715570859476,93.2597201748686,0.1258072100061022,-0.0284224927913507,0.020094808441711,31.46329582998854,40290.3687666,1.136181232844621,0.05,-0.0315741511999602,-0.0196428920693137
2025-11-21 04:00:00,2809.14,2833.0,2649.2,2720.56,95495.359729,-0.0315741511999602,-0.0320833619985059,2833.584,2993.769,3175.7830000000004,0,-0.118170060905051,-89.37183384967648,-65.80062795237124,-23.57120589730524,99.72688301952088,0.1515228844679818,-0.1022800606688462,0.0205372843417491,27.3806254212446,43210.0796444,2.2100250801406736,0.05,-0.011747581380304,0.0133299926410317
2025-11-21 08:00:00,2720.64,2754.8,2663.54,2688.6,54418.578558,-0.011747581380304,-0.0118171294319687,2780.136,2976.9885000000004,3161.025166666667,0,-0.1280517863165815,-100.67034345633238,-72.77457105316347,-27.895772403168905,99.12210566098368,0.1761625846275386,-0.0499042897435205,0.0205767335539889,26.06807238836211,42703.12571954999,1.2743464943383884,0.05,0.0061630588410326,0.0173426791970397
2025-11-21 12:00:00,2688.56,2781.12,2622.87,2705.17,97983.286349,0.0061630588410326,0.0061441448660727,2751.548,2961.0305,3148.0913333333333,0,-0.0901853819972287,-107.05338837942418,-79.63033451841562,-27.423053861008555,103.34552668519916,0.1934968381291489,0.0534331400195136,0.0207111761428411,27.995307576698607,45185.14427275,2.168484530170931,0.1,0.0174591615314378,0.0034977752506698
2025-11-21 16:00:00,2705.47,2806.7,2675.3,2752.4,54088.757604,0.0174591615314378,0.0173085014420997,2735.198,2945.7735,3136.348833333333,0,-0.0449256906106103,-107.06673253991583,-85.11761412271568,-21.949118417200168,105.34941763625632,0.2013821748917194,0.1740307899020849,0.0210283743191149,33.33004410464558,46466.59012185,1.164035438412035,0.2,0.0049193431187326,0.0011168989336472
2025-11-21 20:00:00,2752.04,2776.32,2708.42,2765.94,19985.809728,0.0049193431187326,0.0049072826871347,2726.534,2928.7290000000003,3125.477,0,-0.0858542292552821,-104.77693970223936,-89.04947923862042,-15.72746046361894,102.6744592336666,0.2026900967317418,0.2257710266172645,0.0205796797167326,34.82093446805571,44947.5308885,0.4446475553368705,0.25,-0.0048627229802526,0.0011168989336472
2025-11-22 00:00:00,2765.94,2784.08,2739.25,2752.49,12171.848895,-0.0048627229802526,-0.0048745844860779,2732.92,2909.0695,3114.027833333333,0,-0.0943164655674486,-102.86183773879202,-91.81195093865476,-11.049886800137273,98.54271214554754,0.1984854343470682,0.2288234302054962,0.0201374873771275,34.0073975944935,43909.2556516,0.2772046283721612,0.25,0.0013987335103853,0.0011168989336472
2025-11-22 04:00:00,2752.47,2770.84,2727.0,2756.34,14765.617307,0.0013987335103853,0.0013977561938995,2746.468,2890.703,3102.8283333333334,0,-0.093207792976846,-99.8820645453352,-93.42597365999085,-6.456090885344366,94.63537556372272,0.1925537364971249,0.2586072244285322,0.0202131115052732,34.47928520554629,44082.1841478,0.3349565724214893,0.3,-0.007734894824296,0.0011168989336472
2025-11-22 08:00:00,2756.35,2756.76,2704.23,2735.02,16357.420068,-0.007734894824296,-0.0077649642796768,2752.438,2873.7845,3089.252,0,-0.0954275603181691,-98.10996800293653,-94.36277252857997,-3.7471954743565448,91.62784873774255,0.1899345209437287,0.2457738202453595,0.0200802428021148,33.06909783239188,43855.1806706,0.3729871777490093,0.2,-0.0076818451053373,0.0011168989336472
2025-11-22 12:00:00,2734.91,2735.84,2713.34,2714.01,2272.685359,-0.0076818451053373,-0.0077115024571989,2744.76,2855.2285,3077.3493333333336,0,-0.0818143065930496,-97.27952235857356,-94.94612249457867,-2.3333998639948703,86.69014525647523,0.1843681742739001,0.2317345340497235,0.0199598813757476,31.69343678791576,41970.42955285,0.0541496806969342,0.15,-0.0094711917916338,0.0011168989336472
